nmbr,location,lat,lon,carrington_lo,area,z_class,ll,nn,mag_type,date
9751,N04W64,4,64,142,190,Eai,12,17,Beta-Gamma,2002-01-01
9753,S17W60,-17,60,138,60,Dso,9,10,Beta,2002-01-01
9754,S08W42,-8,42,120,70,Eai,11,20,Beta-Gamma,2002-01-01
9755,S04W16,-4,16,94,140,Dso,4,10,Beta,2002-01-01
9756,S29E08,-29,-8,70,30,Cao,3,4,Beta,2002-01-01
9761,N11E08,11,-8,70,40,Hsx,2,1,Alpha,2002-01-01
9763,N07E20,7,-20,58,40,Hsx,2,1,Alpha,2002-01-01
9764,N15W24,15,24,102,70,Dao,6,11,Beta,2002-01-01
9765,N06E36,6,-36,42,120,Dso,6,6,Beta,2002-01-01
9766,N05E48,5,-48,30,20,Cso,4,2,Beta,2002-01-01
9767,S23E60,-23,-60,18,510,Eki,13,17,Beta-Gamma,2002-01-01
9751,N03W77,3,77,142,150,Eai,14,12,Beta-Gamma,2002-01-02
9753,S17W73,-17,73,138,70,Cso,10,7,Beta,2002-01-02
9754,S07W55,-7,55,120,100,Dai,9,19,Beta,2002-01-02
9755,S08W29,-8,29,94,140,Dso,5,12,Beta,2002-01-02
9756,S28W05,-28,5,70,20,Hsx,1,1,Alpha,2002-01-02
9761,N10W05,10,5,70,50,Hsx,2,1,Alpha,2002-01-02
9763,N06E07,6,-7,58,40,Hsx,2,1,Alpha,2002-01-02
9764,N14W37,14,37,102,170,Dao,8,14,Beta,2002-01-02
9765,N06E24,6,-24,41,80,Dso,4,7,Beta,2002-01-02
9766,N04E35,4,-35,30,20,Hrx,1,1,Alpha,2002-01-02
9767,S23E49,-23,-49,16,510,Ehi,14,22,Beta-Gamma,2002-01-02
9768,S06W15,-6,15,80,10,Bxo,3,5,Beta,2002-01-02
9751,N04W89,4,89,141,80,Dao,9,4,Beta,2002-01-03
9754,S07W68,-7,68,120,175,Eai,11,17,Beta,2002-01-03
9755,S04W42,-4,42,94,90,Dso,5,6,Beta,2002-01-03
9761,N11W18,11,18,70,30,Cso,4,2,Beta,2002-01-03
9763,N06W06,6,6,58,40,Hsx,2,1,Alpha,2002-01-03
9764,N14W50,14,50,102,200,Dao,9,14,Beta,2002-01-03
9765,N06E11,6,-11,41,80,Dso,4,5,Beta,2002-01-03
9766,N04E21,4,-21,31,0,Axx,0,1,Alpha,2002-01-03
9767,S23E36,-23,-36,16,410,Eai,14,37,Beta-Gamma,2002-01-03
9768,S06W28,-6,28,80,30,Dso,6,7,Beta,2002-01-03
9769,S19W33,-19,33,85,30,Dso,4,4,Beta,2002-01-03
9770,N08W29,8,29,81,30,Cso,4,8,Beta,2002-01-03
9771,S20E17,-20,-17,35,10,Bxo,5,5,Beta,2002-01-03
9754,S05W81,-5,81,121,160,Eao,11,10,Beta,2002-01-04
9755,S04W55,-4,55,95,70,Cso,5,4,Beta,2002-01-04
9761,N11W31,11,31,71,20,Hsx,2,3,Alpha,2002-01-04
9763,N07W20,7,20,59,50,Hsx,2,1,Alpha,2002-01-04
9764,N14W64,14,64,104,170,Dao,10,7,Beta,2002-01-04
9765,N06W03,6,3,43,70,Cso,3,4,Beta,2002-01-04
9766,N07E08,7,-8,32,10,Bxo,3,2,Beta,2002-01-04
9767,S23E23,-23,-23,17,310,Eai,14,39,Beta-Gamma,2002-01-04
9768,S07W43,-7,43,83,40,Cso,7,5,Beta,2002-01-04
9769,S19W45,-19,45,85,60,Dso,6,5,Beta,2002-01-04
9770,N09W41,9,41,81,50,Cso,4,9,Beta,2002-01-04
9771,S20E05,-20,-5,35,40,Cro,7,9,Beta,2002-01-04
9772,S18E83,-18,-83,317,120,Hax,2,1,Alpha,2002-01-04
9754,S07W92,-7,92,119,20,Cso,2,5,Beta,2002-01-05
9755,S03W71,-3,71,98,90,Hsx,2,2,Alpha,2002-01-05
9761,N11W45,11,45,72,10,Hsx,1,1,Alpha,2002-01-05
9763,N06W34,6,34,61,20,Hsx,2,3,Alpha,2002-01-05
9764,N14W80,14,80,107,170,Dao,10,6,Beta,2002-01-05
9765,N06W16,6,16,43,70,Cso,7,9,Beta,2002-01-05
9767,S22E08,-22,-8,19,340,Fki,17,51,Beta-Gamma,2002-01-05
9768,S06W58,-6,58,85,50,Dso,5,11,Beta,2002-01-05
9769,S19W61,-19,61,88,170,Dso,5,2,Beta,2002-01-05
9770,N07W55,7,55,82,50,Cso,5,8,Beta,2002-01-05
9771,S20W10,-20,10,37,60,Cso,9,13,Beta,2002-01-05
9772,S16E65,-16,-65,322,60,Hax,2,1,Alpha,2002-01-05
9773,N14E64,14,-64,323,80,Cso,7,6,Beta,2002-01-05
9755,S05W83,-5,83,96,60,Hsx,2,1,Alpha,2002-01-06
9761,N12W56,12,56,69,20,Hsx,1,1,Alpha,2002-01-06
9763,N06W45,6,45,58,10,Hsx,1,1,Alpha,2002-01-06
9764,N13W89,13,89,102,90,Dao,6,3,Beta,2002-01-06
9765,N07W25,7,25,38,70,Cso,7,3,Beta,2002-01-06
9767,S22W03,-22,3,16,320,Fki,17,34,Beta-Gamma,2002-01-06
9768,S04W70,-4,70,83,160,Dso,8,12,Beta,2002-01-06
9769,S18W72,-18,72,85,90,Dso,5,3,Beta,2002-01-06
9770,N07W62,7,62,75,90,Cso,6,10,Beta,2002-01-06
9771,S23W20,-23,20,33,30,Dso,4,4,Beta,2002-01-06
9772,S17E52,-17,-52,321,50,Hsx,2,1,Alpha,2002-01-06
9773,N13E52,13,-52,321,130,Dso,8,8,Beta,2002-01-06
9761,N10W70,10,70,70,10,Axx,1,1,Alpha,2002-01-07
9763,N06W59,6,59,59,20,Hrx,1,1,Alpha,2002-01-07
9765,N06W41,6,41,41,70,Hsx,1,1,Alpha,2002-01-07
9767,S22W17,-22,17,17,280,Fai,16,29,Beta-Gamma,2002-01-07
9768,S05W84,-5,84,84,220,Dao,9,6,Beta-Gamma,2002-01-07
9769,S18W88,-18,88,88,30,Hsx,1,1,Alpha,2002-01-07
9771,S23W34,-23,34,34,10,Bxo,9,5,Beta,2002-01-07
9772,S17E38,-17,-38,322,70,Hsx,2,1,Alpha,2002-01-07
9773,N13E36,13,-36,324,140,Dao,7,8,Beta,2002-01-07
9761,N09W83,9,83,70,10,Axx,1,1,Alpha,2002-01-08
9763,N05W73,5,73,60,10,Axx,1,1,Alpha,2002-01-08
9765,N06W54,6,54,41,70,Cso,11,2,Beta,2002-01-08
9767,S22W30,-22,30,17,250,Fai,16,28,Beta-Gamma,2002-01-08
9771,S21W49,-21,49,36,10,Bxo,7,6,Beta,2002-01-08
9772,S17E24,-17,-24,323,60,Hsx,1,1,Alpha,2002-01-08
9773,N12E22,12,-22,325,120,Dao,8,13,Beta,2002-01-08
9774,N12W37,12,37,24,10,Bxo,4,2,Beta,2002-01-08
9775,S06E37,-6,-37,310,20,Cro,3,3,Beta,2002-01-08
9776,N10E59,10,-59,288,10,Axx,0,1,Alpha,2002-01-08
9765,N06W71,6,71,45,70,Hsx,2,1,Alpha,2002-01-09
9767,S21W43,-21,43,17,160,Eao,14,16,Beta-Gamma,2002-01-09
9772,S16E11,-16,-11,323,60,Hsx,2,1,Alpha,2002-01-09
9773,N13E07,13,-7,327,90,Dao,8,19,Beta,2002-01-09
9775,S05E24,-5,-24,310,40,Cso,7,10,Beta,2002-01-09
9776,N11E46,11,-46,288,40,Cso,3,3,Beta,2002-01-09
9777,S06E64,-6,-64,270,10,Axx,1,1,Alpha,2002-01-09
9778,S15E67,-15,-67,267,60,Hsx,2,1,Alpha,2002-01-09
9779,N28E65,28,-65,269,150,Hsx,3,1,Alpha,2002-01-09
9765,N07W86,7,86,47,40,Hsx,2,1,Alpha,2002-01-10
9767,S18W61,-18,61,22,170,Dao,10,6,Beta,2002-01-10
9772,S16W02,-16,2,323,60,Hsx,1,1,Alpha,2002-01-10
9773,N14W05,14,5,326,300,Eai,11,27,Beta-Gamma-Delta,2002-01-10
9775,S05E11,-5,-11,310,80,Dso,9,15,Beta,2002-01-10
9776,N11E32,11,-32,289,70,Dso,6,4,Beta,2002-01-10
9778,S16E58,-16,-58,263,170,Eao,11,9,Beta,2002-01-10
9779,N28E53,28,-53,268,170,Cao,9,3,Beta,2002-01-10
9780,S11W49,-11,49,10,30,Dso,4,3,Beta,2002-01-10
9767,S17W73,-17,73,20,120,Cao,5,4,Beta,2002-01-11
9772,S16W14,-16,14,321,40,Hsx,2,1,Alpha,2002-01-11
9773,N14W17,14,17,324,510,Eac,14,44,Beta-Gamma-Delta,2002-01-11
9775,S05W03,-5,3,310,80,Dso,7,17,Beta,2002-01-11
9776,N10E19,10,-19,288,40,Cso,7,4,Beta,2002-01-11
9778,S17E45,-17,-45,262,220,Eai,15,21,Beta,2002-01-11
9779,N28E40,28,-40,267,100,Cao,4,2,Beta,2002-01-11
9780,S11W62,-11,62,9,50,Dso,5,6,Beta,2002-01-11
9767,S18W87,-18,87,21,90,Cao,9,3,Beta,2002-01-12
9772,S16W28,-16,28,322,60,Hsx,2,2,Alpha,2002-01-12
9773,N14W32,14,32,326,570,Eki,15,28,Beta-Gamma-Delta,2002-01-12
9775,S05W16,-5,16,310,140,Dao,8,16,Beta,2002-01-12
9776,N11E04,11,-4,290,30,Cso,7,4,Beta,2002-01-12
9778,S16E33,-16,-33,261,180,Eai,13,26,Beta,2002-01-12
9779,N28E27,28,-27,267,120,Cso,7,5,Beta,2002-01-12
9780,S10W78,-10,78,12,40,Cso,6,3,Beta,2002-01-12
9781,S06E64,-6,-64,230,90,Hsx,2,1,Alpha,2002-01-12
9782,N09E73,9,-73,221,160,Dao,10,7,Beta,2002-01-12
9772,S16W41,-16,41,322,60,Hsx,2,2,Alpha,2002-01-13
9773,N15W46,15,46,327,500,Fki,16,16,Beta-Gamma-Delta,2002-01-13
9775,S05W30,-5,30,311,140,Eao,12,19,Beta-Gamma,2002-01-13
9776,N11W13,11,13,294,20,Cso,6,5,Beta,2002-01-13
9778,S16E21,-16,-21,260,140,Eai,12,20,Beta-Gamma,2002-01-13
9779,N29E13,29,-13,268,120,Cso,6,3,Beta,2002-01-13
9780,S10W93,-10,93,14,30,Hsx,1,1,Alpha,2002-01-13
9781,S05E52,-5,-52,229,80,Hsx,2,1,Alpha,2002-01-13
9782,N09E62,9,-62,219,320,Dao,10,6,Beta,2002-01-13
9783,S10E76,-10,-76,205,90,Hax,3,1,Alpha,2002-01-13
9772,S17W54,-17,54,322,30,Hsx,1,1,Alpha,2002-01-14
9773,N16W57,16,57,325,530,Fki,16,15,Beta-Gamma-Delta,2002-01-14
9775,S05W43,-5,43,311,180,Eao,14,22,Beta-Gamma,2002-01-14
9776,N11W26,11,26,294,20,Cso,4,3,Beta,2002-01-14
9778,S16E09,-16,-9,259,140,Eai,13,18,Beta-Gamma-Delta,2002-01-14
9779,N30E02,30,-2,266,130,Hsx,2,1,Alpha,2002-01-14
9781,S05E39,-5,-39,229,60,Hsx,2,1,Alpha,2002-01-14
9782,N08E48,8,-48,220,280,Dao,8,10,Beta,2002-01-14
9783,S11E65,-11,-65,203,160,Hax,3,2,Alpha,2002-01-14
9784,S29E58,-29,-58,210,10,Axx,1,1,Alpha,2002-01-14
9785,N12E53,12,-53,215,110,Cao,7,6,Beta,2002-01-14
9772,S17W67,-17,67,322,30,Hsx,2,1,Alpha,2002-01-15
9773,N16W70,16,70,325,460,Fki,17,12,Beta-Gamma-Delta,2002-01-15
9775,S06W57,-6,57,312,220,Fai,16,21,Beta-Gamma,2002-01-15
9776,N10W40,10,40,295,10,Cso,3,3,Beta,2002-01-15
9778,S16W05,-16,5,260,120,Eai,12,24,Beta,2002-01-15
9779,N29W12,29,12,267,100,Hsx,3,1,Alpha,2002-01-15
9781,S04E25,-4,-25,230,60,Hsx,3,1,Alpha,2002-01-15
9782,N07E33,7,-33,222,240,Dao,5,9,Beta-Delta,2002-01-15
9783,S11E52,-11,-52,203,140,Hsx,3,2,Alpha,2002-01-15
9784,S28E44,-28,-44,211,0,Axx,0,1,Alpha,2002-01-15
9785,N11E41,11,-41,214,200,Dao,7,6,Beta-Gamma,2002-01-15
9772,S17W81,-17,81,323,30,Hsx,1,1,Alpha,2002-01-16
9773,N16W82,16,82,324,260,Eao,13,7,Beta-Gamma,2002-01-16
9775,S06W69,-6,69,311,280,Fki,16,14,Beta-Gamma-Delta,2002-01-16
9776,N08W50,8,50,292,10,Cso,2,2,Beta,2002-01-16
9778,S15W18,-15,18,260,90,Dao,10,11,Beta,2002-01-16
9779,N29W24,29,24,266,110,Hsx,2,1,Alpha,2002-01-16
9781,S05E13,-5,-13,229,60,Hsx,2,1,Alpha,2002-01-16
9782,N06E20,6,-20,222,220,Dao,5,11,Beta-Delta,2002-01-16
9783,S11E42,-11,-42,202,260,Hkx,3,2,Alpha,2002-01-16
9785,N11E28,11,-28,214,190,Dao,6,5,Beta-Gamma,2002-01-16
9775,S06W86,-6,86,314,160,Eao,11,6,Beta-Gamma,2002-01-17
9778,S14W35,-14,35,263,40,Dao,6,9,Beta,2002-01-17
9779,N29W38,29,38,266,110,Hsx,3,2,Alpha,2002-01-17
9781,S05W01,-5,1,229,80,Hax,2,2,Alpha,2002-01-17
9782,N06E05,6,-5,223,260,Dao,8,16,Beta,2002-01-17
9783,S12E25,-12,-25,203,170,Cao,5,6,Beta,2002-01-17
9785,N10E14,10,-14,214,180,Dao,8,7,Beta,2002-01-17
9786,S26E07,-26,-7,221,30,Dso,6,3,Beta,2002-01-17
9778,S14W50,-14,50,265,20,Cso,3,3,Beta,2002-01-18
9779,N29W53,29,53,268,120,Cso,4,3,Beta,2002-01-18
9781,S04W14,-4,14,229,100,Hsx,1,1,Alpha,2002-01-18
9782,N06W08,6,8,223,270,Dko,6,10,Beta,2002-01-18
9783,S12E12,-12,-12,203,210,Cao,4,5,Beta,2002-01-18
9785,N10E01,10,-1,214,250,Dao,7,12,Beta,2002-01-18
9786,S26W06,-26,6,221,50,Dso,6,7,Beta,2002-01-18
9787,S08E85,-8,-85,130,120,Hhx,5,1,Alpha,2002-01-18
9778,S14W62,-14,62,264,10,Bxo,3,3,Beta,2002-01-19
9779,N29W64,29,64,266,90,Hax,2,2,Alpha,2002-01-19
9781,S05W28,-5,28,230,80,Hsx,2,1,Alpha,2002-01-19
9782,N06W22,6,22,224,200,Dao,4,10,Beta,2002-01-19
9783,S11E01,-11,-1,201,180,Cao,7,6,Beta,2002-01-19
9785,N09W14,9,14,216,180,Dso,7,11,Beta,2002-01-19
9786,S26W19,-26,19,221,30,Cso,6,15,Beta,2002-01-19
9787,S07E71,-7,-71,131,210,Hax,4,2,Alpha,2002-01-19
9788,N16E52,16,-52,150,30,Cro,1,2,Beta,2002-01-19
9789,N15E10,15,-10,192,20,Bxo,4,4,Beta,2002-01-19
9779,N28W77,28,77,266,70,Hsx,2,1,Alpha,2002-01-20
9781,S05W42,-5,42,231,80,Hsx,2,1,Alpha,2002-01-20
9782,N07W35,7,35,224,140,Dao,5,7,Beta,2002-01-20
9783,S11W12,-11,12,201,140,Dao,5,5,Beta,2002-01-20
9785,N09W26,9,26,215,120,Dao,5,7,Beta,2002-01-20
9786,S25W32,-25,32,221,90,Dao,8,12,Beta,2002-01-20
9787,S07E59,-7,-59,130,360,Cko,10,6,Beta,2002-01-20
9788,N17E40,17,-40,149,80,Dso,7,8,Beta,2002-01-20
9789,N15W02,15,2,191,20,Bxo,3,5,Beta,2002-01-20
9790,N28E25,28,-25,164,10,Hsx,1,1,Alpha,2002-01-20
9779,N27W90,27,90,266,30,Hsx,2,2,Alpha,2002-01-21
9781,S04W55,-4,55,231,60,Hsx,2,2,Alpha,2002-01-21
9782,N08W48,8,48,224,140,Cao,5,3,Beta,2002-01-21
9783,S11W25,-11,25,201,130,Cao,4,6,Beta,2002-01-21
9785,N11W39,11,39,215,110,Dao,7,6,Beta,2002-01-21
9786,S25W45,-25,45,221,80,Dao,8,6,Beta,2002-01-21
9787,S07E46,-7,-46,130,420,Cko,10,6,Beta,2002-01-21
9788,N17E27,17,-27,149,90,Dso,7,16,Beta,2002-01-21
9789,N15W15,15,15,191,20,Cso,3,7,Beta,2002-01-21
9790,N28E12,28,-12,164,0,Axx,0,1,Alpha,2002-01-21
9791,S03W19,-3,19,195,30,Cso,4,9,Beta,2002-01-21
9792,N07E23,7,-23,153,10,Bxo,3,2,Beta,2002-01-21
9793,S15E32,-15,-32,144,20,Cro,5,5,Beta,2002-01-21
9794,N11E65,11,-65,111,10,Axx,1,1,Alpha,2002-01-21
9781,S04W69,-4,69,231,70,Hsx,2,1,Alpha,2002-01-22
9782,N07W62,7,62,224,80,Hax,2,1,Alpha,2002-01-22
9783,S11W39,-11,39,201,130,Cao,5,5,Beta,2002-01-22
9785,N10W53,10,53,215,100,Dso,4,6,Beta,2002-01-22
9786,S25W59,-25,59,221,70,Dso,9,4,Beta,2002-01-22
9787,S07E32,-7,-32,130,430,Eko,11,7,Beta,2002-01-22
9788,N18E13,18,-13,149,160,Dai,8,14,Beta,2002-01-22
9789,N17W29,17,29,191,70,Dso,5,10,Beta,2002-01-22
9790,N28W02,28,2,164,100,Bxo,4,3,Beta,2002-01-22
9791,S03W33,-3,33,195,120,Dso,4,6,Beta,2002-01-22
9793,S15E19,-15,-19,143,50,Dso,6,8,Beta,2002-01-22
9794,N11E51,11,-51,111,20,Bxo,4,2,Beta,2002-01-22
9781,S06W82,-6,82,231,50,Hsx,1,1,Alpha,2002-01-23
9782,N08W75,8,75,224,90,Hsx,2,1,Alpha,2002-01-23
9783,S10W52,-10,52,201,140,Dao,4,10,Beta,2002-01-23
9785,N13W66,13,66,215,90,Dso,3,2,Beta,2002-01-23
9786,S26W73,-26,73,222,50,Hsx,1,1,Alpha,2002-01-23
9787,S06E19,-6,-19,130,400,Dko,7,13,Beta-Gamma,2002-01-23
9788,N18E00,18,0,149,200,Dai,10,18,Beta-Gamma,2002-01-23
9789,N18W42,18,42,191,10,Cro,4,4,Beta,2002-01-23
9790,N29W15,29,15,164,10,Cso,3,3,Beta,2002-01-23
9791,S02W46,-2,46,195,70,Dao,6,10,Beta,2002-01-23
9793,S12E01,-12,-1,144,20,Cso,4,5,Beta,2002-01-23
9781,S03W95,-3,95,231,30,Hax,2,1,Alpha,2002-01-24
9782,N08W88,8,88,224,60,Hax,2,1,Alpha,2002-01-24
9783,S11W65,-11,65,201,140,Dao,5,8,Beta,2002-01-24
9784,S28W73,-28,73,211,30,Cao,4,3,Beta,2002-01-24
9785,N31W79,31,79,215,80,Hsx,2,1,Alpha,2002-01-24
9786,S24W86,-24,86,222,60,Hax,2,1,Alpha,2002-01-24
9787,S07E06,-7,-6,130,440,Dki,8,10,Beta-Gamma,2002-01-24
9788,N17W14,17,14,150,170,Eai,11,20,Beta-Gamma,2002-01-24
9789,N26W55,26,55,191,10,Hrx,1,1,Alpha,2002-01-24
9790,N29W28,29,28,164,0,Axx,0,1,Alpha,2002-01-24
9791,S02W59,-2,59,195,60,Dso,7,5,Beta,2002-01-24
9792,S03W16,-3,16,152,10,Bxo,3,5,Beta,2002-01-24
9793,S14W10,-14,10,146,20,Cso,5,8,Beta,2002-01-24
9794,N12E23,12,-23,113,10,Hsx,1,2,Alpha,2002-01-24
9795,N23W60,23,60,199,40,Dso,4,3,Beta,2002-01-24
9796,N09E18,9,-18,118,30,Cso,5,4,Beta,2002-01-24
9797,S16E32,-16,-32,104,20,Hsx,1,2,Alpha,2002-01-24
9798,S03E42,-3,-42,94,20,Cso,6,4,Beta,2002-01-24
9799,S25E54,-25,-54,82,20,Bxo,4,2,Beta,2002-01-24
9783,S12W79,-12,79,202,170,Cao,6,6,Beta,2002-01-25
9784,S34W80,-34,80,203,50,Hsx,1,1,Alpha,2002-01-25
9785,N08W92,8,92,215,60,Hax,3,2,Alpha,2002-01-25
9787,S06W06,-6,6,129,470,Dko,10,10,Beta,2002-01-25
9788,N18W30,18,30,153,150,Eao,12,10,Beta,2002-01-25
9791,S04W78,-4,78,201,40,Hsx,2,1,Alpha,2002-01-25
9793,S14W23,-14,23,146,30,Dso,4,4,Beta,2002-01-25
9794,N13E10,13,-10,113,10,Hsx,0,1,Alpha,2002-01-25
9795,N21W80,21,80,203,100,Dso,9,4,Beta,2002-01-25
9796,N09E03,9,-3,120,20,Cro,7,5,Beta,2002-01-25
9798,S02E30,-2,-30,93,50,Cro,6,7,Beta,2002-01-25
9799,S23E43,-23,-43,80,30,Cso,4,2,Beta,2002-01-25
9783,S12W90,-12,90,200,60,Hax,3,1,Alpha,2002-01-26
9784,S34W90,-34,90,200,50,Bxo,1,2,Beta,2002-01-26
9787,S09W21,-9,21,131,400,Dko,6,8,Beta,2002-01-26
9788,N17W43,17,43,153,120,Dao,6,11,Beta,2002-01-26
9790,N28W55,28,55,165,10,Bxo,3,3,Beta,2002-01-26
9793,S14W38,-14,38,148,10,Cso,4,3,Beta,2002-01-26
9794,N13W03,13,3,113,90,Dao,4,4,Beta,2002-01-26
9795,N18W86,18,86,196,30,Hax,1,1,Alpha,2002-01-26
9796,N09W08,9,8,118,40,Cao,5,6,Beta,2002-01-26
9798,S02E15,-2,-15,95,60,Cao,4,9,Beta,2002-01-26
9799,S23E29,-23,-29,81,70,Cao,4,5,Beta,2002-01-26
9800,N07E63,7,-63,47,130,Dao,8,10,Beta,2002-01-26
9801,S03E77,-3,-77,33,50,Cso,6,3,Beta,2002-01-26
9787,S09W33,-9,33,130,410,Dko,10,12,Beta,2002-01-27
9788,N15W57,15,57,154,190,Dao,10,17,Beta,2002-01-27
9790,N27W69,27,69,166,10,Axx,1,1,Alpha,2002-01-27
9793,S15W50,-15,50,147,20,Hsx,1,1,Alpha,2002-01-27
9794,N12W17,12,17,114,50,Dso,5,5,Beta,2002-01-27
9797,S18W12,-18,12,109,10,Bxo,3,3,Beta,2002-01-27
9798,S01E01,-1,-1,96,10,Bxo,3,2,Beta,2002-01-27
9799,S24E15,-24,-15,82,150,Cko,6,9,Beta,2002-01-27
9800,N08E49,8,-49,48,230,Dsi,10,27,Beta,2002-01-27
9801,S03E64,-3,-64,33,100,Cao,4,2,Beta,2002-01-27
9802,S13E72,-13,-72,25,140,Dao,8,5,Beta,2002-01-27
9787,S08W48,-8,48,131,450,Cko,5,5,Beta,2002-01-28
9788,N17W70,17,70,153,120,Dao,9,12,Beta,2002-01-28
9793,S14W66,-14,66,149,10,Bxo,3,3,Beta,2002-01-28
9794,N13W30,13,30,113,40,Cso,5,5,Beta,2002-01-28
9798,S02W13,-2,13,96,20,Cro,4,5,Beta,2002-01-28
9799,S24E03,-24,-3,80,100,Dao,5,7,Beta,2002-01-28
9800,N07E35,7,-35,48,330,Eai,12,35,Beta,2002-01-28
9801,S03E50,-3,-50,33,110,Dao,4,3,Beta,2002-01-28
9802,S15E60,-15,-60,23,230,Dso,9,10,Beta,2002-01-28
9803,S24W47,-24,47,130,30,Cso,3,4,Beta,2002-01-28
9787,S08W60,-8,60,130,420,Dko,6,8,Beta,2002-01-29
9788,N18W85,18,85,155,60,Dso,7,3,Beta,2002-01-29
9794,N14W44,14,44,114,20,Cro,6,5,Beta,2002-01-29
9798,S03W22,-3,22,92,10,Cso,9,4,Beta,2002-01-29
9799,S24W10,-24,10,80,90,Dao,6,8,Beta,2002-01-29
9800,N07E23,7,-23,47,550,Ekc,12,36,Beta-Gamma,2002-01-29
9801,S03E38,-3,-38,32,90,Dso,3,3,Beta,2002-01-29
9802,S16E49,-16,-49,21,330,Eko,12,14,Beta-Gamma,2002-01-29
9803,S25W60,-25,60,130,30,Dso,5,3,Beta,2002-01-29
9804,S19E27,-19,-27,43,20,Axx,1,1,Alpha,2002-01-29
9805,N14E64,14,-64,6,10,Hrx,1,1,Alpha,2002-01-29
9806,N11E70,11,-70,0,40,Hsx,2,1,Alpha,2002-01-29
9787,S07W73,-7,73,130,380,Dho,5,5,Beta,2002-01-30
9794,N14W59,14,59,116,20,Hsx,2,2,Alpha,2002-01-30
9798,S02W39,-2,39,96,10,Axx,1,2,Alpha,2002-01-30
9799,S23W23,-23,23,80,70,Dso,7,6,Beta,2002-01-30
9800,N07E10,7,-10,47,600,Fkc,16,52,Beta-Gamma-Delta,2002-01-30
9801,S03E23,-3,-23,33,110,Dso,4,5,Beta,2002-01-30
9802,S16E36,-16,-36,21,390,Eki,11,20,Beta-Gamma,2002-01-30
9803,S24W73,-24,73,130,60,Dso,6,5,Beta,2002-01-30
9804,S19E13,-19,-13,44,10,Axx,2,2,Alpha,2002-01-30
9805,N14E51,14,-51,6,40,Dso,5,4,Beta,2002-01-30
9806,N10E57,10,-57,0,30,Hsx,2,1,Alpha,2002-01-30
9787,S07W89,-7,89,133,190,Dso,5,2,Beta,2002-01-31
9799,S23W35,-23,35,79,40,Cso,5,6,Beta,2002-01-31
9800,N08W03,8,3,47,600,Fkc,16,52,Beta-Gamma,2002-01-31
9801,S04E12,-4,-12,32,80,Dso,4,7,Beta,2002-01-31
9802,S17E22,-17,-22,22,510,Eac,12,41,Beta-Gamma-Delta,2002-01-31
9803,S24W84,-24,84,128,40,Cso,6,2,Beta,2002-01-31
9805,N14E39,14,-39,5,10,Cso,4,4,Beta,2002-01-31
9806,N10E44,10,-44,0,40,Hsx,1,1,Alpha,2002-01-31
9807,S27E74,-27,-74,330,160,Eso,14,5,Beta,2002-01-31
9799,S23W49,-23,49,80,20,Bxo,3,3,Beta,2002-02-01
9800,N07W18,7,18,49,570,Fkc,16,52,Beta-Gamma,2002-02-01
9801,S04W02,-4,2,33,100,Dso,5,8,Beta,2002-02-01
9802,S16E09,-16,-9,22,650,Ekc,13,49,Beta-Gamma-Delta,2002-02-01
9804,S19W13,-19,13,44,20,Bxo,2,4,Beta,2002-02-01
9805,N12E30,12,-30,1,30,Cso,4,5,Beta,2002-02-01
9806,N12E31,12,-31,0,50,Cao,3,4,Beta,2002-02-01
9807,S26E64,-26,-64,327,370,Eko,12,7,Beta,2002-02-01
9808,N15E54,15,-54,337,30,Cso,3,4,Beta,2002-02-01
9809,S06E68,-6,-68,323,130,Dso,5,2,Beta,2002-02-01
9799,S24W62,-24,62,79,20,Axx,1,1,Alpha,2002-02-02
9800,N08W31,8,31,48,570,Fac,17,50,Beta-Gamma,2002-02-02
9801,S03W16,-3,16,33,110,Cso,5,10,Beta,2002-02-02
9802,S15W05,-15,5,22,780,Ekc,14,64,Beta-Gamma-Delta,2002-02-02
9804,S17W26,-17,26,43,30,Cao,6,3,Beta,2002-02-02
9806,N11E17,11,-17,0,40,Hsx,2,2,Alpha,2002-02-02
9807,S27E51,-27,-51,326,320,Eai,13,13,Beta-Gamma,2002-02-02
9808,N16E41,16,-41,336,60,Cao,4,8,Beta,2002-02-02
9809,S06E55,-6,-55,322,120,Dao,5,3,Beta,2002-02-02
9810,N10E81,10,-81,296,110,Hax,2,2,Alpha,2002-02-02
9800,N10W44,10,44,48,490,Eai,15,28,Beta-Gamma,2002-02-03
9801,S04W29,-4,29,33,110,Cso,5,5,Beta,2002-02-03
9802,S14W18,-14,18,22,660,Fkc,16,55,Beta-Gamma-Delta,2002-02-03
9806,N11E03,11,-3,0,50,Dso,5,4,Beta,2002-02-03
9807,S27E38,-27,-38,326,210,Eai,13,16,Beta-Gamma,2002-02-03
9808,N16E28,16,-28,336,50,Cao,5,6,Beta,2002-02-03
9809,S06E42,-6,-42,322,120,Dso,6,3,Beta,2002-02-03
9810,N09E68,9,-68,296,200,Cso,4,2,Beta,2002-02-03
9811,S27E83,-27,-83,281,90,Hax,2,1,Alpha,2002-02-03
9812,N12W16,12,16,20,10,Dso,3,2,Beta,2002-02-03
9800,N10W58,10,58,50,320,Fai,17,24,Beta-Gamma,2002-02-04
9801,S04W41,-4,41,33,80,Hsx,2,1,Alpha,2002-02-04
9802,S14W31,-14,31,23,560,Eki,14,54,Beta-Gamma-Delta,2002-02-04
9806,N11W08,11,8,360,40,Dso,4,4,Beta,2002-02-04
9807,S27E26,-27,-26,326,120,Esi,13,26,Beta,2002-02-04
9808,N17E15,17,-15,337,30,Dso,6,10,Beta,2002-02-04
9809,S06E29,-6,-29,323,60,Dso,6,5,Beta,2002-02-04
9810,N09E55,9,-55,297,200,Cao,4,3,Beta,2002-02-04
9811,S27E70,-27,-70,282,120,Cso,8,4,Beta,2002-02-04
9812,N12W29,12,29,21,30,Dso,5,5,Beta,2002-02-04
9813,S24W13,-24,13,5,10,Hsx,1,2,Alpha,2002-02-04
9814,N07E15,7,-15,337,10,Bxo,4,4,Beta,2002-02-04
9815,N12E70,12,-70,282,80,Hsx,3,1,Alpha,2002-02-04
9800,N10W73,10,73,52,250,Dao,8,5,Beta,2002-02-05
9801,S04W54,-4,54,33,80,Hsx,2,1,Alpha,2002-02-05
9802,S14W44,-14,44,23,640,Fki,17,57,Beta-Gamma-Delta,2002-02-05
9806,N12W21,12,21,360,30,Cso,4,3,Beta,2002-02-05
9807,S27E13,-27,-13,326,90,Eai,14,27,Beta,2002-02-05
9808,N17E02,17,-2,337,50,Dso,7,7,Beta,2002-02-05
9809,S06E16,-6,-16,323,100,Dso,9,6,Beta,2002-02-05
9810,N09E42,9,-42,297,230,Dao,4,4,Beta,2002-02-05
9811,S28E57,-28,-57,282,290,Dao,7,7,Beta,2002-02-05
9812,N12W42,12,42,21,30,Dro,5,4,Beta,2002-02-05
9813,S24W26,-24,26,5,10,Axx,0,1,Alpha,2002-02-05
9814,N07E02,7,-2,337,10,Hrx,0,1,Alpha,2002-02-05
9815,N10E57,10,-57,282,80,Hax,2,2,Alpha,2002-02-05
9816,S13W33,-13,33,12,80,Dao,4,9,Beta,2002-02-05
9800,N06W89,6,89,55,140,Dao,4,3,Beta,2002-02-06
9801,S04W71,-4,71,37,70,Hsx,1,1,Alpha,2002-02-06
9802,S15W56,-15,56,22,500,Eai,15,44,Beta-Gamma-Delta,2002-02-06
9806,N11W36,11,36,2,30,Hsx,1,1,Alpha,2002-02-06
9807,S25E01,-25,-1,325,120,Eao,13,18,Beta,2002-02-06
9808,N17W13,17,13,339,60,Dao,8,13,Beta,2002-02-06
9809,S06E03,-6,-3,323,100,Dso,9,7,Beta,2002-02-06
9810,N10E26,10,-26,300,190,Dko,4,3,Beta,2002-02-06
9811,S25E45,-25,-45,281,240,Dao,7,12,Beta,2002-02-06
9812,N13W57,13,57,23,20,Cro,3,2,Beta,2002-02-06
9814,N07W13,7,13,339,10,Axx,1,2,Alpha,2002-02-06
9815,N12E43,12,-43,283,70,Cao,3,3,Beta,2002-02-06
9816,S12W46,-12,46,12,150,Dso,5,11,Beta,2002-02-06
9817,S07E23,-7,-23,303,20,Bxo,3,3,Beta,2002-02-06
9818,N06E54,6,-54,272,20,Axx,0,1,Alpha,2002-02-06
9819,S29E68,-29,-68,258,50,Hsx,1,2,Alpha,2002-02-06
9801,S02W86,-2,86,38,70,Hsx,2,1,Alpha,2002-02-07
9802,S13W68,-13,68,20,310,Eai,13,17,Beta-Gamma,2002-02-07
9806,N12W49,12,49,1,20,Hsx,1,1,Alpha,2002-02-07
9807,S27W11,-27,11,323,30,Cao,12,9,Beta,2002-02-07
9808,N17W26,17,26,338,60,Dao,6,13,Beta,2002-02-07
9809,S04W11,-4,11,323,90,Dso,6,8,Beta,2002-02-07
9810,N11E13,11,-13,299,130,Cao,4,6,Beta,2002-02-07
9811,S25E32,-25,-32,280,200,Dao,6,12,Beta,2002-02-07
9812,N11W69,11,69,21,0,Axx,0,1,Alpha,2002-02-07
9815,N12E30,12,-30,282,100,Cao,3,7,Beta,2002-02-07
9816,S11W58,-11,58,10,60,Dao,3,4,Beta,2002-02-07
9817,S06E07,-6,-7,305,0,Axx,0,1,Alpha,2002-02-07
9818,N07E40,7,-40,272,10,Axx,2,2,Alpha,2002-02-07
9819,S30E57,-30,-57,255,50,Cao,3,4,Beta,2002-02-07
9802,S14W80,-14,80,19,110,Dso,9,8,Beta,2002-02-08
9806,N13W63,13,63,2,30,Hsx,1,1,Alpha,2002-02-08
9807,S27W22,-27,22,321,20,Cso,10,8,Beta,2002-02-08
9808,N18W40,18,40,339,70,Dso,6,8,Beta,2002-02-08
9809,S05W24,-5,24,323,80,Dso,7,7,Beta,2002-02-08
9810,N10E01,10,-1,298,170,Hax,3,3,Alpha,2002-02-08
9811,S26E20,-26,-20,279,140,Dao,6,11,Beta,2002-02-08
9815,N12E17,12,-17,282,80,Cao,5,10,Beta,2002-02-08
9816,S11W70,-11,70,9,30,Cso,4,4,Beta,2002-02-08
9819,S31E43,-31,-43,256,30,Cso,5,5,Beta,2002-02-08
9820,N15E46,15,-46,253,20,Cso,4,3,Beta,2002-02-08
9802,S15W92,-15,92,18,50,Dao,10,3,Beta,2002-02-09
9806,N14W78,14,78,4,30,Hsx,3,2,Alpha,2002-02-09
9807,S27W34,-27,34,320,10,Cso,8,7,Beta,2002-02-09
9808,N18W54,18,54,340,30,Cso,5,5,Beta,2002-02-09
9809,S04W38,-4,38,324,60,Dso,6,5,Beta,2002-02-09
9810,N11W14,11,14,300,130,Dao,5,10,Beta,2002-02-09
9811,S26E06,-26,-6,280,140,Dao,6,12,Beta,2002-02-09
9814,N08W51,8,51,337,20,Cso,3,3,Beta,2002-02-09
9815,N11E02,11,-2,284,60,Dao,6,13,Beta,2002-02-09
9816,S13W85,-13,85,11,30,Cso,5,3,Beta,2002-02-09
9819,S30E33,-30,-33,253,20,Cro,3,4,Beta,2002-02-09
9820,N15E30,15,-30,256,20,Hsx,2,2,Alpha,2002-02-09
9821,S14E16,-14,-16,270,30,Dso,5,11,Beta,2002-02-09
9822,N18E69,18,-69,217,150,Dao,9,9,Beta,2002-02-09
9808,N17W67,17,67,340,10,Axx,2,3,Alpha,2002-02-10
9809,S05W50,-5,50,323,60,Cso,5,2,Beta,2002-02-10
9810,N10W27,10,27,300,150,Cso,8,9,Beta,2002-02-10
9811,S27W05,-27,5,278,130,Cao,6,13,Beta,2002-02-10
9814,N06W63,6,63,336,10,Axx,1,1,Alpha,2002-02-10
9815,N11W09,11,9,282,20,Bxo,6,9,Beta,2002-02-10
9818,N06E01,6,-1,272,20,Hsx,3,2,Alpha,2002-02-10
9819,S31E19,-31,-19,254,10,Cro,4,3,Beta,2002-02-10
9820,N14E15,14,-15,258,10,Axx,1,1,Alpha,2002-02-10
9821,S14E03,-14,-3,270,80,Dso,8,26,Beta,2002-02-10
9822,N17E56,17,-56,217,70,Cso,6,5,Beta,2002-02-10
9823,S05E24,-5,-24,249,20,Cso,3,4,Beta,2002-02-10
9824,N21E67,21,-67,206,100,Hsx,2,1,Alpha,2002-02-10
9825,N12E69,12,-69,204,320,Eko,13,6,Beta,2002-02-10
9809,S05W63,-5,63,323,40,Hsx,1,1,Alpha,2002-02-11
9810,N10W41,10,41,301,120,Cso,3,3,Beta,2002-02-11
9811,S26W20,-26,20,280,100,Dso,4,5,Beta,2002-02-11
9815,N11W24,11,24,284,40,Bxo,5,5,Beta,2002-02-11
9819,S30E04,-30,-4,256,20,Bxo,6,5,Beta,2002-02-11
9820,N14E01,14,-1,259,10,Axx,0,1,Alpha,2002-02-11
9821,S14W11,-14,11,271,280,Esi,11,33,Beta-Gamma,2002-02-11
9822,N17E40,17,-40,220,70,Cso,5,7,Beta,2002-02-11
9823,S05E09,-5,-9,251,30,Cso,6,7,Beta,2002-02-11
9824,N21E54,21,-54,206,130,Hsx,3,1,Alpha,2002-02-11
9825,N12E57,12,-57,203,480,Eki,13,12,Beta,2002-02-11
9826,S23E39,-23,-39,221,20,Cao,3,5,Beta,2002-02-11
9809,S06W76,-6,76,323,40,Hsx,1,1,Alpha,2002-02-12
9810,N10W54,10,54,301,100,Cso,3,3,Beta,2002-02-12
9811,S26W32,-26,32,279,70,Dao,5,8,Beta,2002-02-12
9819,S30W06,-30,6,253,20,Dso,3,2,Beta,2002-02-12
9821,S13W25,-13,25,272,310,Eai,12,32,Beta-Gamma,2002-02-12
9822,N18E26,18,-26,221,40,Cao,5,7,Beta,2002-02-12
9823,S04W05,-4,5,252,50,Dao,6,7,Beta,2002-02-12
9824,N21E41,21,-41,206,130,Hax,3,1,Alpha,2002-02-12
9825,N12E43,12,-43,204,380,Eki,14,16,Beta,2002-02-12
9826,S23E25,-23,-25,222,40,Dso,6,7,Beta,2002-02-12
9827,S25W43,-25,43,290,10,Axx,0,1,Alpha,2002-02-12
9828,S15E50,-15,-50,197,20,Hsx,1,1,Alpha,2002-02-12
9809,S06W91,-6,91,324,30,Hax,2,1,Alpha,2002-02-13
9810,N10W68,10,68,301,70,Hsx,2,1,Alpha,2002-02-13
9811,S26W45,-26,45,278,40,Cso,5,4,Beta,2002-02-13
9821,S13W38,-13,38,271,350,Eki,11,30,Beta,2002-02-13
9822,N18E12,18,-12,221,30,Cso,7,4,Beta,2002-02-13
9823,S04W19,-4,19,252,120,Cao,6,4,Beta,2002-02-13
9824,N22E30,22,-30,203,140,Hax,3,1,Alpha,2002-02-13
9825,N13E30,13,-30,203,310,Eki,13,30,Beta-Gamma,2002-02-13
9826,S22E12,-22,-12,221,30,Cso,7,6,Beta,2002-02-13
9828,S16E38,-16,-38,195,10,Axx,0,1,Alpha,2002-02-13
9810,N10W84,10,84,304,90,Hax,2,1,Alpha,2002-02-14
9811,S25W60,-25,60,280,30,Hsx,1,1,Alpha,2002-02-14
9819,S29W33,-29,33,253,20,Cso,3,3,Beta,2002-02-14
9821,S13W53,-13,53,273,330,Dai,9,14,Beta,2002-02-14
9822,N17W05,17,5,225,10,Bxo,3,4,Beta,2002-02-14
9823,S04W36,-4,36,256,20,Hax,1,2,Alpha,2002-02-14
9824,N22E16,22,-16,204,180,Hsx,3,1,Alpha,2002-02-14
9825,N14E16,14,-16,204,460,Fai,17,38,Beta-Gamma,2002-02-14
9826,S23W02,-23,2,222,80,Dso,4,4,Beta,2002-02-14
9810,N10W95,10,95,302,60,Hsx,2,1,Alpha,2002-02-15
9811,S24W71,-24,71,278,20,Hsx,1,1,Alpha,2002-02-15
9819,S29W44,-29,44,251,20,Hsx,1,1,Alpha,2002-02-15
9821,S12W66,-12,66,273,260,Dao,10,12,Beta,2002-02-15
9822,N17W18,17,18,225,10,Bxo,2,4,Beta,2002-02-15
9823,S02W50,-2,50,257,10,Hsx,1,1,Alpha,2002-02-15
9824,N22E04,22,-4,203,130,Hsx,3,1,Alpha,2002-02-15
9825,N13E01,13,-1,206,500,Fkc,18,53,Beta-Gamma,2002-02-15
9826,S22W15,-22,15,222,10,Bxo,4,5,Beta,2002-02-15
9828,S16E10,-16,-10,197,10,Cso,2,5,Beta,2002-02-15
9829,S07E74,-7,-74,133,20,Cro,6,4,Beta,2002-02-15
9830,S22E73,-22,-73,134,30,Hrx,1,1,Alpha,2002-02-15
9819,S29W57,-29,57,251,10,Axx,1,1,Alpha,2002-02-16
9821,S11W81,-11,81,275,110,Dso,5,4,Beta,2002-02-16
9823,S03W62,-3,62,256,20,Hsx,1,1,Alpha,2002-02-16
9824,N23W09,23,9,203,180,Hsx,3,1,Alpha,2002-02-16
9825,N14W13,14,13,207,500,Fac,18,53,Beta-Gamma,2002-02-16
9828,S16W04,-16,4,198,0,Bxo,1,2,Beta,2002-02-16
9829,S06E62,-6,-62,132,40,Dso,9,3,Beta,2002-02-16
9830,S21E58,-21,-58,136,50,Dso,10,11,Beta,2002-02-16
9819,S28W72,-28,72,253,10,Axx,1,1,Alpha,2002-02-17
9824,N23W22,23,22,203,140,Cso,4,2,Beta,2002-02-17
9825,N13W24,13,24,205,290,Fai,18,32,Beta-Gamma,2002-02-17
9828,S15W18,-15,18,199,10,Bxo,2,2,Beta,2002-02-17
9829,S06E52,-6,-52,129,40,Eso,12,4,Beta,2002-02-17
9830,S20E44,-20,-44,137,210,Fai,17,21,Beta,2002-02-17
9831,S11W41,-11,41,222,10,Bxo,3,2,Beta,2002-02-17
9819,S31W83,-31,83,250,10,Bxo,2,2,Beta,2002-02-18
9824,N23W35,23,35,202,140,Hsx,1,1,Alpha,2002-02-18
9825,N12W36,12,36,203,290,Fai,17,24,Beta-Gamma,2002-02-18
9829,S05E36,-5,-36,131,50,Cso,8,5,Beta,2002-02-18
9830,S18E32,-18,-32,135,360,Fai,18,28,Beta-Gamma,2002-02-18
9831,S11W52,-11,52,219,0,Axx,0,1,Alpha,2002-02-18
9824,N23W48,23,48,202,110,Hsx,2,1,Alpha,2002-02-19
9825,N14W51,14,51,205,230,Fao,19,10,Beta-Gamma,2002-02-19
9830,S18E20,-18,-20,134,480,Fki,20,43,Beta-Gamma,2002-02-19
9832,S13E25,-13,-25,129,20,Bxo,12,9,Beta,2002-02-19
9824,N23W60,23,60,201,100,Hsx,2,1,Alpha,2002-02-20
9825,N16W66,16,66,207,210,Dao,10,11,Beta-Gamma,2002-02-20
9830,S20E07,-20,-7,134,610,Fkc,19,46,Beta-Gamma-Delta,2002-02-20
9832,S14E10,-14,-10,131,20,Cso,5,4,Beta,2002-02-20
9833,N11W16,11,16,157,40,Cro,3,6,Beta,2002-02-20
9834,N03E55,3,-55,86,10,Bxo,2,2,Beta,2002-02-20
9824,N24W74,24,74,202,100,Hsx,2,1,Alpha,2002-02-21
9825,N16W81,16,81,209,150,Dao,7,6,Beta-Gamma,2002-02-21
9828,S14W71,-14,71,199,10,Axx,1,2,Alpha,2002-02-21
9829,S06W01,-6,1,129,0,Axx,0,1,Alpha,2002-02-21
9830,S20W07,-20,7,135,530,Fkc,22,49,Beta-Gamma-Delta,2002-02-21
9832,S15W03,-15,3,131,10,Hsx,1,1,Alpha,2002-02-21
9835,S09W61,-9,61,189,40,Dso,4,4,Beta,2002-02-21
9836,S02W26,-2,26,154,10,Bxo,5,2,Beta,2002-02-21
9837,N07E69,7,-69,59,60,Hsx,3,1,Alpha,2002-02-21
9824,N24W86,24,86,201,80,Hsx,3,1,Alpha,2002-02-22
9825,N13W92,13,92,207,120,Cao,2,2,Beta-Gamma,2002-02-22
9830,S19W22,-19,22,137,530,Fki,20,29,Beta-Gamma-Delta,2002-02-22
9832,S03W15,-3,15,130,30,Cso,2,2,Beta,2002-02-22
9834,N03E27,3,-27,88,10,Hsx,0,1,Alpha,2002-02-22
9835,S09W75,-9,75,190,170,Dao,8,3,Beta,2002-02-22
9837,N08E57,8,-57,58,140,Hax,3,1,Alpha,2002-02-22
9838,N05W18,5,18,133,20,Cro,3,4,Beta,2002-02-22
9839,S16E06,-16,-6,109,10,Bxo,1,3,Beta,2002-02-22
9840,S12E72,-12,-72,43,20,Axx,2,2,Alpha,2002-02-22
9830,S19W34,-19,34,136,440,Fki,20,32,Beta-Gamma-Delta,2002-02-23
9834,N03E13,3,-13,89,10,Hsx,0,2,Alpha,2002-02-23
9835,S08W87,-8,87,189,110,Dao,6,3,Beta,2002-02-23
9837,N09E44,9,-44,58,120,Cao,4,6,Beta,2002-02-23
9838,N05W31,5,31,133,20,Cso,4,4,Beta,2002-02-23
9839,S17W06,-17,6,108,0,Axx,0,1,Alpha,2002-02-23
9840,S12E58,-12,-58,44,20,Cso,4,2,Beta,2002-02-23
9841,S21W20,-21,20,122,60,Dao,5,6,Beta,2002-02-23
9842,S18E03,-18,-3,99,10,Axx,2,2,Alpha,2002-02-23
9843,S26E58,-26,-58,44,20,Axx,2,3,Alpha,2002-02-23
9830,S19W49,-19,49,137,480,Fai,16,34,Beta-Gamma-Delta,2002-02-24
9837,N09E32,9,-32,56,80,Dao,4,8,Beta,2002-02-24
9838,N05W45,5,45,133,30,Cro,5,5,Beta,2002-02-24
9839,S18W20,-18,20,108,30,Cso,4,6,Beta,2002-02-24
9840,S11E46,-11,-46,42,40,Cso,3,2,Beta,2002-02-24
9841,S20W33,-20,33,121,70,Dao,5,9,Beta,2002-02-24
9842,S18W11,-18,11,99,10,Hrx,1,2,Alpha,2002-02-24
9843,S26E46,-26,-46,42,50,Cao,4,4,Beta,2002-02-24
9844,N22E33,22,-33,55,40,Cso,6,4,Beta,2002-02-24
9845,N15E71,15,-71,17,80,Hax,2,2,Alpha,2002-02-24
9830,S17W64,-17,64,139,650,Fkc,17,20,Beta-Gamma-Delta,2002-02-25
9837,N10E18,10,-18,57,80,Dao,5,8,Beta,2002-02-25
9839,S17W35,-17,35,110,80,Dai,6,14,Beta,2002-02-25
9840,S11E33,-11,-33,42,20,Hsx,1,1,Alpha,2002-02-25
9841,S20W47,-20,47,122,70,Dao,7,7,Beta,2002-02-25
9842,S19W23,-19,23,98,20,Cso,3,5,Beta,2002-02-25
9843,S25E33,-25,-33,42,20,Cro,6,2,Beta,2002-02-25
9844,N22E18,22,-18,57,100,Dso,7,10,Beta,2002-02-25
9845,N15E58,15,-58,17,60,Hax,1,2,Alpha,2002-02-25
9846,S04W37,-4,37,112,20,Dao,5,5,Beta,2002-02-25
9847,S14E50,-14,-50,25,50,Cso,4,7,Beta,2002-02-25
9830,S18W79,-18,79,141,310,Eai,15,15,Beta-Gamma,2002-02-26
9837,N09E03,9,-3,59,40,Dao,3,6,Beta,2002-02-26
9839,S17W48,-17,48,110,130,Dai,9,16,Beta,2002-02-26
9840,S11E20,-11,-20,42,10,Hsx,1,2,Alpha,2002-02-26
9841,S21W60,-21,60,122,30,Dso,8,5,Beta,2002-02-26
9842,S19W36,-19,36,98,90,Dao,7,16,Beta,2002-02-26
9843,S26E18,-26,-18,44,20,Cso,4,4,Beta,2002-02-26
9844,N22E05,22,-5,57,130,Dai,9,18,Beta,2002-02-26
9845,N17E47,17,-47,15,80,Dao,7,4,Beta,2002-02-26
9846,S04W53,-4,53,115,90,Dao,8,10,Beta,2002-02-26
9847,S14E37,-14,-37,25,60,Dao,7,6,Beta,2002-02-26
9848,S20E33,-20,-33,29,20,Cso,4,4,Beta,2002-02-26
9849,N23E69,23,-69,353,0,Axx,0,1,Alpha,2002-02-26
9830,S17W92,-17,92,141,170,Eao,12,4,Beta-Gamma,2002-02-27
9837,N09W09,9,9,58,20,Dso,4,4,Beta,2002-02-27
9839,S17W62,-17,62,111,170,Dai,9,16,Beta,2002-02-27
9841,S22W70,-22,70,119,20,Hsx,1,1,Alpha,2002-02-27
9842,S19W49,-19,49,98,240,Dko,8,13,Beta,2002-02-27
9843,S26E06,-26,-6,43,30,Cso,5,7,Beta,2002-02-27
9844,N22W08,22,8,57,120,Dai,8,20,Beta,2002-02-27
9845,N17E35,17,-35,14,130,Dao,10,11,Beta,2002-02-27
9846,S03W68,-3,68,117,180,Dao,9,8,Beta,2002-02-27
9847,S14E24,-14,-24,25,40,Cso,6,8,Beta,2002-02-27
9848,S20E20,-20,-20,29,60,Dso,5,10,Beta,2002-02-27
9849,N23E55,23,-55,354,0,Axx,0,1,Alpha,2002-02-27
9837,N10W23,10,23,59,0,Axx,1,2,Alpha,2002-02-28
9839,S18W75,-18,75,111,250,Eao,11,11,Beta,2002-02-28
9842,S19W63,-19,63,99,210,Dao,9,6,Beta,2002-02-28
9843,S26W08,-26,8,44,20,Dso,6,10,Beta,2002-02-28
9844,N22W21,22,21,57,190,Dai,9,22,Beta,2002-02-28
9845,N17E21,17,-21,15,160,Eai,11,22,Beta,2002-02-28
9846,S03W82,-3,82,118,180,Eao,11,3,Beta,2002-02-28
9847,S14E10,-14,-10,26,10,Bxo,4,4,Beta,2002-02-28
9848,S20E05,-20,-5,31,50,Dao,5,8,Beta,2002-02-28
9850,N27W51,27,51,87,30,Cao,3,4,Beta,2002-02-28
9837,N10W31,10,31,53,10,Axx,2,2,Alpha,2002-03-01
9839,S18W84,-18,84,106,100,Dao,9,5,Beta,2002-03-01
9842,S18W73,-18,73,95,130,Dao,9,4,Beta,2002-03-01
9843,S26W20,-26,20,42,60,Dso,8,12,Beta,2002-03-01
9844,N22W34,22,34,56,230,Dai,10,24,Beta,2002-03-01
9845,N18E08,18,-8,14,320,Eai,13,25,Beta,2002-03-01
9846,S05W91,-5,91,113,30,Dao,6,3,Beta,2002-03-01
9847,S13W01,-13,1,23,10,Axx,1,2,Alpha,2002-03-01
9848,S20W07,-20,7,29,50,Dso,6,8,Beta,2002-03-01
9850,N27W64,27,64,86,30,Cro,3,3,Beta,2002-03-01
9842,S19W87,-19,87,96,90,Dao,8,4,Beta,2002-03-02
9843,S26W33,-26,33,42,110,Dao,9,11,Beta,2002-03-02
9844,N22W48,22,48,57,160,Dai,10,12,Beta,2002-03-02
9845,N17W04,17,4,13,390,Eki,13,20,Beta,2002-03-02
9847,S14W15,-14,15,24,10,Bxo,4,4,Beta,2002-03-02
9848,S20W21,-20,21,30,30,Cao,7,4,Beta,2002-03-02
9850,N26W74,26,74,83,1,Axx,2,2,Alpha,2002-03-02
9851,S07E56,-7,-56,313,50,Dso,6,5,Beta,2002-03-02
9852,N16E66,16,-66,303,1,Axx,1,1,Alpha,2002-03-02
9840,S14W52,-14,52,48,0,Axx,0,1,Alpha,2002-03-03
9843,S26W47,-26,47,43,100,Dao,9,12,Beta,2002-03-03
9844,N22W61,22,61,57,130,Dao,10,10,Beta,2002-03-03
9845,N18W18,18,18,14,370,Eki,14,24,Beta-Gamma,2002-03-03
9847,S13W30,-13,30,26,0,Axx,0,1,Alpha,2002-03-03
9848,S19W34,-19,34,30,20,Bxo,7,5,Beta,2002-03-03
9851,S05E42,-5,-42,314,40,Dso,8,8,Beta,2002-03-03
9852,N15E52,15,-52,304,0,Axx,0,1,Alpha,2002-03-03
9853,S24E69,-24,-69,287,10,Hrx,1,1,Alpha,2002-03-03
9840,S16W64,-16,64,47,10,Bxo,4,4,Beta,2002-03-04
9843,S25W60,-25,60,43,50,Dao,9,7,Beta,2002-03-04
9844,N23W76,23,76,59,100,Cao,6,5,Beta,2002-03-04
9845,N18W33,18,33,16,390,Fki,16,26,Beta-Gamma,2002-03-04
9848,S19W45,-19,45,28,0,Axx,1,1,Alpha,2002-03-04
9851,S06E29,-6,-29,314,40,Cao,8,7,Beta,2002-03-04
9853,S23E54,-23,-54,289,50,Hax,2,3,Alpha,2002-03-04
9854,N11W09,11,9,352,20,Cso,3,8,Beta,2002-03-04
9855,N12E24,12,-24,319,20,Cao,3,7,Beta,2002-03-04
9856,S06E74,-6,-74,269,110,Hax,2,1,Alpha,2002-03-04
9840,S19W77,-19,77,47,60,Cao,5,5,Beta,2002-03-05
9843,S26W72,-26,72,42,70,Cso,2,1,Beta,2002-03-05
9844,N21W87,21,87,57,80,Cao,3,4,Beta,2002-03-05
9845,N17W46,17,46,16,420,Fko,18,26,Beta-Gamma,2002-03-05
9851,S06E16,-6,-16,314,70,Dai,10,14,Beta,2002-03-05
9853,S23E42,-23,-42,288,80,Dao,7,7,Beta,2002-03-05
9854,N10W24,10,24,354,30,Cro,3,5,Beta,2002-03-05
9855,N13E10,13,-10,320,30,Cao,4,5,Beta,2002-03-05
9856,S08E61,-8,-61,269,220,Cso,6,3,Beta,2002-03-05
9857,S04W58,-4,58,28,0,Axx,1,2,Alpha,2002-03-05
9858,S30E05,-30,-5,325,30,Dao,3,3,Beta,2002-03-05
9859,S10E47,-10,-47,283,30,Cso,2,2,Beta,2002-03-05
9843,S26W84,-26,84,40,10,Axx,1,1,Alpha,2002-03-06
9845,N17W60,17,60,16,430,Fai,20,19,Beta-Gamma,2002-03-06
9851,S06E02,-6,-2,314,70,Dai,10,19,Beta,2002-03-06
9853,S23E28,-23,-28,288,80,Dao,7,10,Beta,2002-03-06
9856,S06E48,-6,-48,268,180,Cao,10,5,Beta,2002-03-06
9857,S04W72,-4,72,28,30,Bxo,4,4,Beta,2002-03-06
9858,S30W08,-30,8,324,20,Dso,3,3,Beta,2002-03-06
9859,S10E34,-10,-34,282,30,Cro,8,4,Beta,2002-03-06
9860,S06E61,-6,-61,255,20,Axx,2,2,Alpha,2002-03-06
9861,N07E66,7,-66,250,30,Hsx,1,1,Alpha,2002-03-06
9845,N17W73,17,73,16,290,Fai,19,10,Beta-Gamma,2002-03-07
9851,S02W11,-2,11,314,120,Eai,13,21,Beta,2002-03-07
9852,N17W05,17,5,308,10,Axx,2,3,Alpha,2002-03-07
9853,S23E15,-23,-15,288,70,Dao,7,10,Beta,2002-03-07
9856,S05E35,-5,-35,268,210,Hkx,3,1,Alpha,2002-03-07
9857,S04W85,-4,85,28,50,Dso,6,2,Beta,2002-03-07
9858,S29W21,-29,21,324,10,Axx,1,1,Alpha,2002-03-07
9859,S10E21,-10,-21,282,30,Dso,8,9,Beta,2002-03-07
9860,S06E48,-6,-48,255,10,Axx,1,2,Alpha,2002-03-07
9861,N08E53,8,-53,250,10,Axx,1,1,Alpha,2002-03-07
9862,N06W58,6,58,1,30,Cso,5,6,Beta,2002-03-07
9863,N18W37,18,37,340,30,Dro,4,5,Beta,2002-03-07
9845,N17W86,17,86,16,80,Dso,10,5,Beta,2002-03-08
9851,S02W24,-2,24,314,130,Esi,13,25,Beta,2002-03-08
9853,S23E02,-23,-2,288,70,Dao,7,9,Beta,2002-03-08
9856,S05E22,-5,-22,268,200,Cso,3,2,Beta,2002-03-08
9859,S10E08,-10,-8,282,30,Cso,6,8,Beta,2002-03-08
9861,N08E40,8,-40,250,10,Hsx,1,1,Alpha,2002-03-08
9862,N06W71,6,71,1,50,Dso,6,6,Beta,2002-03-08
9863,N18W50,18,50,340,10,Bxo,4,5,Beta,2002-03-08
9864,N18E69,18,-69,221,50,Hsx,2,1,Alpha,2002-03-08
9851,S02W37,-2,37,314,90,Dao,10,13,Beta,2002-03-09
9853,S23W11,-23,11,288,40,Cao,8,8,Beta,2002-03-09
9856,S05E07,-5,-7,268,150,Cso,4,2,Beta,2002-03-09
9859,S10W05,-10,5,282,70,Cso,9,13,Beta,2002-03-09
9862,N06W84,6,84,1,40,Cso,4,3,Beta,2002-03-09
9863,N18W63,18,63,340,10,Axx,1,1,Alpha,2002-03-09
9864,N18E56,18,-56,221,80,Hsx,2,1,Alpha,2002-03-09
9865,N14E72,14,-72,205,10,Axx,1,1,Alpha,2002-03-09
9866,S10E80,-10,-80,197,120,Hsx,2,1,Alpha,2002-03-09
9851,S04W52,-4,52,316,60,Dso,8,9,Beta,2002-03-10
9853,S22W26,-22,26,290,20,Cso,4,3,Beta,2002-03-10
9856,S03W06,-3,6,270,160,Hsx,3,2,Alpha,2002-03-10
9859,S10W20,-10,20,284,30,Dso,6,9,Beta,2002-03-10
9864,N19E43,19,-43,221,70,Cso,4,5,Beta,2002-03-10
9865,N14E58,14,-58,206,0,Axx,0,1,Alpha,2002-03-10
9866,S10E73,-10,-73,191,560,Eko,15,8,Beta-Gamma,2002-03-10
9851,S06W67,-6,67,318,60,Dao,7,4,Beta,2002-03-11
9853,S24W39,-24,39,290,20,Cro,3,2,Beta,2002-03-11
9856,S03W18,-3,18,269,150,Cso,6,5,Beta,2002-03-11
9859,S11W33,-11,33,284,30,Cro,6,7,Beta,2002-03-11
9864,N20E29,20,-29,222,90,Cao,5,6,Beta,2002-03-11
9865,N15E43,15,-43,208,20,Hrx,1,1,Alpha,2002-03-11
9866,S09E61,-9,-61,190,840,Eki,14,19,Beta-Gamma,2002-03-11
9851,S06W84,-6,84,321,40,Hsx,1,1,Alpha,2002-03-12
9856,S03W32,-3,32,269,160,Hsx,3,2,Alpha,2002-03-12
9859,S11W46,-11,46,283,20,Cro,6,4,Beta,2002-03-12
9864,N19E14,19,-14,223,50,Cso,5,4,Beta,2002-03-12
9865,N15E30,15,-30,207,20,Hrx,1,1,Alpha,2002-03-12
9866,S08E47,-8,-47,190,870,Eki,15,23,Beta-Gamma-Delta,2002-03-12
9867,S30E16,-30,-16,221,10,Bxo,1,3,Beta,2002-03-12
9868,N19E32,19,-32,205,60,Dao,6,11,Beta,2002-03-12
9869,N24E42,24,-42,195,0,Axx,1,1,Alpha,2002-03-12
9870,S17E62,-17,-62,175,130,Dso,8,3,Beta,2002-03-12
9856,S03W45,-3,45,269,150,Hsx,3,1,Alpha,2002-03-13
9859,S11W56,-11,56,280,10,Hrx,1,1,Alpha,2002-03-13
9864,N18E03,18,-3,221,40,Dso,6,3,Beta,2002-03-13
9865,N14E18,14,-18,206,0,Axx,0,1,Alpha,2002-03-13
9866,S10E35,-10,-35,189,900,Eki,15,27,Beta-Gamma-Delta,2002-03-13
9867,S31E04,-31,-4,220,0,Axx,1,1,Alpha,2002-03-13
9868,N19E20,19,-20,204,40,Dso,7,8,Beta,2002-03-13
9869,N24E29,24,-29,195,10,Axx,1,1,Alpha,2002-03-13
9870,S18E51,-18,-51,173,120,Eso,13,6,Beta,2002-03-13
9856,S03W59,-3,59,270,150,Hax,2,2,Alpha,2002-03-14
9859,S11W66,-11,66,277,10,Hrx,1,1,Alpha,2002-03-14
9864,N19W09,19,9,220,60,Cso,6,6,Beta,2002-03-14
9865,N13E02,13,-2,209,0,Axx,0,1,Alpha,2002-03-14
9866,S11E20,-11,-20,191,820,Eki,15,37,Beta-Delta,2002-03-14
9868,N19E07,19,-7,204,20,Cso,6,7,Beta,2002-03-14
9869,N21E14,21,-14,197,10,Hsx,1,2,Alpha,2002-03-14
9870,S20E37,-20,-37,174,120,Eao,12,4,Beta,2002-03-14
9871,S21E70,-21,-70,141,150,Dao,8,4,Beta,2002-03-14
9856,S04W72,-4,72,270,100,Hax,2,3,Alpha,2002-03-15
9859,S11W79,-11,79,277,10,Axx,1,2,Alpha,2002-03-15
9860,S06W55,-6,55,253,10,Axx,1,1,Alpha,2002-03-15
9864,N18W20,18,20,218,50,Cso,7,5,Beta,2002-03-15
9866,S10E07,-10,-7,191,820,Eki,14,36,Beta-Delta,2002-03-15
9868,N19W06,19,6,204,20,Cso,6,11,Beta,2002-03-15
9869,N23E00,23,0,198,10,Axx,1,1,Alpha,2002-03-15
9870,S20E24,-20,-24,174,120,Cao,10,6,Beta,2002-03-15
9871,S20E58,-20,-58,140,210,Eao,13,7,Beta,2002-03-15
9856,S04W85,-4,85,270,50,Hsx,1,1,Alpha,2002-03-16
9860,S07W68,-7,68,253,20,Cso,3,4,Beta,2002-03-16
9864,N18W35,18,35,220,40,Cso,4,3,Beta,2002-03-16
9866,S09W06,-9,6,191,690,Eki,13,26,Beta-Delta,2002-03-16
9868,N20W18,20,18,203,20,Cso,4,4,Beta,2002-03-16
9870,S19E06,-19,-6,179,90,Cso,3,4,Beta,2002-03-16
9871,S20E44,-20,-44,141,200,Eso,14,6,Beta,2002-03-16
9872,S31E09,-31,-9,176,30,Dao,6,6,Beta,2002-03-16
9864,N19W47,19,47,218,50,Dso,4,3,Beta,2002-03-17
9866,S09W19,-9,19,190,540,Eki,15,35,Beta-Gamma-Delta,2002-03-17
9868,N20W32,20,32,203,10,Cso,3,4,Beta,2002-03-17
9870,S20W07,-20,7,178,100,Hsx,2,2,Alpha,2002-03-17
9871,S21E31,-21,-31,140,280,Eao,13,13,Beta,2002-03-17
9872,S31W05,-31,5,176,40,Dso,7,7,Beta,2002-03-17
9864,N17W62,17,62,220,50,Cso,6,3,Beta,2002-03-18
9866,S09W33,-9,33,191,470,Eai,14,24,Beta-Gamma-Delta,2002-03-18
9870,S20W20,-20,20,178,120,Hax,2,1,Alpha,2002-03-18
9871,S18E20,-18,-20,138,330,Eso,13,15,Beta,2002-03-18
9872,S32W18,-32,18,176,30,Dso,8,4,Beta,2002-03-18
9873,S17W09,-17,9,167,120,Dao,7,17,Beta,2002-03-18
9864,N18W73,18,73,218,20,Hsx,1,1,Alpha,2002-03-19
9866,S09W46,-9,46,191,290,Eai,13,16,Beta-Gamma-Delta,2002-03-19
9870,S20W35,-20,35,180,90,Cao,4,11,Beta,2002-03-19
9871,S19E07,-19,-7,138,330,Eao,12,18,Beta,2002-03-19
9872,S32W30,-32,30,175,70,Dro,8,5,Beta,2002-03-19
9873,S18W21,-18,21,166,110,Dai,8,25,Beta,2002-03-19
9864,N18W84,18,84,216,20,Hsx,2,1,Alpha,2002-03-20
9866,S09W59,-9,59,191,290,Eai,12,10,Beta-Gamma,2002-03-20
9870,S20W47,-20,47,179,80,Cao,5,8,Beta,2002-03-20
9871,S19W06,-19,6,138,260,Eao,12,14,Beta,2002-03-20
9873,S18W35,-18,35,167,90,Dao,8,12,Beta,2002-03-20
9874,N17E21,17,-21,111,20,Cso,3,3,Beta,2002-03-20
9875,S19E62,-19,-62,70,10,Hsx,1,1,Alpha,2002-03-20
9866,S08W73,-8,73,192,270,Eao,13,5,Beta-Gamma,2002-03-21
9870,S21W61,-21,61,180,80,Cso,6,6,Beta,2002-03-21
9871,S19W19,-19,19,138,240,Eao,13,14,Beta,2002-03-21
9873,S17W49,-17,49,168,50,Dao,9,5,Beta,2002-03-21
9874,N18E08,18,-8,111,30,Cso,4,9,Beta,2002-03-21
9875,S18E48,-18,-48,71,140,Dao,7,6,Beta,2002-03-21
9876,S16E65,-16,-65,54,50,Cao,4,3,Beta,2002-03-21
9877,N18W29,18,29,148,30,Cso,3,2,Beta,2002-03-21
9878,N08E75,8,-75,44,60,Hsx,3,1,Alpha,2002-03-21
9866,S09W84,-9,84,190,190,Eao,2,1,Beta,2002-03-22
9870,S20W73,-20,73,179,50,Cao,2,3,Beta,2002-03-22
9871,S18W32,-18,32,138,240,Eko,13,15,Beta-Gamma,2002-03-22
9873,S18W67,-18,67,173,60,Hsx,8,1,Alpha,2002-03-22
9874,N17W05,17,5,111,10,Axx,2,3,Alpha,2002-03-22
9875,S19E35,-19,-35,71,140,Dao,9,9,Beta,2002-03-22
9876,S15E54,-15,-54,52,50,Cao,6,3,Beta,2002-03-22
9877,N16W44,16,44,150,40,Cro,8,3,Beta,2002-03-22
9878,N09E64,9,-64,42,110,Cao,11,5,Beta,2002-03-22
9879,N15W50,15,50,156,10,Cro,3,2,Beta,2002-03-22
9880,N08E35,8,-35,71,10,Bxo,4,5,Beta,2002-03-22
9870,S20W90,-20,90,182,90,Hsx,2,1,Alpha,2002-03-23
9871,S19W47,-19,47,139,200,Eao,11,7,Beta-Gamma,2002-03-23
9873,S18W82,-18,82,174,60,Hax,2,1,Alpha,2002-03-23
9874,N18W17,18,17,109,0,Axx,1,1,Alpha,2002-03-23
9875,S20E22,-20,-22,70,120,Esi,11,15,Beta,2002-03-23
9876,S16E44,-16,-44,48,80,Dso,10,7,Beta,2002-03-23
9877,N15W57,15,57,150,70,Dao,8,8,Beta,2002-03-23
9878,N08E53,8,-53,39,150,Dao,10,9,Beta,2002-03-23
9879,N15W63,15,63,156,130,Dso,6,6,Beta,2002-03-23
9880,N06E20,6,-20,72,10,Bxo,3,3,Beta,2002-03-23
9881,S05W09,-5,9,101,20,Cro,7,3,Beta,2002-03-23
9882,N14E72,14,-72,20,40,Bxo,4,2,Beta,2002-03-23
9871,S18W60,-18,60,139,170,Dso,10,5,Beta,2002-03-24
9873,S17W93,-17,93,172,50,Hsx,2,1,Alpha,2002-03-24
9875,S20E08,-20,-8,71,110,Dao,10,12,Beta,2002-03-24
9876,S16E30,-16,-30,49,160,Eao,12,18,Beta,2002-03-24
9878,N10E43,10,-43,36,150,Fao,16,15,Beta,2002-03-24
9879,N14W76,14,76,155,210,Dao,9,9,Beta,2002-03-24
9880,N06E07,6,-7,72,20,Cro,4,5,Beta,2002-03-24
9881,S04W20,-4,20,99,20,Bxo,6,4,Beta,2002-03-24
9882,N14E54,14,-54,25,130,Dao,6,6,Beta,2002-03-24
9883,N06E67,6,-67,12,30,Hsx,2,1,Alpha,2002-03-24
9871,S18W72,-18,72,138,100,Dao,10,6,Beta,2002-03-25
9875,S20W06,-20,6,72,90,Dao,6,5,Beta,2002-03-25
9876,S15E18,-15,-18,48,140,Eai,13,23,Beta,2002-03-25
9878,N09E28,9,-28,38,100,Esi,13,16,Beta-Gamma,2002-03-25
9879,N14W88,14,88,154,60,Dao,9,5,Beta,2002-03-25
9880,N07W08,7,8,74,20,Cso,6,10,Beta,2002-03-25
9881,S03W34,-3,34,100,20,Cso,5,7,Beta,2002-03-25
9882,N16E41,16,-41,25,90,Dao,6,6,Beta,2002-03-25
9883,N06E58,6,-58,8,50,Hsx,2,1,Alpha,2002-03-25
9871,S17W87,-17,87,140,50,Dso,9,3,Beta,2002-03-26
9875,S20W22,-20,22,75,50,Dao,2,4,Beta,2002-03-26
9876,S15E05,-15,-5,48,130,Eai,14,22,Beta-Gamma,2002-03-26
9878,N08E15,8,-15,38,150,Esi,14,18,Beta-Gamma,2002-03-26
9880,N08W22,8,22,75,80,Dao,7,15,Beta,2002-03-26
9881,S03W48,-3,48,101,130,Dao,6,14,Beta,2002-03-26
9882,N16E28,16,-28,25,50,Cao,7,5,Beta,2002-03-26
9883,N06E44,6,-44,9,40,Hsx,2,1,Alpha,2002-03-26
9875,S21W36,-21,36,76,60,Dao,2,2,Beta,2002-03-27
9876,S15W08,-15,8,48,140,Eai,14,23,Beta,2002-03-27
9878,N08E00,8,0,40,170,Esi,11,23,Beta-Gamma,2002-03-27
9880,N08W36,8,36,76,80,Dao,7,11,Beta,2002-03-27
9881,S03W62,-3,62,102,180,Dso,9,11,Beta,2002-03-27
9882,N16E14,16,-14,26,20,Dso,8,4,Beta,2002-03-27
9883,N06E30,6,-30,10,40,Hsx,1,1,Alpha,2002-03-27
9875,S21W49,-21,49,75,40,Cso,3,3,Beta,2002-03-28
9876,S15W22,-15,22,48,140,Eai,14,20,Beta,2002-03-28
9878,N10W13,10,13,39,150,Eai,11,20,Beta-Gamma-Delta,2002-03-28
9880,N08W50,8,50,76,220,Dai,8,19,Beta-Gamma,2002-03-28
9881,S03W75,-3,75,101,160,Dao,9,8,Beta,2002-03-28
9882,N16E01,16,-1,25,50,Dro,8,7,Beta,2002-03-28
9883,N06E17,6,-17,9,40,Hsx,1,2,Alpha,2002-03-28
9884,S18E38,-18,-38,348,40,Cao,4,6,Beta,2002-03-28
9885,N11E69,11,-69,317,120,Dao,7,4,Beta,2002-03-28
9875,S21W62,-21,62,75,10,Hsx,1,1,Alpha,2002-03-29
9876,S14W35,-14,35,48,130,Eai,13,26,Beta,2002-03-29
9878,N09W26,9,26,39,80,Eao,11,9,Beta-Gamma,2002-03-29
9880,N09W63,9,63,76,210,Dao,10,13,Beta,2002-03-29
9881,S03W87,-3,87,100,60,Hsx,2,1,Alpha,2002-03-29
9883,N06E04,6,-4,9,20,Hsx,1,1,Alpha,2002-03-29
9884,S19E25,-19,-25,348,40,Cro,5,7,Beta,2002-03-29
9885,N11E56,11,-56,317,190,Dso,10,6,Beta,2002-03-29
9876,S15W47,-15,47,47,90,Eso,12,21,Beta,2002-03-30
9878,N09W40,9,40,40,80,Dso,9,9,Beta,2002-03-30
9880,N08W76,8,76,76,400,Dao,10,14,Beta-Gamma,2002-03-30
9883,N07W10,7,10,10,20,Hsx,2,3,Alpha,2002-03-30
9884,S19E14,-19,-14,346,60,Dso,5,13,Beta,2002-03-30
9885,N12E44,12,-44,316,460,Eai,15,25,Beta-Gamma,2002-03-30
9886,N11E59,11,-59,301,90,Dso,6,7,Beta,2002-03-30
9887,N01E66,1,-66,294,10,Bxo,4,3,Beta,2002-03-30
9888,S11E70,-11,-70,290,150,Cao,4,4,Beta,2002-03-30
9876,S14W61,-14,61,48,30,Dso,9,5,Beta,2002-03-31
9878,N09W55,9,55,42,60,Dso,7,5,Beta,2002-03-31
9880,N08W89,8,89,76,120,Dao,8,4,Beta,2002-03-31
9883,N07W23,7,23,10,0,Axx,0,1,Alpha,2002-03-31
9884,S19E02,-19,-2,345,60,Dao,6,11,Beta,2002-03-31
9885,N11E27,11,-27,320,580,Eki,13,32,Beta-Gamma-Delta,2002-03-31
9886,N12E42,12,-42,305,80,Dao,8,8,Beta,2002-03-31
9887,N01E51,1,-51,296,170,Dao,8,10,Beta,2002-03-31
9888,S12E58,-12,-58,289,110,Cao,5,5,Beta,2002-03-31
9876,S14W82,-14,82,56,0,Axx,0,1,Alpha,2002-04-01
9878,N08W68,8,68,42,20,Bxo,6,2,Beta,2002-04-01
9884,S19W11,-19,11,345,100,Dao,7,5,Beta,2002-04-01
9885,N10E14,10,-14,320,600,Fki,16,19,Beta-Gamma,2002-04-01
9886,N11E30,11,-30,304,100,Dso,9,8,Beta,2002-04-01
9887,N01E37,1,-37,297,240,Eai,11,11,Beta-Gamma,2002-04-01
9888,S13E46,-13,-46,288,190,Dso,7,5,Beta,2002-04-01
9889,S20E48,-20,-48,286,20,Cso,5,2,Beta,2002-04-01
9876,S18W92,-18,92,53,10,Hrx,2,3,Alpha,2002-04-02
9878,N08W82,8,82,43,20,Hrx,1,2,Alpha,2002-04-02
9884,S19W25,-19,25,346,120,Dso,7,9,Beta,2002-04-02
9885,N11E01,11,-1,320,710,Eki,15,33,Beta-Gamma,2002-04-02
9886,N11E16,11,-16,305,180,Dao,9,21,Beta,2002-04-02
9887,N01E24,1,-24,297,490,Dki,10,25,Beta-Gamma,2002-04-02
9888,S13E32,-13,-32,289,330,Dao,7,14,Beta,2002-04-02
9889,S20E30,-20,-30,291,20,Hsx,2,2,Alpha,2002-04-02
9884,S18W39,-18,39,346,120,Cso,7,13,Beta,2002-04-03
9885,N13W14,13,14,321,600,Fki,16,41,Beta-Gamma,2002-04-03
9886,N12E02,12,-2,305,110,Dai,11,32,Beta,2002-04-03
9887,N02E11,2,-11,296,700,Eki,12,48,Beta-Gamma,2002-04-03
9888,S12E19,-12,-19,288,250,Dai,9,24,Beta,2002-04-03
9889,S19E18,-19,-18,289,20,Cao,4,7,Beta,2002-04-03
9890,S15W49,-15,49,356,0,Axx,0,1,Alpha,2002-04-03
9891,S08W08,-8,8,315,0,Axx,0,1,Alpha,2002-04-03
9892,N05E63,5,-63,244,90,Cro,6,5,Beta,2002-04-03
9884,S17W53,-17,53,347,40,Hax,2,1,Alpha,2002-04-04
9885,N13W26,13,26,320,500,Eko,15,17,Beta-Gamma,2002-04-04
9886,N12W10,12,10,304,110,Dso,9,9,Beta,2002-04-04
9887,N02W02,2,2,296,710,Eki,12,22,Beta-Gamma,2002-04-04
9888,S13E07,-13,-7,287,250,Dho,9,13,Beta,2002-04-04
9889,S19E05,-19,-5,289,0,Bxo,0,2,Beta,2002-04-04
9891,S08W22,-8,22,316,10,Bxo,3,3,Beta,2002-04-04
9892,N04E49,4,-49,245,40,Cso,8,4,Beta,2002-04-04
9893,N18E78,18,-78,216,30,Hsx,5,1,Alpha,2002-04-04
9884,S17W67,-17,67,348,30,Hsx,2,1,Alpha,2002-04-05
9885,N13W39,13,39,320,510,Ehi,15,27,Beta-Gamma,2002-04-05
9886,N13W24,13,24,305,100,Dso,8,16,Beta,2002-04-05
9887,N02W16,2,16,297,720,Eki,12,26,Beta-Gamma,2002-04-05
9888,S12W06,-12,6,287,180,Dao,7,11,Beta,2002-04-05
9889,S20W06,-20,6,287,0,Bxo,2,2,Beta,2002-04-05
9892,N09E34,9,-34,247,30,Cso,3,5,Beta,2002-04-05
9893,N18E64,18,-64,217,250,Eho,11,8,Beta,2002-04-05
9884,S17W77,-17,77,345,30,Hrx,2,2,Alpha,2002-04-06
9885,N13W51,13,51,319,550,Eki,15,22,Beta-Gamma,2002-04-06
9886,N14W38,14,38,306,110,Dai,8,17,Beta,2002-04-06
9887,N03W29,3,29,297,690,Eki,14,23,Beta-Gamma,2002-04-06
9888,S12W19,-12,19,287,180,Dao,6,9,Beta,2002-04-06
9892,N05E20,5,-20,248,10,Hrx,1,2,Alpha,2002-04-06
9893,N19E53,19,-53,215,320,Eai,14,15,Beta-Gamma,2002-04-06
9894,N14W09,14,9,277,20,Cro,6,6,Beta,2002-04-06
9895,N06E58,6,-58,210,20,Bxo,7,3,Beta,2002-04-06
9896,S11E74,-11,-74,194,100,Hsx,2,1,Alpha,2002-04-06
9884,S17W90,-17,90,345,30,Bxo,4,3,Beta,2002-04-07
9885,N13W64,13,64,319,320,Eai,12,15,Beta-Gamma,2002-04-07
9886,N14W51,14,51,306,120,Dao,10,16,Beta,2002-04-07
9887,N03W42,3,42,297,630,Eki,14,28,Beta-Gamma,2002-04-07
9888,S12W32,-12,32,287,140,Cko,4,5,Beta,2002-04-07
9892,N05E07,5,-7,248,10,Axx,1,2,Alpha,2002-04-07
9893,N19E40,19,-40,215,370,Eki,15,21,Beta-Gamma,2002-04-07
9894,N14W22,14,22,277,10,Hrx,1,2,Alpha,2002-04-07
9895,N06E45,6,-45,210,20,Bxo,4,3,Beta,2002-04-07
9896,S11E61,-11,-61,194,110,Hsx,2,1,Alpha,2002-04-07
9897,S01W02,-1,2,257,50,Dao,4,5,Beta,2002-04-07
9898,S19E66,-19,-66,189,40,Dao,3,2,Beta,2002-04-07
9899,N18E72,18,-72,183,160,Hax,2,1,Alpha,2002-04-07
9885,N13W80,13,80,321,170,Dao,10,4,Beta,2002-04-08
9886,N14W67,14,67,308,90,Dso,7,6,Beta,2002-04-08
9887,N02W56,2,56,297,560,Eko,14,15,Beta-Gamma,2002-04-08
9888,S11W45,-11,45,287,160,Hkx,3,5,Alpha,2002-04-08
9892,N05W06,5,6,247,10,Bxo,4,3,Beta,2002-04-08
9893,N18E27,18,-27,215,360,Fki,16,26,Beta-Gamma,2002-04-08
9896,S11E47,-11,-47,194,80,Hsx,2,1,Alpha,2002-04-08
9897,S02W17,-2,17,258,70,Dso,5,9,Beta,2002-04-08
9898,S18E53,-18,-53,188,30,Bxo,3,4,Beta,2002-04-08
9899,N18E59,18,-59,183,180,Hsx,2,1,Alpha,2002-04-08
9900,S29E07,-29,-7,234,80,Dso,8,14,Beta,2002-04-08
9901,N20E37,20,-37,204,60,Bxo,6,8,Beta,2002-04-08
9902,N11E75,11,-75,166,120,Hax,2,1,Alpha,2002-04-08
9885,N13W90,13,90,318,120,Hsx,3,4,Alpha,2002-04-09
9886,N14W80,14,80,308,50,Bxo,4,5,Beta,2002-04-09
9887,N02W69,2,69,297,420,Eao,13,6,Beta,2002-04-09
9888,S12W59,-12,59,287,110,Cso,7,4,Beta,2002-04-09
9892,N05W19,5,19,247,10,Cro,3,2,Beta,2002-04-09
9893,N18E13,18,-13,215,450,Fhi,16,27,Beta-Gamma-Delta,2002-04-09
9896,S11E34,-11,-34,194,80,Hsx,2,1,Alpha,2002-04-09
9897,S02W30,-2,30,258,30,Dso,5,6,Beta,2002-04-09
9898,S19E40,-19,-40,188,10,Cro,3,4,Beta,2002-04-09
9899,N18E46,18,-46,183,220,Cko,4,3,Beta,2002-04-09
9900,S29W06,-29,6,234,150,Eai,11,20,Beta,2002-04-09
9901,N19E24,19,-24,204,130,Dai,7,17,Beta,2002-04-09
9902,N13E64,13,-64,164,90,Cso,10,3,Beta,2002-04-09
9903,N19E74,19,-74,154,60,Dso,7,3,Beta,2002-04-09
9887,N04W82,4,82,297,250,Eao,13,5,Beta-Gamma,2002-04-10
9888,S11W72,-11,72,287,40,Cso,9,2,Beta,2002-04-10
9893,N19W00,19,0,215,490,Eai,13,25,Beta-Gamma-Delta,2002-04-10
9896,S11E21,-11,-21,194,100,Hsx,2,2,Alpha,2002-04-10
9897,S02W43,-2,43,258,20,Cso,5,2,Beta,2002-04-10
9898,S19E25,-19,-25,190,10,Bxo,8,4,Beta,2002-04-10
9899,N18E33,18,-33,183,190,Dso,6,6,Beta,2002-04-10
9900,S29W19,-29,19,234,180,Eai,12,20,Beta,2002-04-10
9901,N19E11,19,-11,204,200,Dai,7,11,Beta,2002-04-10
9902,N13E54,13,-54,161,120,Eso,15,4,Beta,2002-04-10
9903,N19E61,19,-61,154,50,Cao,4,4,Beta,2002-04-10
9904,S16W07,-16,7,222,60,Cao,3,7,Beta,2002-04-10
9887,N03W93,3,93,285,60,Cao,2,2,Beta-Gamma,2002-04-11
9888,S13W86,-13,86,288,10,Axx,0,1,Alpha,2002-04-11
9893,N19W14,19,14,216,300,Eki,13,20,Beta-Gamma,2002-04-11
9896,S11E08,-11,-8,194,110,Hsx,2,1,Alpha,2002-04-11
9897,S02W59,-2,59,261,30,Cso,3,2,Beta,2002-04-11
9898,S19E12,-19,-12,190,10,Axx,1,1,Alpha,2002-04-11
9899,N18E22,18,-22,180,220,Dao,5,9,Beta,2002-04-11
9900,S28W32,-28,32,234,110,Esi,11,18,Beta-Gamma,2002-04-11
9901,N20W02,20,2,204,190,Dai,9,19,Beta-Gamma,2002-04-11
9902,N13E43,13,-43,159,100,Eso,15,3,Beta,2002-04-11
9903,N19E47,19,-47,155,60,Cso,4,4,Beta,2002-04-11
9904,S16W21,-16,21,223,50,Cso,4,6,Beta-Gamma-Delta,2002-04-11
9905,S17E04,-17,-4,198,40,Cso,4,4,Beta,2002-04-11
9893,N19W27,19,27,216,340,Eai,15,27,Beta-Gamma,2002-04-12
9896,S11W07,-11,7,196,110,Hsx,2,1,Alpha,2002-04-12
9897,S02W74,-2,74,263,10,Axx,1,1,Alpha,2002-04-12
9898,S18W02,-18,2,191,10,Axx,1,1,Alpha,2002-04-12
9899,N18E09,18,-9,180,210,Dao,5,6,Beta,2002-04-12
9900,S28W45,-28,45,234,100,Dao,10,13,Beta,2002-04-12
9901,N21W14,21,14,203,190,Dai,7,16,Beta-Gamma-Delta,2002-04-12
9902,N13E31,13,-31,158,80,Eso,14,5,Beta,2002-04-12
9903,N19E34,19,-34,155,40,Cso,3,5,Beta,2002-04-12
9904,S16W36,-16,36,225,20,Bxo,3,4,Beta,2002-04-12
9905,S15W13,-15,13,202,40,Cao,5,7,Beta,2002-04-12
9906,S16E40,-16,-40,149,80,Dso,5,9,Beta,2002-04-12
9907,S04E74,-4,-74,115,200,Dso,10,10,Beta,2002-04-12
9893,N20W39,20,39,214,390,Eai,15,31,Beta-Gamma-Delta,2002-04-13
9896,S11W19,-11,19,194,80,Dso,5,5,Beta,2002-04-13
9899,N17W04,17,4,179,180,Dso,5,9,Beta,2002-04-13
9900,S28W57,-28,57,232,140,Dao,8,14,Beta-Gamma,2002-04-13
9901,N21W26,21,26,201,190,Dai,6,17,Beta-Gamma-Delta,2002-04-13
9902,N14E19,14,-19,156,120,Cso,14,8,Beta,2002-04-13
9903,N18E19,18,-19,156,30,Cro,4,4,Beta,2002-04-13
9904,S15W49,-15,49,224,30,Cro,4,5,Beta,2002-04-13
9905,S15W25,-15,25,200,50,Dao,7,12,Beta,2002-04-13
9906,S16E26,-16,-26,149,190,Dai,7,20,Beta-Gamma,2002-04-13
9907,S05E61,-5,-61,114,380,Eai,13,14,Beta-Gamma,2002-04-13
9908,N05W25,5,25,200,20,Cao,3,4,Beta,2002-04-13
9893,N18W53,18,53,215,400,Fki,16,17,Beta-Gamma-Delta,2002-04-14
9896,S10W33,-10,33,195,100,Hax,2,1,Alpha,2002-04-14
9899,N18W19,18,19,181,160,Hax,3,3,Alpha,2002-04-14
9900,S29W68,-29,68,230,100,Cso,9,10,Beta,2002-04-14
9901,N20W39,20,39,201,250,Dai,8,20,Beta-Gamma-Delta,2002-04-14
9902,N13E03,13,-3,159,90,Eao,13,7,Beta,2002-04-14
9904,S14W56,-14,56,218,30,Bxo,8,8,Beta,2002-04-14
9905,S15W41,-15,41,203,60,Dao,8,6,Beta,2002-04-14
9906,S15E13,-15,-13,149,470,Dkc,10,38,Beta-Gamma-Delta,2002-04-14
9907,S04E46,-4,-46,116,440,Dac,10,30,Beta-Gamma,2002-04-14
9908,N04W40,4,40,202,60,Dso,5,7,Beta,2002-04-14
9893,N20W67,20,67,216,400,Eai,13,13,Beta-Gamma-Delta,2002-04-15
9896,S09W46,-9,46,195,90,Hsx,2,1,Alpha,2002-04-15
9899,N19W32,19,32,181,190,Cso,4,4,Beta,2002-04-15
9900,S28W81,-28,81,230,40,Bxo,4,3,Beta,2002-04-15
9901,N22W56,22,56,205,180,Dao,8,14,Beta,2002-04-15
9902,N13W11,13,11,160,90,Eso,14,11,Beta,2002-04-15
9903,N15W02,15,2,151,0,Axx,0,1,Alpha,2002-04-15
9905,S14W55,-14,55,204,60,Dso,8,4,Beta,2002-04-15
9906,S15W02,-15,2,151,640,Eki,12,32,Beta-Gamma-Delta,2002-04-15
9907,S04E33,-4,-33,116,330,Dai,10,25,Beta,2002-04-15
9908,N05W54,5,54,203,20,Cso,5,7,Beta,2002-04-15
9909,N06E70,6,-70,79,130,Hsx,2,1,Alpha,2002-04-15
9893,N19W81,19,81,217,350,Cai,12,10,Beta-Gamma,2002-04-16
9896,S09W60,-9,60,196,90,Hsx,2,1,Alpha,2002-04-16
9899,N19W44,19,44,180,170,Cso,4,2,Beta,2002-04-16
9901,N21W70,21,70,206,350,Dki,9,11,Beta-Gamma-Delta,2002-04-16
9902,N12W28,12,28,164,120,Cso,5,8,Beta,2002-04-16
9903,N16W13,16,13,149,10,Bxo,6,4,Beta,2002-04-16
9905,S14W69,-14,69,205,110,Dso,8,8,Beta,2002-04-16
9906,S15W14,-15,14,150,690,Eki,13,34,Beta-Gamma,2002-04-16
9907,S04E21,-4,-21,115,270,Eai,11,35,Beta-Gamma,2002-04-16
9908,N05W70,5,70,206,30,Cro,3,4,Beta,2002-04-16
9909,N11E56,11,-56,80,180,Hsx,2,1,Alpha,2002-04-16
9910,S21E50,-21,-50,86,30,Bxo,4,5,Beta,2002-04-16
9896,S10W74,-10,74,197,90,Hsx,2,1,Alpha,2002-04-17
9899,N18W58,18,58,181,140,Cso,4,2,Beta,2002-04-17
9901,N21W86,21,86,209,270,Hkx,3,3,Alpha,2002-04-17
9902,N12W42,12,42,165,70,Cso,5,5,Beta,2002-04-17
9903,N17W25,17,25,148,10,Axx,1,2,Alpha,2002-04-17
9905,S15W83,-15,83,206,50,Dro,8,3,Beta,2002-04-17
9906,S15W28,-15,28,151,590,Eki,13,27,Beta-Gamma-Delta,2002-04-17
9907,S03E07,-3,-7,116,170,Eao,11,23,Beta,2002-04-17
9909,N11E42,11,-42,81,120,Hax,2,2,Alpha,2002-04-17
9910,S20E37,-20,-37,86,30,Cso,6,4,Beta,2002-04-17
9896,S10W85,-10,85,195,40,Hsx,2,1,Alpha,2002-04-18
9899,N19W71,19,71,181,100,Hsx,2,1,Alpha,2002-04-18
9902,N12W55,12,55,165,50,Cso,4,3,Beta,2002-04-18
9906,S14W41,-14,41,151,650,Eki,13,26,Beta-Gamma-Delta,2002-04-18
9907,S03W07,-3,7,117,100,Eai,11,25,Beta,2002-04-18
9909,N08E28,8,-28,82,100,Cso,3,3,Beta,2002-04-18
9910,S20E22,-20,-22,88,60,Dao,8,8,Beta,2002-04-18
9899,N19W86,19,86,182,100,Hsx,2,1,Alpha,2002-04-19
9902,N12W70,12,70,166,60,Hsx,2,1,Alpha,2002-04-19
9906,S14W55,-14,55,151,770,Ekc,15,33,Beta-Gamma,2002-04-19
9907,S02W22,-2,22,118,70,Dao,7,16,Beta,2002-04-19
9909,N08E15,8,-15,81,100,Cso,3,3,Beta,2002-04-19
9910,S20E07,-20,-7,89,210,Dao,10,18,Beta,2002-04-19
9911,S13E23,-13,-23,73,20,Bxo,3,4,Beta,2002-04-19
9912,N11E28,11,-28,68,50,Dso,4,4,Beta,2002-04-19
9902,N12W84,12,84,167,40,Hsx,2,1,Alpha,2002-04-20
9906,S14W66,-14,66,149,850,Ekc,15,37,Beta-Gamma,2002-04-20
9907,S03W32,-3,32,115,70,Dso,7,8,Beta,2002-04-20
9909,N07E02,7,-2,81,120,Cso,4,4,Beta,2002-04-20
9910,S20W06,-20,6,89,210,Dao,10,17,Beta,2002-04-20
9911,S13E11,-13,-11,72,40,Cao,4,6,Beta,2002-04-20
9912,N09E15,9,-15,68,60,Dao,5,12,Beta,2002-04-20
9913,S15E23,-15,-23,60,30,Bxo,5,6,Beta,2002-04-20
9914,N04E72,4,-72,11,10,Axx,1,1,Alpha,2002-04-20
9906,S14W79,-14,79,149,680,Eac,13,27,Beta-Gamma,2002-04-21
9907,S03W48,-3,48,118,70,Dao,6,5,Beta,2002-04-21
9909,N07W10,7,10,80,100,Cao,6,6,Beta,2002-04-21
9910,S20W18,-20,18,88,180,Eao,12,23,Beta,2002-04-21
9911,S13W04,-13,4,74,30,Dso,6,8,Beta,2002-04-21
9912,N10E02,10,-2,68,200,Dao,6,26,Beta,2002-04-21
9913,S16E10,-16,-10,60,30,Cso,6,6,Beta,2002-04-21
9914,N05E59,5,-59,11,40,Cao,5,4,Beta,2002-04-21
9906,S14W90,-14,90,147,330,Eai,12,14,Beta-Gamma,2002-04-22
9907,S03W63,-3,63,120,20,Cro,5,2,Beta,2002-04-22
9909,N07W24,7,24,81,50,Hsx,2,2,Alpha,2002-04-22
9910,S20W33,-20,33,90,100,Cao,11,13,Beta,2002-04-22
9912,N10W12,10,12,69,270,Dai,7,21,Beta-Gamma,2002-04-22
9913,S17W02,-17,2,59,10,Bxo,5,8,Beta,2002-04-22
9914,N04E44,4,-44,13,70,Cao,6,5,Beta,2002-04-22
9915,N11E54,11,-54,3,30,Hrx,1,1,Alpha,2002-04-22
9916,S17E71,-17,-71,346,150,Dao,6,4,Beta,2002-04-22
9909,N08W37,8,37,81,50,Hsx,2,1,Alpha,2002-04-23
9910,S21W47,-21,47,91,80,Cso,11,6,Beta,2002-04-23
9912,N10W25,10,25,69,320,Dai,7,15,Beta-Gamma,2002-04-23
9913,S15W19,-15,19,63,20,Hrx,1,1,Alpha,2002-04-23
9914,N04E31,4,-31,13,150,Dso,7,9,Beta,2002-04-23
9915,N12E42,12,-42,2,120,Dao,6,9,Beta,2002-04-23
9916,S17E60,-17,-60,344,150,Dso,10,8,Beta,2002-04-23
9917,S30E45,-30,-45,359,20,Cro,3,2,Beta,2002-04-23
9918,N06E00,6,0,44,10,Bxo,3,3,Beta,2002-04-23
9919,N11E80,11,-80,324,60,Hsx,3,1,Alpha,2002-04-23
9909,N08W50,8,50,80,40,Hsx,2,1,Alpha,2002-04-24
9910,S19W62,-19,62,92,80,Hsx,3,1,Alpha,2002-04-24
9912,N11W38,11,38,68,240,Dai,7,16,Beta,2002-04-24
9913,S15W31,-15,31,61,30,Cso,6,6,Beta,2002-04-24
9914,N04E18,4,-18,12,140,Dao,9,15,Beta,2002-04-24
9915,N11E28,11,-28,2,180,Dao,7,13,Beta,2002-04-24
9916,S18E47,-18,-47,343,150,Dao,9,9,Beta,2002-04-24
9919,N10E66,10,-66,324,160,Dso,5,2,Beta,2002-04-24
9920,S23W03,-23,3,33,30,Cso,3,4,Beta,2002-04-24
9921,N12E41,12,-41,349,0,Axx,1,1,Alpha,2002-04-24
9922,N19E56,19,-56,334,10,Axx,2,2,Alpha,2002-04-24
9909,N07W64,7,64,81,50,Hsx,1,1,Alpha,2002-04-25
9910,S21W74,-21,74,91,80,Hsx,10,2,Alpha,2002-04-25
9912,N09W52,9,52,69,230,Dao,6,15,Beta,2002-04-25
9913,S16W44,-16,44,61,40,Cso,5,13,Beta,2002-04-25
9914,N04E04,4,-4,13,230,Dao,10,23,Beta,2002-04-25
9915,N12E14,12,-14,3,180,Cao,6,11,Beta,2002-04-25
9916,S18E32,-18,-32,345,100,Eao,12,19,Beta,2002-04-25
9919,N12E57,12,-57,320,230,Fao,17,6,Beta,2002-04-25
9920,S23W15,-23,15,32,20,Cso,3,2,Beta,2002-04-25
9922,N21E40,21,-40,337,10,Bxo,0,3,Beta,2002-04-25
9923,S03W31,-3,31,48,20,Cro,4,8,Beta,2002-04-25
9924,S17W07,-17,7,24,60,Dao,7,18,Beta,2002-04-25
9925,S14W21,-14,21,38,40,Dso,4,5,Beta,2002-04-25
9909,N08W76,8,76,80,20,Hsx,1,1,Alpha,2002-04-26
9910,S21W86,-21,86,90,40,Hsx,2,2,Alpha,2002-04-26
9912,N11W65,11,65,69,130,Dao,6,6,Beta,2002-04-26
9913,S14W58,-14,58,62,40,Cso,5,6,Beta,2002-04-26
9914,N04W10,4,10,14,180,Dao,9,10,Beta,2002-04-26
9915,N12E01,12,-1,3,130,Cao,5,10,Beta,2002-04-26
9916,S17E20,-17,-20,344,50,Dao,8,9,Beta,2002-04-26
9919,N12E46,12,-46,318,100,Eao,15,7,Beta,2002-04-26
9920,S24W28,-24,28,32,20,Cso,1,2,Beta,2002-04-26
9922,N23E25,23,-25,339,30,Bxo,7,5,Beta,2002-04-26
9923,S03W47,-3,47,51,40,Cro,7,6,Beta,2002-04-26
9924,S15W20,-15,20,24,30,Dao,8,6,Beta,2002-04-26
9925,S14W36,-14,36,40,40,Dso,4,8,Beta,2002-04-26
9912,N11W78,11,78,69,130,Cao,9,7,Beta,2002-04-27
9913,S15W72,-15,72,63,40,Cro,5,6,Beta,2002-04-27
9914,N04W25,4,25,16,260,Dso,9,8,Beta,2002-04-27
9915,N11W12,11,12,3,190,Dao,7,12,Beta,2002-04-27
9916,S06E07,-6,-7,344,30,Cso,9,7,Beta,2002-04-27
9919,N12E33,12,-33,318,190,Eso,14,6,Beta,2002-04-27
9922,N22E13,22,-13,338,20,Bxo,11,3,Beta,2002-04-27
9923,S03W60,-3,60,51,40,Cso,7,7,Beta,2002-04-27
9924,S16W36,-16,36,27,10,Hrx,1,1,Alpha,2002-04-27
9925,S14W49,-14,49,40,20,Cro,5,5,Beta,2002-04-27
9912,N11W90,11,90,68,90,Hax,2,2,Alpha,2002-04-28
9914,N05W38,5,38,16,220,Dso,9,9,Beta,2002-04-28
9915,N11W26,11,26,4,280,Dko,7,15,Beta,2002-04-28
9916,S18W06,-18,6,344,20,Cso,6,6,Beta,2002-04-28
9919,N12E14,12,-14,324,110,Dso,5,3,Beta,2002-04-28
9920,S20W52,-20,52,30,10,Cro,2,2,Beta,2002-04-28
9921,N13W13,13,13,351,30,Dao,3,5,Beta,2002-04-28
9922,N22E04,22,-4,334,20,Hax,2,1,Alpha,2002-04-28
9923,S03W72,-3,72,50,20,Bxo,5,4,Beta,2002-04-28
9924,S15W51,-15,51,29,10,Hrx,0,1,Alpha,2002-04-28
9925,S14W65,-14,65,43,10,Bxo,2,2,Beta,2002-04-28
9926,N12E26,12,-26,312,60,Dao,3,3,Beta,2002-04-28
9914,N05W51,5,51,16,170,Dso,9,5,Beta,2002-04-29
9915,N12W40,12,40,5,240,Dai,9,18,Beta,2002-04-29
9916,S18W19,-18,19,344,30,Cro,6,7,Beta,2002-04-29
9919,N14E01,14,-1,324,130,Dso,6,8,Beta,2002-04-29
9921,N14W27,14,27,352,50,Dso,5,5,Beta,2002-04-29
9922,N22W13,22,13,338,10,Axx,0,1,Alpha,2002-04-29
9926,N13E11,13,-11,314,60,Dso,3,7,Beta,2002-04-29
9914,N06W64,6,64,15,160,Dao,8,3,Beta,2002-04-30
9915,N12W53,12,53,4,200,Dai,8,9,Beta,2002-04-30
9916,S15W30,-15,30,341,30,Cso,5,4,Beta,2002-04-30
9919,N15W13,15,13,324,90,Cso,6,7,Beta,2002-04-30
9921,N14W41,14,41,352,10,Cro,2,2,Beta,2002-04-30
9922,N22W24,22,24,335,20,Axx,1,2,Alpha,2002-04-30
9926,N14W01,14,1,312,80,Cao,2,3,Beta,2002-04-30
9927,S28E68,-28,-68,243,70,Hsx,2,2,Beta,2002-04-30
9928,N18E75,18,-75,236,130,Hax,2,2,Alpha,2002-04-30
9914,N05W80,5,80,18,110,Cso,9,3,Beta,2002-05-01
9915,N12W69,12,69,7,150,Dso,10,6,Beta,2002-05-01
9919,N14W28,14,28,326,70,Cso,5,6,Beta,2002-05-01
9922,N22W38,22,38,336,10,Bxo,7,2,Beta,2002-05-01
9926,N14W15,14,15,313,60,Cao,3,5,Beta,2002-05-01
9927,S29E55,-29,-55,243,70,Cso,7,4,Beta,2002-05-01
9928,N18E61,18,-61,237,70,Cso,3,4,Beta,2002-05-01
9929,N22E16,22,-16,282,10,Bxo,3,3,Beta,2002-05-01
9914,N05W92,5,92,17,50,Hsx,2,1,Alpha,2002-05-02
9915,N12W80,12,80,5,150,Cao,9,4,Beta,2002-05-02
9919,N13W40,13,40,325,60,Hsx,2,1,Alpha,2002-05-02
9926,N14W29,14,29,314,70,Dao,5,11,Beta-Gamma,2002-05-02
9927,S30E43,-30,-43,242,80,Cso,7,6,Beta,2002-05-02
9928,N17E48,17,-48,237,120,Dao,3,5,Beta,2002-05-02
9930,N12W17,12,17,302,30,Cso,5,10,Beta,2002-05-02
9931,N15E19,15,-19,266,30,Cao,5,8,Beta,2002-05-02
9932,S28E56,-28,-56,229,40,Cao,3,3,Beta,2002-05-02
9933,N16E64,16,-64,221,90,Hsx,2,1,Alpha,2002-05-02
9934,S18E73,-18,-73,212,240,Dao,10,6,Beta,2002-05-02
9919,N13W54,13,54,326,60,Hsx,2,1,Alpha,2002-05-03
9926,N14W42,14,42,314,80,Dao,5,9,Beta-Gamma,2002-05-03
9927,S29E27,-29,-27,245,50,Hsx,2,4,Alpha,2002-05-03
9928,N17E35,17,-35,237,80,Dao,3,6,Beta-Gamma,2002-05-03
9929,N21W11,21,11,283,0,Axx,0,1,Alpha,2002-05-03
9930,N12W30,12,30,302,50,Dro,5,9,Beta,2002-05-03
9931,N16E06,16,-6,266,60,Dao,7,9,Beta,2002-05-03
9932,S28E44,-28,-44,228,110,Dao,7,4,Beta,2002-05-03
9933,N17E52,17,-52,220,90,Hsx,2,1,Alpha,2002-05-03
9934,S18E62,-18,-62,210,420,Eao,13,11,Beta-Gamma,2002-05-03
9935,S18E33,-18,-33,239,30,Cao,4,6,Beta,2002-05-03
9936,S15E42,-15,-42,230,50,Dso,5,6,Beta,2002-05-03
9919,N13W68,13,68,327,50,Hsx,2,1,Alpha,2002-05-04
9926,N15W56,15,56,315,40,Dro,6,4,Beta-Gamma,2002-05-04
9927,S28E14,-28,-14,245,30,Hsx,2,2,Alpha,2002-05-04
9928,N18E22,18,-22,237,130,Dao,5,17,Beta,2002-05-04
9929,N22W26,22,26,285,80,Dso,5,12,Beta,2002-05-04
9930,N12W44,12,44,303,20,Cro,6,3,Beta,2002-05-04
9931,N16W09,16,9,268,120,Dso,8,13,Beta,2002-05-04
9932,S28E31,-28,-31,228,160,Dao,9,10,Beta,2002-05-04
9933,N18E37,18,-37,222,100,Cso,4,4,Beta,2002-05-04
9934,S17E48,-17,-48,211,580,Eki,14,21,Beta-Gamma-Delta,2002-05-04
9935,S19E16,-19,-16,243,50,Dso,4,6,Beta,2002-05-04
9936,S16E27,-16,-27,232,30,Cro,5,5,Beta,2002-05-04
9937,S09E68,-9,-68,191,70,Cso,3,3,Beta,2002-05-04
9938,S04E72,-4,-72,187,30,Hsx,1,1,Alpha,2002-05-04
9919,N13W80,13,80,325,30,Hsx,2,1,Alpha,2002-05-05
9926,N14W70,14,70,315,50,Hsx,2,1,Alpha,2002-05-05
9927,S28E02,-28,-2,243,20,Bxo,1,5,Alpha,2002-05-05
9928,N17E10,17,-10,235,100,Dao,7,20,Beta,2002-05-05
9929,N21W41,21,41,286,140,Dso,7,14,Beta,2002-05-05
9931,N15W23,15,23,268,90,Eso,11,14,Beta,2002-05-05
9932,S28E19,-28,-19,226,120,Dao,9,16,Beta,2002-05-05
9933,N17E25,17,-25,220,70,Cso,3,2,Beta,2002-05-05
9934,S17E35,-17,-35,210,520,Eki,12,27,Beta-Gamma-Delta,2002-05-05
9935,S19E04,-19,-4,241,40,Dso,5,7,Beta,2002-05-05
9936,S17E15,-17,-15,230,40,Cso,7,8,Beta,2002-05-05
9937,S10E56,-10,-56,189,100,Dao,4,3,Beta,2002-05-05
9938,S05E59,-5,-59,186,40,Hsx,1,1,Alpha,2002-05-05
9939,N16E67,16,-67,178,50,Hax,2,1,Alpha,2002-05-05
9940,N14E72,14,-72,173,70,Hax,2,1,Alpha,2002-05-05
9926,N13W82,13,82,314,40,Hsx,1,1,Alpha,2002-05-06
9927,S28W13,-28,13,245,20,Bxo,1,4,Beta,2002-05-06
9928,N18W05,18,5,237,90,Dao,6,15,Beta,2002-05-06
9929,N22W53,22,53,285,210,Dao,8,13,Beta,2002-05-06
9931,N16W37,16,37,269,70,Cao,9,10,Beta,2002-05-06
9932,S28E05,-28,-5,227,100,Eai,11,16,Beta,2002-05-06
9933,N18E12,18,-12,220,100,Hsx,4,3,Alpha,2002-05-06
9934,S17E21,-17,-21,211,540,Eki,15,36,Beta-Gamma-Delta,2002-05-06
9935,S19W11,-19,11,243,20,Bxo,5,7,Beta,2002-05-06
9936,S17E01,-17,-1,231,40,Cao,7,10,Beta,2002-05-06
9937,S09E42,-9,-42,190,210,Dai,7,10,Beta,2002-05-06
9938,S05E46,-5,-46,186,30,Hsx,1,1,Alpha,2002-05-06
9939,N17E52,17,-52,180,50,Hsx,2,1,Alpha,2002-05-06
9940,N13E55,13,-55,177,40,Hsx,2,2,Alpha,2002-05-06
9941,S22E09,-22,-9,223,50,Dao,5,10,Beta,2002-05-06
9942,N22E34,22,-34,198,20,Cso,4,4,Beta,2002-05-06
9943,S11E63,-11,-63,169,50,Cao,7,4,Beta,2002-05-06
9928,N18W18,18,18,237,50,Cso,12,8,Beta,2002-05-07
9929,N23W66,23,66,285,170,Dao,6,5,Beta,2002-05-07
9931,N15W51,15,51,270,50,Cso,5,3,Beta,2002-05-07
9932,S28W08,-28,8,227,70,Eso,11,10,Beta,2002-05-07
9933,N18E00,18,0,219,100,Hsx,3,1,Alpha,2002-05-07
9934,S17E08,-17,-8,211,500,Eki,11,23,Beta-Gamma,2002-05-07
9935,S19W23,-19,23,242,0,Axx,0,1,Alpha,2002-05-07
9936,S16W13,-16,13,232,20,Cso,5,5,Beta,2002-05-07
9937,S10E29,-10,-29,190,180,Dko,6,9,Beta,2002-05-07
9938,S05E32,-5,-32,187,30,Hax,1,1,Alpha,2002-05-07
9939,N17E40,17,-40,179,40,Hsx,1,1,Alpha,2002-05-07
9940,N13E42,13,-42,177,40,Hax,2,1,Alpha,2002-05-07
9941,S22W03,-22,3,222,40,Dso,7,6,Beta,2002-05-07
9942,N21E21,21,-21,198,10,Axx,1,1,Alpha,2002-05-07
9943,S11E50,-11,-50,169,20,Hsx,1,1,Alpha,2002-05-07
9928,N19W32,19,32,237,30,Cso,4,4,Beta,2002-05-08
9929,N23W81,23,81,286,90,Hax,6,1,Alpha,2002-05-08
9931,N15W66,15,66,271,30,Hsx,1,1,Alpha,2002-05-08
9932,S27W20,-27,20,225,50,Eso,12,5,Beta,2002-05-08
9933,N18W15,18,15,220,70,Hsx,2,1,Alpha,2002-05-08
9934,S17W06,-17,6,211,510,Eki,11,21,Beta-Gamma,2002-05-08
9936,S16W28,-16,28,233,20,Hsx,1,1,Alpha,2002-05-08
9937,S09E15,-9,-15,190,120,Dao,5,8,Beta,2002-05-08
9938,S05E18,-5,-18,187,20,Hsx,1,1,Alpha,2002-05-08
9939,N16E27,16,-27,178,20,Hsx,1,1,Alpha,2002-05-08
9940,N15E28,15,-28,177,20,Hsx,1,1,Alpha,2002-05-08
9941,S22W18,-22,18,223,20,Cso,4,3,Beta,2002-05-08
9942,N21E10,21,-10,195,10,Axx,4,2,Alpha,2002-05-08
9943,S10E37,-10,-37,168,30,Cso,3,3,Beta,2002-05-08
9944,N08E35,8,-35,170,40,Cro,6,3,Beta,2002-05-08
9945,S05E66,-5,-66,139,240,Hkx,3,1,Alpha,2002-05-08
9927,S23W34,-23,34,226,30,Dso,7,2,Beta,2002-05-09
9928,N19W45,19,45,237,10,Hrx,1,1,Alpha,2002-05-09
9931,N15W79,15,79,271,60,Hsx,3,1,Alpha,2002-05-09
9932,S27W33,-27,33,225,30,Hax,2,2,Alpha,2002-05-09
9933,N18W28,18,28,220,80,Hsx,2,1,Alpha,2002-05-09
9934,S16W19,-16,19,211,540,Eki,14,18,Beta-Gamma,2002-05-09
9935,S17W41,-17,41,233,10,Axx,0,1,Alpha,2002-05-09
9936,S16W41,-16,41,233,10,Axx,1,1,Alpha,2002-05-09
9937,S08E02,-8,-2,190,150,Dao,6,9,Beta,2002-05-09
9938,S05E05,-5,-5,187,20,Hax,1,2,Beta,2002-05-09
9939,N16E14,16,-14,178,20,Hax,1,2,Beta,2002-05-09
9940,N15E15,15,-15,177,50,Dso,5,11,Beta,2002-05-09
9941,S22W31,-22,31,223,30,Dao,4,4,Beta,2002-05-09
9942,N21W03,21,3,195,10,Bxo,4,2,Beta,2002-05-09
9943,S10E24,-10,-24,168,20,Bxo,6,5,Beta,2002-05-09
9944,N08E22,8,-22,170,10,Axx,1,2,Beta,2002-05-09
9945,S05E53,-5,-53,139,290,Hkx,3,2,Alpha,2002-05-09
9946,S08E65,-8,-65,127,70,Dao,4,3,Beta,2002-05-09
9931,N15W90,15,90,269,60,Hax,2,1,Alpha,2002-05-10
9932,S27W46,-27,46,225,40,Cao,13,5,Beta,2002-05-10
9933,N18W41,18,41,220,80,Hsx,3,2,Alpha,2002-05-10
9934,S16W32,-16,32,211,610,Eki,14,37,Beta-Gamma,2002-05-10
9935,S19W64,-19,64,243,30,Cso,3,3,Beta,2002-05-10
9936,S16W54,-16,54,233,0,Axx,0,1,Alpha,2002-05-10
9937,S08W11,-8,11,190,150,Dao,6,12,Beta,2002-05-10
9938,S05W08,-5,8,187,20,Hsx,1,1,Alpha,2002-05-10
9939,N19W01,19,1,180,30,Hsx,1,1,Alpha,2002-05-10
9940,N15E03,15,-3,176,80,Dso,6,14,Beta,2002-05-10
9941,S22W44,-22,44,223,20,Hsx,1,1,Alpha,2002-05-10
9943,S10E11,-10,-11,168,10,Cso,3,3,Beta,2002-05-10
9944,N08E09,8,-9,170,20,Bxo,8,5,Beta,2002-05-10
9945,S05E40,-5,-40,139,370,Cko,4,4,Beta,2002-05-10
9946,S06E52,-6,-52,127,100,Dao,3,4,Beta,2002-05-10
9932,S27W56,-27,56,221,20,Hsx,1,1,Alpha,2002-05-11
9933,N18W54,18,54,220,60,Hsx,1,1,Alpha,2002-05-11
9934,S16W46,-16,46,211,1050,Eki,13,32,Beta-Gamma-Delta,2002-05-11
9937,S08W25,-8,25,190,190,Dao,6,20,Beta,2002-05-11
9938,S05W21,-5,21,187,30,Hsx,1,1,Alpha,2002-05-11
9939,N19W12,19,12,179,60,Cso,8,17,Beta,2002-05-11
9940,N17W11,17,11,176,40,Dso,8,13,Beta,2002-05-11
9941,S22W58,-22,58,223,20,Axx,1,1,Alpha,2002-05-11
9943,S10W03,-10,3,168,10,Bxo,7,3,Beta,2002-05-11
9945,S04E27,-4,-27,139,400,Cko,9,6,Beta,2002-05-11
9946,S06E38,-6,-38,127,50,Cso,6,14,Beta,2002-05-11
9947,N23W46,23,46,211,20,Bxo,3,3,Beta,2002-05-11
9948,S21E71,-21,-71,94,280,Cho,4,3,Beta,2002-05-11
9932,S27W67,-27,67,219,20,Axx,1,1,Alpha,2002-05-12
9933,N18W67,18,67,219,90,Hax,2,1,Alpha,2002-05-12
9934,S17W59,-17,59,211,1060,Fko,16,27,Beta-Gamma-Delta,2002-05-12
9937,S09W38,-9,38,190,240,Dai,8,18,Beta,2002-05-12
9938,S05W34,-5,34,186,10,Hsx,1,1,Alpha,2002-05-12
9940,N17W24,17,24,176,30,Eso,11,7,Beta,2002-05-12
9943,S10W16,-10,16,168,0,Axx,0,1,Alpha,2002-05-12
9945,S04E14,-4,-14,138,310,Dko,5,9,Beta,2002-05-12
9946,S06E25,-6,-25,127,60,Dao,7,16,Beta,2002-05-12
9947,N23W59,23,59,211,20,Axx,1,1,Alpha,2002-05-12
9948,S21E61,-21,-61,91,420,Eko,14,6,Beta,2002-05-12
9949,S16W06,-16,6,158,10,Hsx,2,3,Alpha,2002-05-12
9950,S06E44,-6,-44,108,30,Bxo,4,5,Beta,2002-05-12
9933,N18W81,18,81,220,50,Hsx,2,1,Alpha,2002-05-13
9934,S16W72,-16,72,211,960,Eki,14,25,Beta-Gamma-Delta,2002-05-13
9937,S08W50,-8,50,189,150,Dai,6,14,Beta-Gamma-Delta,2002-05-13
9938,S06W47,-6,47,186,0,Axx,0,1,Alpha,2002-05-13
9940,N18W38,18,38,177,30,Cso,5,6,Beta,2002-05-13
9945,S04E02,-4,-2,137,320,Dki,8,20,Beta,2002-05-13
9946,S05E12,-5,-12,127,40,Dao,7,10,Beta,2002-05-13
9948,S22E50,-22,-50,89,430,Eko,14,8,Beta,2002-05-13
9949,S16W20,-16,20,159,40,Dso,5,6,Beta,2002-05-13
9950,S06E31,-6,-31,108,90,Cso,6,8,Beta,2002-05-13
9951,N10E68,10,-68,71,20,Axx,1,1,Alpha,2002-05-13
9933,N18W92,18,92,218,40,Hsx,2,1,Alpha,2002-05-14
9934,S16W84,-16,84,210,700,Dki,10,8,Beta-Gamma-Delta,2002-05-14
9937,S07W64,-7,64,190,90,Dso,6,9,Beta,2002-05-14
9940,N19W51,19,51,177,10,Bxo,5,3,Beta,2002-05-14
9945,S04W12,-4,12,138,260,Cao,9,11,Beta,2002-05-14
9946,S05W02,-5,2,128,30,Cso,4,4,Beta,2002-05-14
9948,S22E38,-22,-38,88,360,Eko,13,5,Beta,2002-05-14
9949,S16W34,-16,34,160,30,Cso,0,4,Alpha,2002-05-14
9950,S06E18,-6,-18,108,100,Dao,7,9,Beta,2002-05-14
9951,N10E55,10,-55,71,20,Axx,1,1,Alpha,2002-05-14
9952,S15W22,-15,22,148,0,Axx,1,3,Alpha,2002-05-14
9934,S15W98,-15,98,211,60,Cso,2,2,Beta,2002-05-15
9937,S07W77,-7,77,190,30,Dro,4,4,Beta,2002-05-15
9940,N19W67,19,67,180,10,Axx,1,1,Alpha,2002-05-15
9945,S04W26,-4,26,139,270,Dao,7,13,Beta-Gamma,2002-05-15
9946,S06W17,-6,17,130,10,Axx,2,2,Alpha,2002-05-15
9948,S22E26,-22,-26,87,410,Eko,13,6,Beta,2002-05-15
9949,S16W47,-16,47,160,10,Bxo,3,2,Beta,2002-05-15
9950,S05E04,-5,-4,109,60,Dso,7,12,Beta,2002-05-15
9951,N11E41,11,-41,72,20,Hsx,1,2,Alpha,2002-05-15
9937,S08W89,-8,89,188,30,Axx,2,2,Alpha,2002-05-16
9945,S05W39,-5,39,138,280,Dao,9,18,Beta-Gamma,2002-05-16
9948,S22E14,-22,-14,85,420,Eko,14,7,Beta,2002-05-16
9949,S16W61,-16,61,160,0,Axx,0,1,Alpha,2002-05-16
9950,S06W09,-6,9,108,50,Cso,5,11,Beta,2002-05-16
9951,N11E28,11,-28,71,10,Hsx,1,1,Alpha,2002-05-16
9953,N06W52,6,52,151,10,Dro,3,3,Beta,2002-05-16
9954,S22E65,-22,-65,34,150,Cao,4,3,Beta,2002-05-16
9955,S14E67,-14,-67,32,40,Hsx,1,1,Alpha,2002-05-16
9945,S03W54,-3,54,140,250,Cao,5,6,Beta,2002-05-17
9948,S22E01,-22,-1,85,370,Eko,14,4,Beta,2002-05-17
9950,S05W23,-5,23,109,30,Cso,4,5,Beta,2002-05-17
9951,N11E14,11,-14,72,0,Axx,0,1,Alpha,2002-05-17
9953,N06W65,6,65,151,50,Bxo,5,5,Beta,2002-05-17
9954,S22E54,-22,-54,32,130,Hax,4,3,Alpha,2002-05-17
9955,S14E55,-14,-55,31,40,Hsx,1,1,Alpha,2002-05-17
9956,S08W04,-8,4,90,0,Axx,0,1,Beta,2002-05-17
9957,N06E67,6,-67,19,570,Eko,15,4,Beta,2002-05-17
9945,S02W68,-2,68,141,180,Dao,5,5,Beta,2002-05-18
9948,S21W15,-21,15,88,390,Cho,10,5,Beta,2002-05-18
9950,S05W37,-5,37,110,30,Cso,3,4,Beta,2002-05-18
9954,S22E40,-22,-40,33,170,Dao,3,4,Beta,2002-05-18
9955,S14E42,-14,-42,31,50,Hsx,2,1,Alpha,2002-05-18
9957,N08E58,8,-58,15,830,Fkc,17,27,Beta-Gamma-Delta,2002-05-18
9958,N04E50,4,-50,23,140,Cso,5,4,Beta,2002-05-18
9959,N10E09,10,-9,64,30,Bxo,3,4,Beta,2002-05-18
9945,S02W84,-2,84,144,180,Hsx,3,2,Alpha,2002-05-19
9948,S21W31,-21,31,91,380,Cho,5,2,Beta,2002-05-19
9950,S05W51,-5,51,111,20,Hsx,1,1,Alpha,2002-05-19
9951,N12W12,12,12,72,10,Bxo,3,3,Beta,2002-05-19
9954,S22E27,-22,-27,33,130,Dao,3,4,Beta,2002-05-19
9955,S14E28,-14,-28,32,30,Hsx,2,1,Alpha,2002-05-19
9957,N08E47,8,-47,13,810,Ekc,14,27,Beta-Gamma-Delta,2002-05-19
9958,N04E37,4,-37,23,100,Cso,5,6,Beta,2002-05-19
9960,N15E74,15,-74,346,100,Dao,9,4,Beta,2002-05-19
9945,S01W95,-1,95,141,50,Cao,3,3,Beta,2002-05-20
9948,S21W44,-21,44,90,330,Hkx,4,1,Alpha,2002-05-20
9950,S04W64,-4,64,110,50,Hsx,1,1,Alpha,2002-05-20
9954,S22E14,-22,-14,32,100,Dao,5,6,Beta,2002-05-20
9955,S14E15,-14,-15,31,30,Hsx,1,2,Alpha,2002-05-20
9957,N08E34,8,-34,12,830,Ekc,14,38,Beta-Gamma-Delta,2002-05-20
9958,N04E24,4,-24,22,90,Cso,3,2,Beta,2002-05-20
9960,N14E58,14,-58,348,140,Dao,9,7,Beta,2002-05-20
9961,S22E76,-22,-76,330,110,Dao,9,5,Beta,2002-05-20
9948,S21W57,-21,57,89,320,Hkx,5,2,Alpha,2002-05-21
9950,S04W77,-4,77,109,10,Axx,1,1,Alpha,2002-05-21
9954,S20E01,-20,-1,31,110,Dao,4,6,Beta,2002-05-21
9955,S15E02,-15,-2,30,20,Hsx,2,1,Alpha,2002-05-21
9957,N09E22,9,-22,10,830,Ekc,13,37,Beta-Gamma-Delta,2002-05-21
9958,N04E09,4,-9,23,90,Hsx,2,2,Alpha,2002-05-21
9960,N14E46,14,-46,346,140,Dao,6,6,Beta,2002-05-21
9961,S22E62,-22,-62,330,480,Eai,13,14,Beta-Gamma,2002-05-21
9962,N15E59,15,-59,333,20,Hrx,1,1,Alpha,2002-05-21
9963,N17E75,17,-75,317,120,Hax,3,1,Alpha,2002-05-21
9948,S20W70,-20,70,89,340,Hhx,4,2,Alpha,2002-05-22
9954,S22W10,-22,10,29,90,Dso,4,8,Beta,2002-05-22
9955,S13W11,-13,11,30,10,Hrx,1,1,Alpha,2002-05-22
9957,N09E08,9,-8,11,760,Ekc,14,59,Beta-Gamma-Delta,2002-05-22
9958,N04W04,4,4,23,80,Hsx,2,1,Alpha,2002-05-22
9960,N14E35,14,-35,344,140,Dac,3,5,Beta-Delta,2002-05-22
9961,S23E48,-23,-48,331,330,Eai,13,16,Beta-Gamma-Delta,2002-05-22
9962,N15E47,15,-47,332,20,Hsx,1,1,Alpha,2002-05-22
9963,N17E60,17,-60,319,210,Hax,3,2,Alpha,2002-05-22
9948,S21W84,-21,84,90,300,Hhx,3,1,Alpha,2002-05-23
9954,S22W26,-22,26,32,60,Dso,5,8,Beta,2002-05-23
9955,S13W24,-13,24,30,10,Cro,3,2,Beta,2002-05-23
9957,N10W04,10,4,10,520,Eai,15,47,Beta-Gamma-Delta,2002-05-23
9958,N04W17,4,17,23,70,Hsx,2,1,Alpha,2002-05-23
9960,N14E19,14,-19,347,120,Dac,8,6,Beta-Delta,2002-05-23
9961,S22E34,-22,-34,332,330,Eai,13,21,Beta-Gamma,2002-05-23
9962,N15E34,15,-34,332,30,Hsx,2,1,Alpha,2002-05-23
9963,N16E48,16,-48,318,340,Dho,11,12,Beta,2002-05-23
9964,S15E08,-15,-8,358,10,Bxo,4,4,Beta,2002-05-23
9965,S10E62,-10,-62,304,80,Cao,4,4,Beta,2002-05-23
9954,S22W38,-22,38,31,40,Dso,4,5,Beta,2002-05-24
9957,N10W19,10,19,12,420,Eac,12,46,Beta-Gamma-Delta,2002-05-24
9958,N04W32,4,32,25,60,Hsx,2,1,Alpha,2002-05-24
9960,N14E06,14,-6,347,100,Dac,6,10,Beta-Delta,2002-05-24
9961,S22E22,-22,-22,331,290,Eai,14,27,Beta-Gamma-Delta,2002-05-24
9962,N15E21,15,-21,332,30,Cso,6,5,Beta,2002-05-24
9963,N14E36,14,-36,317,420,Dho,10,10,Beta,2002-05-24
9964,S14W05,-14,5,358,10,Bxo,3,4,Beta,2002-05-24
9965,S10E48,-10,-48,305,60,Cso,8,6,Beta,2002-05-24
9966,N10E34,10,-34,319,10,Bxo,4,4,Beta,2002-05-24
9967,N13E46,13,-46,307,10,Axx,1,1,Alpha,2002-05-24
9954,S21W50,-21,50,30,20,Hsx,1,1,Alpha,2002-05-25
9957,N11W32,11,32,12,350,Eac,14,46,Beta-Gamma,2002-05-25
9958,N04W44,4,44,24,40,Hsx,2,1,Alpha,2002-05-25
9960,N14W09,14,9,349,70,Cao,10,13,Beta-Delta,2002-05-25
9961,S22E09,-22,-9,331,260,Eai,15,23,Beta-Gamma-Delta,2002-05-25
9962,N15E08,15,-8,332,40,Cao,7,4,Beta,2002-05-25
9963,N15E23,15,-23,317,360,Dko,9,16,Beta,2002-05-25
9964,S14W16,-14,16,356,10,Bxo,5,3,Beta,2002-05-25
9965,S10E37,-10,-37,303,30,Cso,9,3,Beta,2002-05-25
9966,N09E20,9,-20,320,10,Bxo,4,3,Beta,2002-05-25
9967,N13E33,13,-33,307,30,Cso,5,5,Beta,2002-05-25
9968,S13E26,-13,-26,314,20,Cso,3,4,Beta,2002-05-25
9954,S22W64,-22,64,31,10,Hsx,1,1,Alpha,2002-05-26
9957,N10W45,10,45,12,310,Eai,13,26,Beta-Gamma-Delta,2002-05-26
9958,N05W58,5,58,25,30,Hsx,2,1,Alpha,2002-05-26
9960,N14W20,14,20,347,60,Dao,9,13,Beta-Delta,2002-05-26
9961,S21W04,-21,4,331,280,Eai,15,24,Beta-Gamma-Delta,2002-05-26
9962,N16W07,16,7,334,30,Hsx,2,1,Alpha,2002-05-26
9963,N14E09,14,-9,318,380,Eho,11,27,Beta,2002-05-26
9965,S08E19,-8,-19,308,40,Hsx,2,2,Alpha,2002-05-26
9966,N10E04,10,-4,323,0,Axx,1,1,Alpha,2002-05-26
9967,N14E19,14,-19,308,10,Hrx,1,1,Alpha,2002-05-26
9968,S14E13,-14,-13,314,10,Hrx,1,1,Alpha,2002-05-26
9969,N09E67,9,-67,260,40,Dso,4,3,Beta,2002-05-26
9957,N10W58,10,58,11,280,Eai,13,22,Beta-Gamma,2002-05-27
9958,N04W71,4,71,24,40,Hsx,2,1,Alpha,2002-05-27
9960,N15W31,15,31,344,30,Dso,4,6,Beta,2002-05-27
9961,S21W17,-21,17,330,250,Eai,14,23,Beta-Gamma,2002-05-27
9962,N16W21,16,21,334,30,Hsx,2,1,Alpha,2002-05-27
9963,N14W03,14,3,316,410,Ehi,11,29,Beta,2002-05-27
9965,S08E05,-8,-5,308,40,Hsx,2,2,Alpha,2002-05-27
9966,N11W06,11,6,319,20,Cso,3,5,Beta,2002-05-27
9967,N13E05,13,-5,308,20,Cso,4,7,Beta,2002-05-27
9968,S14E00,-14,0,313,0,Axx,0,1,Alpha,2002-05-27
9969,N09E55,9,-55,258,100,Dao,8,9,Beta,2002-05-27
9970,N05E54,5,-54,259,180,Dao,7,6,Beta,2002-05-27
9957,N10W73,10,73,13,290,Eao,11,26,Beta-Gamma,2002-05-28
9958,N04W85,4,85,25,40,Hsx,2,1,Alpha,2002-05-28
9960,N15W43,15,43,343,30,Cso,4,6,Beta,2002-05-28
9961,S22W30,-22,30,330,180,Eao,14,19,Beta-Gamma,2002-05-28
9962,N16W34,16,34,334,20,Hsx,2,1,Alpha,2002-05-28
9963,N14W17,14,17,317,390,Eai,11,19,Beta-Gamma,2002-05-28
9964,S14W59,-14,59,359,20,Bxo,3,4,Beta,2002-05-28
9965,S08W07,-8,7,307,40,Cao,7,4,Beta,2002-05-28
9966,N11W21,11,21,321,20,Cro,3,4,Beta,2002-05-28
9967,N14W08,14,8,308,10,Cso,2,4,Beta,2002-05-28
9969,N09E42,9,-42,258,60,Dao,5,7,Beta,2002-05-28
9970,N05E41,5,-41,259,180,Dao,8,12,Beta,2002-05-28
9957,N12W86,12,86,13,210,Dao,10,10,Beta,2002-05-29
9960,N14W56,14,56,343,10,Hsx,1,1,Alpha,2002-05-29
9961,S22W44,-22,44,331,120,Eao,12,6,Beta-Gamma,2002-05-29
9962,N15W47,15,47,334,20,Hsx,1,1,Alpha,2002-05-29
9963,N14W30,14,30,317,300,Dai,9,22,Beta-Gamma,2002-05-29
9965,S07W21,-7,21,308,50,Cao,3,3,Beta,2002-05-29
9966,N11W36,11,36,323,20,Hsx,1,1,Alpha,2002-05-29
9967,N12W23,12,23,310,20,Cro,5,7,Beta,2002-05-29
9969,N09E30,9,-30,257,40,Dso,6,12,Beta,2002-05-29
9970,N05E28,5,-28,259,170,Dao,9,11,Beta,2002-05-29
9971,N21E00,21,0,287,10,Bxo,2,3,Beta,2002-05-29
9972,S21E56,-21,-56,231,50,Cao,5,6,Beta,2002-05-29
9973,S16E73,-16,-73,214,420,Eki,11,5,Beta,2002-05-29
9960,N14W69,14,69,343,0,Axx,0,1,Alpha,2002-05-30
9961,S21W59,-21,59,333,110,Hax,2,2,Alpha,2002-05-30
9962,N16W61,16,61,335,10,Axx,1,1,Alpha,2002-05-30
9963,N16W43,16,43,317,350,Dki,7,16,Beta-Gamma,2002-05-30
9965,S08W34,-8,34,308,50,Cso,6,5,Beta,2002-05-30
9966,N10W49,10,49,323,10,Hsx,1,1,Alpha,2002-05-30
9967,N12W38,12,38,312,20,Bxo,1,2,Beta,2002-05-30
9969,N09E17,9,-17,257,40,Dso,4,7,Beta,2002-05-30
9970,N06E14,6,-14,260,160,Dao,8,10,Beta,2002-05-30
9972,S21E44,-21,-44,230,90,Dao,7,9,Beta,2002-05-30
9973,S16E61,-16,-61,213,960,Eki,13,19,Beta-Gamma,2002-05-30
9974,N18E58,18,-58,216,30,Hsx,1,1,Alpha,2002-05-30
9975,N23E63,23,-63,211,20,Bxo,2,2,Beta,2002-05-30
9961,S21W72,-21,72,333,110,Hsx,2,1,Alpha,2002-05-31
9963,N16W56,16,56,317,260,Dkc,6,12,Beta,2002-05-31
9965,S08W47,-8,47,308,40,Cso,3,5,Beta,2002-05-31
9967,N12W51,12,51,312,10,Bxo,3,3,Beta,2002-05-31
9969,N09E04,9,-4,257,10,Bxo,4,5,Beta,2002-05-31
9970,N06E01,6,-1,260,120,Dso,8,8,Beta,2002-05-31
9972,S21E31,-21,-31,230,110,Dso,6,11,Beta,2002-05-31
9973,S16E48,-16,-48,213,880,Ekc,13,23,Beta-Gamma,2002-05-31
9974,N18E45,18,-45,216,40,Hsx,1,1,Alpha,2002-05-31
9975,N23E50,23,-50,211,20,Bxo,7,5,Beta,2002-05-31
9976,S10E01,-10,-1,260,20,Bxo,5,6,Beta,2002-05-31
9961,S21W85,-21,85,332,80,Hsx,2,1,Alpha,2002-06-01
9963,N16W70,16,70,317,250,Cao,7,6,Beta,2002-06-01
9965,S08W61,-8,61,308,30,Cso,4,3,Beta,2002-06-01
9967,N12W65,12,65,312,20,Hrx,1,1,Alpha,2002-06-01
9970,N06W13,6,13,260,120,Dso,7,7,Beta,2002-06-01
9972,S21E17,-21,-17,230,100,Cao,6,11,Beta,2002-06-01
9973,S16E34,-16,-34,213,800,Eki,14,17,Beta-Gamma,2002-06-01
9974,N18E31,18,-31,216,20,Hsx,1,1,Alpha,2002-06-01
9975,N23E36,23,-36,211,30,Cso,8,6,Beta,2002-06-01
9976,S10W13,-10,13,260,20,Cso,5,7,Beta,2002-06-01
9977,S20W41,-20,41,288,20,Dso,3,4,Beta,2002-06-01
9978,S20E62,-20,-62,185,20,Bxo,5,2,Beta,2002-06-01
9979,S31E77,-31,-77,170,30,Cso,4,6,Beta,2002-06-01
9963,N17W84,17,84,318,220,Hax,3,1,Alpha,2002-06-02
9965,S07W75,-7,75,309,30,Hsx,1,1,Alpha,2002-06-02
9970,N05W26,5,26,260,90,Dso,7,5,Beta,2002-06-02
9972,S21E04,-21,-4,230,70,Dso,6,10,Beta,2002-06-02
9973,S17E23,-17,-23,211,790,Eki,15,30,Beta-Gamma,2002-06-02
9974,N19E19,19,-19,215,20,Hsx,1,1,Alpha,2002-06-02
9975,N22E19,22,-19,215,10,Bxo,2,2,Beta,2002-06-02
9976,S10W27,-10,27,261,10,Bxo,4,3,Beta,2002-06-02
9977,S20W54,-20,54,288,50,Cso,3,7,Beta,2002-06-02
9978,S20E47,-20,-47,187,40,Cso,3,3,Beta,2002-06-02
9979,S30E63,-30,-63,171,130,Dao,7,7,Beta-Gamma,2002-06-02
9980,S29E08,-29,-8,226,0,Axx,1,2,Alpha,2002-06-02
9970,N06W40,6,40,261,70,Dso,7,2,Beta,2002-06-03
9972,S20W11,-20,11,232,30,Dso,3,4,Beta,2002-06-03
9973,S17E10,-17,-10,211,720,Eki,13,27,Beta-Gamma,2002-06-03
9974,N18E06,18,-6,215,10,Hrx,1,2,Alpha,2002-06-03
9975,N22E06,22,-6,215,20,Cso,3,2,Beta,2002-06-03
9977,S21W67,-21,67,288,90,Dso,6,8,Beta,2002-06-03
9978,S19E34,-19,-34,187,130,Dao,6,10,Beta,2002-06-03
9979,S30E50,-30,-50,171,70,Dso,7,9,Beta,2002-06-03
9980,S29W05,-29,5,226,10,Hsx,1,1,Alpha,2002-06-03
9981,S22E70,-22,-70,151,50,Hax,2,1,Alpha,2002-06-03
9982,S03E74,-3,-74,147,0,Axx,0,1,Alpha,2002-06-03
9983,N24E72,24,-72,149,50,Cao,6,2,Beta,2002-06-03
9970,N06W53,6,53,261,40,Dso,6,2,Beta,2002-06-04
9972,S21W23,-21,23,231,20,Cro,4,3,Beta,2002-06-04
9973,S16W03,-16,3,211,570,Fki,16,29,Beta-Gamma,2002-06-04
9974,N15W09,15,9,217,20,Hrx,1,2,Alpha,2002-06-04
9975,N21W07,21,7,215,30,Dso,6,7,Beta,2002-06-04
9977,S20W79,-20,79,287,40,Cso,4,3,Beta,2002-06-04
9978,S20E21,-20,-21,187,250,Dai,6,15,Beta,2002-06-04
9979,S28E36,-28,-36,172,60,Dri,6,9,Beta,2002-06-04
9980,S20W21,-20,21,229,10,Cso,3,3,Beta,2002-06-04
9981,S22E56,-22,-56,152,50,Hax,2,1,Alpha,2002-06-04
9982,S02E62,-2,-62,146,20,Hrx,1,1,Alpha,2002-06-04
9983,N24E57,24,-57,151,10,Hsx,1,1,Alpha,2002-06-04
9984,N19E13,19,-13,195,10,Axx,2,2,Alpha,2002-06-04
9970,N06W67,6,67,262,40,Cso,7,3,Beta,2002-06-05
9972,S21W36,-21,36,231,0,Axx,1,1,Alpha,2002-06-05
9973,S16W16,-16,16,211,430,Esi,15,32,Beta-Gamma,2002-06-05
9974,N14W23,14,23,218,10,Hrx,2,2,Alpha,2002-06-05
9975,N21W20,21,20,215,50,Dso,5,8,Beta,2002-06-05
9978,S20E07,-20,-7,188,210,Dao,8,14,Beta,2002-06-05
9979,S29E24,-29,-24,171,40,Cso,4,6,Beta,2002-06-05
9980,S26W33,-26,33,228,20,Cso,6,5,Beta,2002-06-05
9981,S22E43,-22,-43,152,40,Hsx,1,1,Alpha,2002-06-05
9982,S04E49,-4,-49,146,10,Hrx,2,2,Alpha,2002-06-05
9983,N23E43,23,-43,152,30,Hsx,1,1,Alpha,2002-06-05
9985,N17E29,17,-29,166,90,Dao,7,11,Beta,2002-06-05
9986,N03E72,3,-72,123,60,Hax,1,1,Alpha,2002-06-05
9970,N06W80,6,80,262,40,Dso,7,2,Beta,2002-06-06
9973,S16W29,-16,29,211,390,Ekc,12,27,Beta,2002-06-06
9974,N14W35,14,35,217,10,Axx,1,1,Alpha,2002-06-06
9975,N22W32,22,32,214,60,Cao,5,10,Beta,2002-06-06
9978,S20W06,-20,6,188,260,Dai,8,17,Beta,2002-06-06
9979,S30E11,-30,-11,171,40,Cso,5,7,Beta,2002-06-06
9980,S26W44,-26,44,226,10,Hsx,1,1,Alpha,2002-06-06
9981,S22E30,-22,-30,152,80,Hsx,2,1,Alpha,2002-06-06
9982,S04E37,-4,-37,145,20,Cso,4,3,Beta,2002-06-06
9983,N24E30,24,-30,152,30,Hsx,1,1,Alpha,2002-06-06
9984,N20W11,20,11,193,10,Axx,2,2,Alpha,2002-06-06
9985,N18E17,18,-17,165,190,Dao,9,15,Beta,2002-06-06
9986,N04E58,4,-58,124,50,Hax,1,1,Alpha,2002-06-06
9973,S15W43,-15,43,211,390,Ekc,11,15,Beta,2002-06-07
9975,N22W45,22,45,213,60,Cao,4,6,Beta,2002-06-07
9978,S21W20,-21,20,188,180,Dao,7,14,Beta,2002-06-07
9979,S29W02,-29,2,170,30,Cao,6,7,Beta,2002-06-07
9981,S22E17,-22,-17,151,40,Hsx,1,1,Alpha,2002-06-07
9982,S04E21,-4,-21,147,10,Bxo,7,6,Beta,2002-06-07
9983,N24E17,24,-17,151,20,Hsx,1,1,Alpha,2002-06-07
9985,N17E02,17,-2,166,170,Dao,9,12,Beta,2002-06-07
9986,N03E44,3,-44,124,50,Hax,1,2,Alpha,2002-06-07
9987,S16E24,-16,-24,144,20,Bxo,5,10,Beta,2002-06-07
9988,S14E04,-14,-4,164,10,Bxo,3,6,Beta,2002-06-07
9973,S15W56,-15,56,211,300,Dao,6,10,Beta,2002-06-08
9975,N23W58,23,58,213,40,Hax,1,1,Alpha,2002-06-08
9978,S21W33,-21,33,188,140,Cao,5,11,Beta,2002-06-08
9981,S22E03,-22,-3,152,40,Hsx,1,1,Alpha,2002-06-08
9983,N24E03,24,-3,152,10,Axx,1,1,Alpha,2002-06-08
9985,N18W11,18,11,166,150,Dai,9,25,Beta,2002-06-08
9986,N03E31,3,-31,124,20,Hsx,1,1,Alpha,2002-06-08
9987,S16E11,-16,-11,144,20,Cso,7,21,Beta,2002-06-08
9989,S33W31,-33,31,186,30,Cso,4,5,Beta,2002-06-08
9990,S23E19,-23,-19,136,10,Bxo,3,3,Beta,2002-06-08
9991,S22E69,-22,-69,86,300,Hkx,3,1,Alpha,2002-06-08
9973,S15W69,-15,69,211,220,Dao,9,4,Beta,2002-06-09
9975,N22W71,22,71,213,30,Hsx,1,1,Alpha,2002-06-09
9978,S21W47,-21,47,189,120,Dso,6,6,Beta,2002-06-09
9981,S21W11,-21,11,153,30,Hsx,1,1,Alpha,2002-06-09
9983,N25W10,25,10,152,10,Axx,1,1,Alpha,2002-06-09
9985,N18W24,18,24,166,210,Dai,10,13,Beta,2002-06-09
9986,N03E18,3,-18,124,20,Cso,3,3,Beta,2002-06-09
9987,S15W02,-15,2,144,210,Eai,11,25,Beta,2002-06-09
9989,S35W44,-35,44,186,10,Axx,1,1,Alpha,2002-06-09
9990,S23E06,-23,-6,136,20,Bxo,4,4,Beta,2002-06-09
9991,S21E57,-21,-57,85,250,Hhx,3,1,Alpha,2002-06-09
9992,S20E74,-20,-74,68,10,Axx,1,1,Alpha,2002-06-09
9973,S15W83,-15,83,211,110,Hsx,2,1,Alpha,2002-06-10
9975,N22W85,22,85,213,50,Hax,2,1,Alpha,2002-06-10
9978,S21W61,-21,61,189,80,Cao,4,2,Beta,2002-06-10
9981,S20W25,-20,25,153,10,Hsx,1,1,Alpha,2002-06-10
9985,N18W38,18,38,166,200,Eao,11,12,Beta,2002-06-10
9986,N03E07,3,-7,121,20,Cso,5,3,Beta,2002-06-10
9987,S15W16,-15,16,144,240,Eki,14,33,Beta,2002-06-10
9990,S23W08,-23,8,136,10,Axx,1,1,Alpha,2002-06-10
9991,S22E43,-22,-43,85,270,Hkx,2,1,Alpha,2002-06-10
9992,S20E60,-20,-60,68,20,Axx,1,1,Alpha,2002-06-10
9993,N06W20,6,20,148,30,Cao,3,3,Beta,2002-06-10
9994,N10E59,10,-59,69,10,Axx,0,1,Alpha,2002-06-10
9973,S15W90,-15,90,211,120,Hax,2,1,Alpha,2002-06-11
9978,S21W74,-21,74,189,80,Hax,2,1,Alpha,2002-06-11
9981,S20W38,-20,38,153,10,Hsx,1,1,Alpha,2002-06-11
9982,S04W32,-4,32,147,20,Cso,4,3,Beta,2002-06-11
9985,N18W51,18,51,166,170,Dao,10,9,Beta,2002-06-11
9987,S15W29,-15,29,144,380,Eki,14,27,Beta-Gamma,2002-06-11
9990,S23W21,-23,21,136,10,Axx,1,1,Alpha,2002-06-11
9991,S22E30,-22,-30,85,270,Hhx,3,1,Alpha,2002-06-11
9992,S20E47,-20,-47,68,50,Cso,5,5,Beta,2002-06-11
9993,N06W33,6,33,148,30,Cso,3,3,Beta,2002-06-11
9994,N10E46,10,-46,69,20,Hsx,1,2,Alpha,2002-06-11
9995,N10W01,10,1,116,20,Cso,3,3,Beta,2002-06-11
9978,S21W87,-21,87,189,50,Hsx,2,1,Alpha,2002-06-12
9981,S20W52,-20,52,153,10,Axx,1,1,Alpha,2002-06-12
9985,N18W65,18,65,166,110,Hsx,2,1,Alpha,2002-06-12
9987,S15W43,-15,43,144,420,Eki,14,20,Beta-Gamma,2002-06-12
9991,S22E17,-22,-17,85,290,Dho,5,6,Beta,2002-06-12
9992,S20E34,-20,-34,68,40,Cso,6,6,Beta,2002-06-12
9993,N06W46,6,46,148,10,Axx,1,1,Alpha,2002-06-12
9994,N10E33,10,-33,69,20,Hsx,1,2,Alpha,2002-06-12
9995,N10W14,10,14,116,10,Bxo,3,3,Beta,2002-06-12
9985,N18W78,18,78,166,130,Hsx,2,1,Alpha,2002-06-13
9987,S15W56,-15,56,144,370,Eko,11,16,Beta-Gamma,2002-06-13
9991,S22E04,-22,-4,84,340,Dho,6,10,Beta,2002-06-13
9992,S20E21,-20,-21,68,40,Cso,3,7,Beta,2002-06-13
9993,N06W59,6,59,148,20,Axx,1,1,Alpha,2002-06-13
9995,N10W27,10,27,116,10,Bxo,3,5,Beta,2002-06-13
9996,S27E46,-27,-46,42,10,Axx,1,2,Alpha,2002-06-13
9997,N08E73,8,-73,15,10,Axx,1,1,Alpha,2002-06-13
9998,N15E74,15,-74,14,10,Axx,1,1,Alpha,2002-06-13
9985,N18W95,18,95,170,60,Hsx,5,1,Alpha,2002-06-14
9987,S15W71,-15,71,146,340,Eho,12,12,Beta,2002-06-14
9991,S20W09,-20,9,84,310,Cho,7,7,Beta,2002-06-14
9992,S18E08,-18,-8,67,60,Dao,3,7,Alpha,2002-06-14
9993,N06W74,6,74,149,10,Hrx,1,2,Alpha,2002-06-14
9995,N12W41,12,41,116,20,Bxo,3,4,Beta,2002-06-14
9996,S28E35,-28,-35,40,10,Hrx,1,1,Alpha,2002-06-14
9997,N09E59,9,-59,16,10,Axx,0,1,Alpha,2002-06-14
9998,N14E59,14,-59,16,10,Axx,1,1,Alpha,2002-06-14
9987,S16W86,-16,86,148,120,Hax,3,1,Alpha,2002-06-15
9991,S21W21,-21,21,83,350,Cko,6,4,Beta,2002-06-15
9992,S18W03,-18,3,65,20,Dso,3,5,Beta,2002-06-15
9997,N09E46,9,-46,16,10,Axx,0,1,Alpha,2002-06-15
9998,N14E47,14,-47,15,20,Hsx,1,1,Alpha,2002-06-15
9999,S05W61,-5,61,123,30,Cao,4,5,Beta,2002-06-15
0000,N18E50,18,-50,12,30,Dso,4,3,Beta,2002-06-15
0001,N20E70,20,-70,352,70,Cso,4,2,Beta,2002-06-15
9991,S21W34,-21,34,83,290,Cho,4,3,Beta,2002-06-16
9992,S17W18,-17,18,67,10,Bxo,3,2,Beta,2002-06-16
9997,N12E31,12,-31,18,10,Bxo,8,5,Beta,2002-06-16
9999,S05W75,-5,75,124,20,Hsx,1,1,Alpha,2002-06-16
0000,N18E36,18,-36,13,90,Dao,4,13,Beta,2002-06-16
0001,N20E58,20,-58,351,180,Dao,9,11,Beta,2002-06-16
0002,S24W08,-24,8,57,0,Axx,0,1,Alpha,2002-06-16
0003,N00E63,0,-63,346,10,Bxo,6,3,Beta,2002-06-16
0004,S16E10,-16,-10,39,30,Dso,4,8,Beta,2002-06-16
9991,S21W47,-21,47,83,270,Hkx,5,2,Alpha,2002-06-17
9992,S18W32,-18,32,68,10,Bxo,2,2,Beta,2002-06-17
9997,N13E16,13,-16,20,20,Bxo,3,4,Beta,2002-06-17
9999,S05W87,-5,87,123,0,Axx,0,1,Alpha,2002-06-17
0000,N18E24,18,-24,12,60,Dso,6,12,Beta,2002-06-17
0001,N20E46,20,-46,350,190,Dao,9,12,Beta,2002-06-17
0003,N00E49,0,-49,347,30,Cso,5,3,Beta,2002-06-17
0004,S15W04,-15,4,40,20,Cao,6,5,Beta,2002-06-17
0005,N13E74,13,-74,322,70,Hsx,2,1,Alpha,2002-06-17
9991,S22W61,-22,61,83,330,Cko,4,2,Beta,2002-06-18
9992,S18W45,-18,45,67,10,Bxo,3,3,Beta,2002-06-18
9997,N10E05,10,-5,17,10,Bxo,4,3,Beta,2002-06-18
0000,N18E12,18,-12,10,30,Cso,7,9,Beta,2002-06-18
0001,N20E33,20,-33,349,190,Dso,9,8,Beta,2002-06-18
0003,S02E35,-2,-35,347,0,Axx,0,1,Alpha,2002-06-18
0004,S15W20,-15,20,42,20,Cso,7,9,Beta,2002-06-18
0005,N13E62,13,-62,320,120,Hsx,2,1,Alpha,2002-06-18
9991,S21W72,-21,72,81,250,Hhx,3,1,Alpha,2002-06-19
9992,S17W64,-17,64,73,30,Bxo,7,6,Beta,2002-06-19
9997,N10W06,10,6,15,10,Bxo,3,8,Beta,2002-06-19
0000,N16W01,16,1,10,50,Dso,9,15,Beta,2002-06-19
0001,N20E20,20,-20,349,190,Dso,8,6,Beta,2002-06-19
0003,S01E20,-1,-20,349,0,Axx,0,1,Alpha,2002-06-19
0004,S15W31,-15,31,40,60,Dso,8,12,Beta,2002-06-19
0005,N12E53,12,-53,316,160,Cso,12,6,Beta,2002-06-19
0006,S08W23,-8,23,32,30,Cro,3,4,Beta,2002-06-19
0007,N12E17,12,-17,352,30,Cso,5,4,Beta,2002-06-19
0008,S11E75,-11,-75,294,140,Hax,3,1,Alpha,2002-06-19
9991,S22W85,-22,85,81,220,Cho,8,4,Beta,2002-06-20
9992,S18W80,-18,80,76,20,Bxo,2,2,Beta,2002-06-20
0000,N18W15,18,15,11,10,Bxo,5,4,Beta,2002-06-20
0001,N20E06,20,-6,350,200,Cso,6,7,Beta,2002-06-20
0004,S16W44,-16,44,40,40,Dso,7,8,Beta,2002-06-20
0005,N12E37,12,-37,319,130,Hsx,2,1,Alpha,2002-06-20
0006,S07W38,-7,38,34,20,Axx,1,1,Alpha,2002-06-20
0007,N13E04,13,-4,352,40,Cso,5,6,Beta,2002-06-20
0008,S10E65,-10,-65,291,380,Dko,8,4,Beta,2002-06-20
9992,S17W92,-17,92,75,10,Bxo,3,2,Beta,2002-06-21
0000,N18W30,18,30,13,10,Bxo,4,4,Beta,2002-06-21
0001,N21W11,21,11,354,170,Cso,6,6,Beta,2002-06-21
0004,S15W58,-15,58,41,20,Dso,7,2,Beta,2002-06-21
0005,N13E24,13,-24,319,150,Hsx,2,1,Alpha,2002-06-21
0006,S07W48,-7,48,31,0,Axx,1,1,Alpha,2002-06-21
0007,N14W09,14,9,352,20,Dro,6,4,Beta,2002-06-21
0008,S09E52,-9,-52,291,480,Dko,7,9,Beta,2002-06-21
0009,S19W66,-19,66,49,10,Bxo,3,3,Beta,2002-06-21
0001,N21W22,21,22,352,190,Cao,5,7,Beta,2002-06-22
0004,S16W72,-16,72,42,10,Bxo,4,4,Beta,2002-06-22
0005,N13E11,13,-11,319,170,Cao,5,6,Beta,2002-06-22
0006,S07W60,-7,60,30,20,Cro,4,5,Beta,2002-06-22
0007,N14W24,14,24,354,10,Axx,0,1,Alpha,2002-06-22
0008,S08E39,-8,-39,291,530,Dko,8,18,Beta-Gamma,2002-06-22
0009,S18W79,-18,79,49,10,Bxo,2,2,Beta,2002-06-22
0001,N21W35,21,35,351,160,Hsx,3,2,Alpha,2002-06-23
0005,N13E00,13,0,316,170,Dso,9,17,Beta,2002-06-23
0008,S09E26,-9,-26,290,470,Dki,10,25,Beta-Gamma,2002-06-23
0010,S12E00,-12,0,316,20,Cso,3,4,Beta,2002-06-23
0011,S12E62,-12,-62,254,50,Dao,6,4,Beta,2002-06-23
0001,N21W48,21,48,351,150,Cko,5,6,Beta,2002-06-24
0005,N13W13,13,13,316,170,Dso,9,14,Beta,2002-06-24
0008,S09E13,-9,-13,290,510,Dki,10,30,Beta-Gamma,2002-06-24
0010,S12W13,-12,13,316,20,Cso,4,2,Beta,2002-06-24
0011,S12E49,-12,-49,254,70,Dso,7,7,Beta,2002-06-24
0012,N19E20,19,-20,283,10,Axx,1,1,Alpha,2002-06-24
0013,N04E07,4,-7,296,20,Bxo,3,3,Beta,2002-06-24
0014,S18E50,-18,-50,253,10,Axx,1,1,Alpha,2002-06-24
0001,N20W61,20,61,351,120,Hsx,2,1,Alpha,2002-06-25
0005,N14W29,14,29,319,140,Dso,8,8,Beta,2002-06-25
0008,S10W01,-10,1,291,530,Dki,9,14,Beta-Gamma,2002-06-25
0010,S13W27,-13,27,317,20,Cso,4,4,Beta,2002-06-25
0011,S12E35,-12,-35,255,100,Dao,8,7,Beta,2002-06-25
0012,N19E08,19,-8,282,10,Bxo,3,3,Beta,2002-06-25
0013,N04W06,4,6,296,10,Bxo,2,3,Beta,2002-06-25
0014,S17E37,-17,-37,253,0,Axx,0,1,Alpha,2002-06-25
0015,S27E39,-27,-39,251,30,Cro,5,2,Beta,2002-06-25
0001,N20W75,20,75,352,100,Hsx,2,2,Alpha,2002-06-26
0005,N11W44,11,44,321,100,Dso,5,6,Beta,2002-06-26
0008,S11W15,-11,15,292,540,Dki,8,16,Beta-Gamma,2002-06-26
0011,S12E23,-12,-23,254,120,Dao,8,14,Beta,2002-06-26
0012,N21W09,21,9,286,0,Axx,1,1,Alpha,2002-06-26
0013,N04W20,4,20,297,10,Bxo,4,2,Beta,2002-06-26
0015,S27E26,-27,-26,251,30,Cso,6,5,Beta,2002-06-26
0016,S15E71,-15,-71,206,50,Hsx,2,1,Alpha,2002-06-26
0001,N20W92,20,92,356,70,Hsx,3,1,Alpha,2002-06-27
0005,N12W59,12,59,323,80,Dso,6,2,Beta,2002-06-27
0008,S12W29,-12,29,293,540,Dko,8,11,Beta-Gamma,2002-06-27
0011,S11E08,-11,-8,256,60,Dai,8,19,Beta,2002-06-27
0015,S26E12,-26,-12,252,40,Dso,6,8,Beta,2002-06-27
0016,S15E57,-15,-57,207,70,Hsx,2,1,Alpha,2002-06-27
0005,N12W72,12,72,322,110,Cso,7,2,Beta,2002-06-28
0008,S12W41,-12,41,291,520,Cko,9,9,Beta-Gamma,2002-06-28
0011,S11W05,-11,5,255,80,Dai,8,23,Beta,2002-06-28
0015,S28W01,-28,1,251,30,Dro,6,9,Beta,2002-06-28
0016,S15E43,-15,-43,207,70,Hsx,2,1,Alpha,2002-06-28
0017,S19E14,-19,-14,236,10,Axx,1,2,Alpha,2002-06-28
0005,N13W84,13,84,321,70,Cso,4,3,Beta,2002-06-29
0008,S10W56,-10,56,293,460,Hkx,4,4,Alpha,2002-06-29
0011,S11W19,-11,19,256,50,Dso,8,11,Beta,2002-06-29
0015,S26W16,-26,16,253,30,Dao,7,5,Beta,2002-06-29
0016,S16E31,-16,-31,206,100,Cso,6,6,Beta,2002-06-29
0017,S19E02,-19,-2,235,20,Cso,3,5,Beta,2002-06-29
0005,N13W95,13,95,319,60,Hax,2,1,Alpha,2002-06-30
0008,S10W69,-10,69,293,410,Cko,5,4,Beta,2002-06-30
0011,S11W32,-11,32,256,50,Cso,8,9,Beta,2002-06-30
0016,S16E18,-16,-18,206,80,Cso,5,5,Beta,2002-06-30
0017,S19W11,-19,11,235,40,Dso,4,7,Beta,2002-06-30
0018,N15W73,15,73,297,40,Cso,3,3,Beta,2002-06-30
0019,S17E72,-17,-72,152,270,Dko,6,6,Beta,2002-06-30
0008,S10W83,-10,83,294,340,Hkx,4,1,Alpha,2002-07-01
0011,S10W46,-10,46,257,40,Dso,10,8,Beta,2002-07-01
0012,N14W73,14,73,284,40,Bxo,4,2,Beta,2002-07-01
0016,S15E04,-15,-4,207,60,Cso,5,3,Beta,2002-07-01
0017,S19W23,-19,23,234,100,Dso,7,15,Beta,2002-07-01
0018,N14W84,14,84,295,40,Bxo,7,2,Beta,2002-07-01
0019,S18E61,-18,-61,150,450,Dko,10,10,Beta-Gamma,2002-07-01
0011,S10W67,-10,67,265,20,Cro,4,5,Beta,2002-07-02
0012,N14W86,14,86,284,100,Dao,5,3,Beta,2002-07-02
0016,S16W10,-16,10,208,50,Cso,4,2,Beta,2002-07-02
0017,S19W37,-19,37,235,130,Dai,8,18,Beta,2002-07-02
0018,N15W87,15,87,285,100,Dao,4,3,Beta,2002-07-02
0019,S18E50,-18,-50,148,600,Eki,15,9,Beta-Gamma,2002-07-02
0011,S12W77,-12,77,262,50,Dso,10,5,Beta,2002-07-03
0016,S15W22,-15,22,207,40,Hsx,2,1,Alpha,2002-07-03
0017,S18W51,-18,51,236,400,Dki,9,15,Beta-Gamma,2002-07-03
0019,S18E34,-18,-34,151,510,Dki,10,11,Beta-Gamma,2002-07-03
0020,N01E63,1,-63,122,10,Bxo,2,3,Beta,2002-07-03
0011,S13W86,-13,86,257,100,Cao,7,4,Beta,2002-07-04
0016,S16W34,-16,34,205,50,Hsx,1,1,Alpha,2002-07-04
0017,S18W63,-18,63,234,610,Eki,13,18,Beta-Gamma-Delta,2002-07-04
0019,S18E20,-18,-20,151,390,Eki,11,23,Beta-Gamma,2002-07-04
0020,N00E50,0,-50,121,10,Axx,0,1,Alpha,2002-07-04
0021,S29E06,-29,-6,165,10,Cro,3,3,Beta,2002-07-04
0022,S20E30,-20,-30,141,10,Bxo,4,3,Beta,2002-07-04
0023,S23E52,-23,-52,119,10,Hrx,1,1,Alpha,2002-07-04
0024,S34E61,-34,-61,110,10,Cro,4,3,Beta,2002-07-04
0016,S17W48,-17,48,206,60,Cso,4,4,Beta,2002-07-05
0017,S18W76,-18,76,234,520,Eai,12,19,Beta-Gamma,2002-07-05
0019,S17E07,-17,-7,151,450,Eki,12,27,Beta-Gamma,2002-07-05
0020,N00E35,0,-35,123,0,Axx,0,1,Alpha,2002-07-05
0021,S29W08,-29,8,166,40,Dso,6,8,Beta,2002-07-05
0022,S20E20,-20,-20,138,40,Cso,6,11,Beta,2002-07-05
0023,S23E42,-23,-42,116,20,Cro,6,6,Beta,2002-07-05
0024,S33E50,-33,-50,108,90,Dao,8,8,Beta,2002-07-05
0025,S18E75,-18,-75,83,50,Hsx,2,1,Alpha,2002-07-05
0016,S17W63,-17,63,207,50,Cso,4,3,Beta,2002-07-06
0017,S18W89,-18,89,233,150,Dao,8,4,Beta,2002-07-06
0019,S18W08,-18,8,152,420,Eki,13,18,Beta-Gamma,2002-07-06
0021,S29W21,-29,21,165,70,Dao,7,9,Beta,2002-07-06
0022,S20E05,-20,-5,139,30,Cro,3,7,Beta,2002-07-06
0023,S22E30,-22,-30,114,30,Bxo,6,6,Beta,2002-07-06
0024,S33E37,-33,-37,107,190,Dao,7,8,Beta,2002-07-06
0025,S19E63,-19,-63,81,80,Hsx,2,1,Alpha,2002-07-06
0026,N24W58,24,58,202,30,Cao,3,3,Beta,2002-07-06
0016,S17W76,-17,76,207,40,Dso,4,2,Beta,2002-07-07
0019,S17W21,-17,21,152,390,Eao,11,9,Beta-Gamma,2002-07-07
0021,S29W34,-29,34,165,90,Dso,8,11,Beta,2002-07-07
0022,S20W09,-20,9,140,20,Bxo,3,7,Beta,2002-07-07
0023,S24E19,-24,-19,112,10,Axx,2,3,Alpha,2002-07-07
0024,S34E24,-34,-24,107,190,Dao,7,4,Beta,2002-07-07
0025,S22E52,-22,-52,79,70,Cso,9,3,Beta,2002-07-07
0026,N24W71,24,71,202,20,Hrx,1,4,Alpha,2002-07-07
0016,S17W88,-17,88,206,10,Hsx,1,1,Alpha,2002-07-08
0019,S19W32,-19,32,150,330,Eai,11,10,Beta-Gamma,2002-07-08
0021,S29W46,-29,46,164,80,Dao,7,10,Beta,2002-07-08
0022,S19W23,-19,23,141,20,Bxo,3,4,Beta,2002-07-08
0023,S24E04,-24,-4,114,20,Bxo,4,4,Beta,2002-07-08
0024,S34E11,-34,-11,107,150,Dao,7,7,Beta,2002-07-08
0025,S21E37,-21,-37,81,60,Hax,1,1,Alpha,2002-07-08
0027,S15E26,-15,-26,92,20,Bxo,3,4,Beta,2002-07-08
0019,S19W44,-19,44,148,280,Dai,7,9,Beta-Gamma,2002-07-09
0021,S29W60,-29,60,164,80,Dao,8,9,Beta,2002-07-09
0022,S19W36,-19,36,140,0,Axx,2,3,Alpha,2002-07-09
0023,S22W13,-22,13,116,10,Axx,3,4,Alpha,2002-07-09
0024,S34W02,-34,2,106,90,Dao,7,12,Beta,2002-07-09
0025,S20E24,-20,-24,80,30,Cso,3,4,Beta,2002-07-09
0028,S17E42,-17,-42,62,20,Hrx,1,1,Alpha,2002-07-09
0029,S16E52,-16,-52,52,20,Bxo,3,3,Beta,2002-07-09
0019,S18W57,-18,57,148,280,Dao,7,10,Beta-Gamma,2002-07-10
0021,S28W72,-28,72,163,60,Dao,7,4,Beta,2002-07-10
0022,S18W46,-18,46,137,0,Axx,0,1,Alpha,2002-07-10
0023,S22W26,-22,26,117,10,Axx,1,2,Alpha,2002-07-10
0024,S34W14,-34,14,105,70,Dao,6,8,Beta,2002-07-10
0025,S20E09,-20,-9,82,30,Hsx,2,1,Alpha,2002-07-10
0028,S16E26,-16,-26,65,10,Hrx,1,1,Alpha,2002-07-10
0029,S15E38,-15,-38,53,40,Cro,4,7,Beta,2002-07-10
0030,N18E74,18,-74,17,280,Cko,4,5,Beta,2002-07-10
0019,S19W70,-19,70,148,240,Dso,8,6,Beta,2002-07-11
0021,S28W87,-28,87,165,30,Hax,1,1,Alpha,2002-07-11
0022,S18W59,-18,59,137,0,Axx,0,1,Alpha,2002-07-11
0023,S22W38,-22,38,116,10,Hrx,1,2,Alpha,2002-07-11
0024,S35W26,-35,26,104,20,Cso,4,4,Beta,2002-07-11
0025,S20W03,-20,3,81,30,Hsx,1,1,Alpha,2002-07-11
0028,S16E12,-16,-12,66,10,Bxo,3,2,Beta,2002-07-11
0029,S14E25,-14,-25,53,40,Dso,5,6,Beta,2002-07-11
0030,N19E62,19,-62,16,460,Eko,11,5,Beta-Gamma,2002-07-11
0019,S19W83,-19,83,148,210,Dso,6,1,Beta,2002-07-12
0025,S20W16,-20,16,81,30,Hsx,2,1,Alpha,2002-07-12
0028,S16W01,-16,1,66,20,Cro,4,4,Beta,2002-07-12
0029,S14E12,-14,-12,53,50,Dao,6,11,Beta,2002-07-12
0030,N19E49,19,-49,16,540,Fki,16,21,Beta-Gamma-Delta,2002-07-12
0031,N10E65,10,-65,0,10,Axx,1,1,Alpha,2002-07-12
0025,S20W29,-20,29,81,20,Hsx,1,1,Alpha,2002-07-13
0028,S16W14,-16,14,66,0,Bxo,4,2,Beta,2002-07-13
0029,S14W01,-14,1,53,30,Cso,6,4,Beta,2002-07-13
0030,N19E37,19,-37,15,690,Fki,18,35,Beta-Gamma-Delta,2002-07-13
0031,N10E50,10,-50,2,10,Axx,1,1,Alpha,2002-07-13
0025,S20W42,-20,42,81,20,Hsx,1,1,Alpha,2002-07-14
0029,S14W14,-14,14,53,50,Dao,8,7,Beta,2002-07-14
0030,N19E24,19,-24,15,730,Fkc,19,66,Beta-Gamma-Delta,2002-07-14
0031,N10E37,10,-37,2,10,Hrx,2,2,Alpha,2002-07-14
0032,S20W14,-20,14,53,10,Axx,2,3,Alpha,2002-07-14
0033,N08E00,8,0,39,20,Axx,2,2,Alpha,2002-07-14
0025,S20W55,-20,55,81,20,Hsx,1,1,Alpha,2002-07-15
0028,S16W40,-16,40,66,10,Axx,1,2,Alpha,2002-07-15
0029,S14W29,-14,29,53,20,Cao,3,3,Beta,2002-07-15
0030,N19E12,19,-12,13,780,Fkc,20,71,Beta-Gamma-Delta,2002-07-15
0031,N10E23,10,-23,2,0,Axx,0,1,Alpha,2002-07-15
0033,N08W14,8,14,39,10,Axx,1,1,Alpha,2002-07-15
0034,S20E05,-20,-5,20,10,Cro,3,3,Beta,2002-07-15
0025,S19W71,-19,71,83,20,Hsx,1,1,Alpha,2002-07-16
0028,S16W59,-16,59,71,20,Bxo,4,5,Beta,2002-07-16
0029,S13W48,-13,48,60,20,Hrx,2,3,Alpha,2002-07-16
0030,N18E00,18,0,12,930,Fkc,19,90,Beta-Gamma-Delta,2002-07-16
0031,N09E11,9,-11,1,10,Axx,2,3,Alpha,2002-07-16
0033,N08W26,8,26,38,20,Cso,4,4,Beta,2002-07-16
0034,S20W09,-20,9,21,10,Cro,5,7,Beta,2002-07-16
0035,S09E63,-9,-63,309,20,Bxo,5,2,Beta,2002-07-16
0036,S07E76,-7,-76,296,90,Dao,4,4,Beta,2002-07-16
0025,S18W80,-18,80,79,30,Hrx,1,1,Alpha,2002-07-17
0028,S17W71,-17,71,70,30,Cso,3,3,Beta,2002-07-17
0030,N19W12,19,12,11,1350,Fkc,20,71,Beta-Gamma-Delta,2002-07-17
0031,N12E00,12,0,359,0,Bxo,0,2,Beta,2002-07-17
0032,S19W55,-19,55,54,0,Axx,0,1,Alpha,2002-07-17
0033,N09W41,9,41,40,10,Axx,1,2,Alpha,2002-07-17
0035,S08E48,-8,-48,311,20,Bxo,6,2,Beta,2002-07-17
0036,S07E64,-7,-64,295,460,Dki,9,9,Beta,2002-07-17
0037,N16E74,16,-74,285,180,Hsx,2,1,Alpha,2002-07-17
0028,S15W86,-15,86,72,140,Hsx,2,1,Alpha,2002-07-18
0029,S12W74,-12,74,60,20,Bxo,3,2,Beta,2002-07-18
0030,N19W25,19,25,11,1280,Fkc,21,93,Beta-Gamma-Delta,2002-07-18
0035,S10E33,-10,-33,313,30,Cso,7,4,Beta,2002-07-18
0036,S09E51,-9,-51,295,670,Dki,9,18,Beta-Gamma-Delta,2002-07-18
0037,N13E61,13,-61,285,190,Hsx,3,1,Alpha,2002-07-18
0030,N18W38,18,38,11,1060,Fkc,22,83,Beta-Gamma-Delta,2002-07-19
0035,S08E22,-8,-22,311,70,Dao,10,16,Beta,2002-07-19
0036,S07E37,-7,-37,296,860,Ekc,11,26,Beta-Gamma,2002-07-19
0037,N14E47,14,-47,286,160,Hhx,3,1,Alpha,2002-07-19
0030,N17W52,17,52,11,960,Fkc,22,65,Beta-Gamma-Delta,2002-07-20
0035,S08E09,-8,-9,310,50,Dso,10,16,Beta,2002-07-20
0036,S06E25,-6,-25,294,880,Ekc,13,26,Beta,2002-07-20
0037,N15E35,15,-35,284,160,Hsx,3,1,Alpha,2002-07-20
0030,N18W63,18,63,9,460,Fki,16,30,Beta-Gamma-Delta,2002-07-21
0035,S08W06,-8,6,312,40,Dso,9,17,Beta,2002-07-21
0036,S07E11,-7,-11,295,980,Ekc,13,47,Beta-Gamma-Delta,2002-07-21
0037,N15E21,15,-21,285,170,Hax,3,2,Alpha,2002-07-21
0030,N18W76,18,76,9,330,Eai,15,14,Beta-Gamma,2002-07-22
0035,S08W20,-8,20,313,60,Dso,8,14,Beta,2002-07-22
0036,S06W02,-6,2,295,1070,Ekc,13,47,Beta-Gamma-Delta,2002-07-22
0037,N16E07,16,-7,286,120,Hax,3,1,Alpha,2002-07-22
0038,N17E51,17,-51,242,60,Dao,6,5,Beta,2002-07-22
0030,N20W86,20,86,6,230,Eao,12,3,Beta,2002-07-23
0035,S09W32,-9,32,312,80,Eao,12,12,Beta,2002-07-23
0036,S07W15,-7,15,295,970,Ekc,13,51,Beta-Gamma,2002-07-23
0037,N13W06,13,6,286,190,Hsx,2,1,Alpha,2002-07-23
0038,N17E37,17,-37,243,70,Dao,6,6,Beta,2002-07-23
0039,S12E68,-12,-68,212,330,Dac,10,7,Beta,2002-07-23
0040,S22E01,-22,-1,279,10,Bxo,3,2,Beta,2002-07-23
0041,N16E22,16,-22,258,10,Axx,1,1,Alpha,2002-07-23
0042,S18E38,-18,-38,242,10,Axx,2,3,Alpha,2002-07-23
0035,S09W46,-9,46,313,80,Eao,12,13,Beta,2002-07-24
0036,S07W28,-7,28,295,910,Ekc,13,59,Beta-Gamma,2002-07-24
0037,N15W19,15,19,286,180,Hsx,3,1,Alpha,2002-07-24
0038,N16E24,16,-24,243,80,Dso,7,9,Beta,2002-07-24
0039,S15E59,-15,-59,208,940,Fkc,18,22,Beta-Gamma-Delta,2002-07-24
0040,S22W14,-22,14,281,10,Axx,1,2,Alpha,2002-07-24
0041,N17E04,17,-4,263,20,Cao,3,3,Beta,2002-07-24
0042,S19E26,-19,-26,241,10,Bxo,4,4,Beta,2002-07-24
0043,N12E56,12,-56,211,20,Bxo,4,5,Beta,2002-07-24
0044,S19E57,-19,-57,210,140,Dao,6,8,Beta,2002-07-24
0035,S09W59,-9,59,312,70,Eao,11,9,Beta,2002-07-25
0036,S07W42,-7,42,295,820,Ekc,12,46,Beta-Gamma,2002-07-25
0037,N14W32,14,32,285,150,Hsx,2,2,Alpha,2002-07-25
0038,N17E12,17,-12,241,60,Dao,6,11,Beta,2002-07-25
0039,S15E48,-15,-48,205,940,Ekc,15,39,Beta-Gamma-Delta,2002-07-25
0040,S20W29,-20,29,282,20,Cro,3,6,Beta,2002-07-25
0041,N17W04,17,4,257,10,Cro,1,2,Beta,2002-07-25
0042,S20E14,-20,-14,239,30,Cao,3,6,Beta,2002-07-25
0043,N12E41,12,-41,212,80,Dao,6,9,Beta,2002-07-25
0044,S20E43,-20,-43,210,120,Dao,8,14,Beta,2002-07-25
0045,N04E17,4,-17,236,20,Cao,4,4,Beta,2002-07-25
0046,N14E22,14,-22,231,10,Cso,3,2,Beta,2002-07-25
0035,S09W74,-9,74,314,50,Eao,11,5,Beta,2002-07-26
0036,S07W54,-7,54,294,590,Ekc,13,41,Beta-Gamma,2002-07-26
0037,N14W45,14,45,285,170,Hsx,2,1,Alpha,2002-07-26
0038,N16W01,16,1,241,40,Cso,5,8,Beta,2002-07-26
0039,S16E34,-16,-34,206,850,Fkc,17,52,Beta-Gamma-Delta,2002-07-26
0040,S19W43,-19,43,283,10,Bxo,4,4,Beta,2002-07-26
0041,N16W19,16,19,259,10,Bxo,3,4,Beta,2002-07-26
0042,S20W02,-20,2,242,30,Cao,3,4,Beta,2002-07-26
0043,N12E28,12,-28,212,140,Dao,8,17,Beta,2002-07-26
0044,S21E30,-21,-30,210,180,Eai,11,22,Beta,2002-07-26
0045,N04E03,4,-3,237,30,Cao,5,8,Beta,2002-07-26
0046,N15E09,15,-9,231,10,Axx,1,1,Alpha,2002-07-26
0047,N07W48,7,48,288,20,Cso,3,2,Beta,2002-07-26
0036,S07W68,-7,68,295,500,Cko,11,17,Beta,2002-07-27
0037,N15W58,15,58,285,170,Cao,6,4,Beta,2002-07-27
0038,N16W14,16,14,241,20,Axx,1,6,Alpha,2002-07-27
0039,S16E22,-16,-22,205,940,Fkc,16,72,Beta-Gamma-Delta,2002-07-27
0042,S19W13,-19,13,240,30,Cao,3,3,Beta,2002-07-27
0043,N12E14,12,-14,213,160,Dao,8,20,Beta,2002-07-27
0044,S21E17,-21,-17,210,430,Eki,13,42,Beta-Gamma,2002-07-27
0045,N05W10,5,10,237,170,Dai,6,20,Beta,2002-07-27
0047,N07W62,7,62,289,30,Bxo,4,4,Beta,2002-07-27
0048,N18E52,18,-52,175,30,Cao,4,5,Beta,2002-07-27
0049,S06W30,-6,30,257,220,Cso,3,2,Beta,2002-07-27
0050,S07E36,-7,-36,191,10,Bxo,3,4,Beta,2002-07-27
0036,S08W84,-8,84,297,320,Dao,9,6,Beta,2002-07-28
0037,N13W73,13,73,286,120,Hsx,3,1,Alpha,2002-07-28
0038,N17W28,17,28,241,20,Hsx,1,2,Alpha,2002-07-28
0039,S15E08,-15,-8,205,900,Fki,17,62,Beta-Gamma-Delta,2002-07-28
0042,S21W29,-21,29,242,20,Hsx,2,3,Alpha,2002-07-28
0043,N12E00,12,0,213,160,Dao,9,17,Beta,2002-07-28
0044,S22E03,-22,-3,210,590,Fki,17,45,Beta-Gamma-Delta,2002-07-28
0045,N05W25,5,25,238,160,Dai,6,16,Beta,2002-07-28
0047,N09W74,9,74,287,30,Cao,4,7,Beta,2002-07-28
0048,N20E38,20,-38,175,50,Cso,6,9,Beta,2002-07-28
0049,S05W44,-5,44,257,30,Dao,5,10,Beta,2002-07-28
0050,S07E23,-7,-23,190,90,Dso,5,13,Beta,2002-07-28
0051,S17E66,-17,-66,147,90,Cao,9,2,Beta,2002-07-28
0037,N13W87,13,87,287,90,Hsx,2,1,Alpha,2002-07-29
0038,N18W44,18,44,244,20,Cso,5,3,Beta,2002-07-29
0039,S15W04,-15,4,204,920,Fki,17,48,Beta-Gamma-Delta,2002-07-29
0042,S19W43,-19,43,243,10,Hrx,1,1,Alpha,2002-07-29
0043,N12W13,12,13,213,160,Dai,10,20,Beta,2002-07-29
0044,S21W11,-21,11,211,530,Fki,18,43,Beta-Gamma-Delta,2002-07-29
0045,N05W39,5,39,239,110,Dao,6,12,Beta,2002-07-29
0048,N21E25,21,-25,175,100,Dso,8,10,Beta,2002-07-29
0050,S07E09,-7,-9,191,290,Dao,8,23,Beta,2002-07-29
0051,S16E54,-16,-54,146,100,Hsx,2,1,Alpha,2002-07-29
0052,N09E17,9,-17,183,30,Cro,5,5,Beta,2002-07-29
0053,S17E24,-17,-24,176,10,Hrx,0,1,Alpha,2002-07-29
0054,S21E70,-21,-70,130,40,Cro,5,2,Beta,2002-07-29
0038,N18W55,18,55,242,20,Cso,2,2,Beta,2002-07-30
0039,S15W18,-15,18,205,890,Ekc,15,57,Beta-Gamma-Delta,2002-07-30
0043,N12W26,12,26,213,190,Dai,9,23,Beta,2002-07-30
0044,S21W24,-21,24,211,580,Fai,19,42,Beta-Gamma,2002-07-30
0045,N06W53,6,53,240,30,Bxo,6,6,Beta,2002-07-30
0048,N20E12,20,-12,175,60,Dso,6,10,Beta,2002-07-30
0050,S07W06,-7,6,193,570,Dki,10,31,Beta-Gamma,2002-07-30
0051,S17E40,-17,-40,147,60,Hsx,2,1,Alpha,2002-07-30
0052,N09E02,9,-2,185,10,Bxo,3,2,Beta,2002-07-30
0053,S17E12,-17,-12,175,20,Cso,4,5,Beta,2002-07-30
0054,S22E55,-22,-55,132,50,Dso,5,4,Beta,2002-07-30
0055,N14E75,14,-75,112,80,Hax,2,1,Alpha,2002-07-30
0039,S14W30,-14,30,203,620,Fki,18,63,Beta-Gamma-Delta,2002-07-31
0042,S22W64,-22,64,237,0,Axx,1,1,Alpha,2002-07-31
0043,N12W39,12,39,212,100,Dsi,10,23,Beta,2002-07-31
0044,S20W33,-20,33,206,380,Fki,23,54,Beta-Gamma,2002-07-31
0048,N21E00,21,0,173,40,Dro,5,8,Beta,2002-07-31
0050,S08W19,-8,19,192,540,Eki,12,37,Beta-Gamma,2002-07-31
0051,S16E28,-16,-28,145,90,Hsx,2,1,Alpha,2002-07-31
0053,S17W02,-17,2,175,20,Cso,1,2,Beta,2002-07-31
0054,S22E42,-22,-42,131,30,Dro,6,4,Beta,2002-07-31
0055,N14E64,14,-64,109,40,Dro,7,4,Beta,2002-07-31
0039,S15W44,-15,44,204,570,Fkc,16,51,Beta-Gamma-Delta,2002-08-01
0043,N12W53,12,53,213,90,Dao,9,11,Beta,2002-08-01
0044,S21W49,-21,49,209,620,Fkc,20,49,Beta-Gamma,2002-08-01
0048,N19W14,19,14,174,20,Cso,6,9,Beta,2002-08-01
0050,S08W32,-8,32,192,730,Ekc,14,43,Beta-Gamma,2002-08-01
0051,S17E15,-17,-15,145,70,Hsx,2,1,Alpha,2002-08-01
0054,S22E27,-22,-27,133,20,Cso,5,3,Beta,2002-08-01
0055,N14E51,14,-51,109,80,Dso,6,4,Beta,2002-08-01
0056,N04E49,4,-49,111,30,Cso,4,4,Beta,2002-08-01
0039,S15W58,-15,58,205,430,Fai,16,38,Beta-Gamma,2002-08-02
0043,N13W66,13,66,213,30,Dao,10,6,Beta,2002-08-02
0044,S21W62,-21,62,209,780,Fkc,21,40,Beta-Gamma,2002-08-02
0050,S08W45,-8,45,192,680,Ekc,15,52,Beta-Gamma,2002-08-02
0051,S16E01,-16,-1,146,80,Hsx,2,1,Alpha,2002-08-02
0054,S22E13,-22,-13,134,10,Axx,1,1,Alpha,2002-08-02
0055,N14E38,14,-38,109,60,Dso,7,3,Beta,2002-08-02
0056,N05E36,5,-36,111,30,Cso,4,5,Beta,2002-08-02
0057,S08E02,-8,-2,145,50,Dao,8,12,Beta,2002-08-02
0058,S05E72,-5,-72,75,20,Axx,2,1,Alpha,2002-08-02
0039,S15W70,-15,70,204,480,Eai,15,17,Beta-Gamma,2002-08-03
0044,S21W76,-21,76,210,780,Fki,23,23,Beta-Gamma,2002-08-03
0048,N21W38,21,38,172,20,Cro,4,3,Beta,2002-08-03
0050,S08W59,-8,59,193,570,Fki,18,36,Beta-Gamma,2002-08-03
0051,S16W12,-16,12,146,90,Hsx,2,1,Alpha,2002-08-03
0054,S22W01,-22,1,135,10,Hrx,1,2,Alpha,2002-08-03
0055,N15E26,15,-26,108,70,Dso,8,3,Beta,2002-08-03
0056,N05E22,5,-22,112,10,Bxo,4,3,Beta,2002-08-03
0057,S08W10,-8,10,144,100,Dao,9,17,Beta,2002-08-03
0058,S07E57,-7,-57,77,10,Hrx,1,1,Alpha,2002-08-03
0059,N14E67,14,-67,67,70,Dso,6,4,Beta,2002-08-03
0039,S16W83,-16,83,204,330,Eao,15,13,Beta-Gamma,2002-08-04
0044,S24W88,-24,88,209,280,Dao,10,9,Beta,2002-08-04
0050,S08W73,-8,73,194,470,Fki,17,25,Beta-Gamma,2002-08-04
0051,S16W25,-16,25,146,80,Hsx,2,1,Alpha,2002-08-04
0055,N14E13,14,-13,108,50,Dso,8,8,Beta,2002-08-04
0057,S08W25,-8,25,146,150,Eai,11,44,Beta-Gamma,2002-08-04
0058,S06E43,-6,-43,78,20,Hrx,1,1,Alpha,2002-08-04
0059,N15E54,15,-54,67,90,Dso,7,8,Beta,2002-08-04
0060,S28W26,-28,26,147,30,Bxo,4,8,Beta,2002-08-04
0061,N08E77,8,-77,44,180,Hsx,2,1,Alpha,2002-08-04
0050,S08W87,-8,87,194,420,Fho,19,7,Beta,2002-08-05
0051,S15W38,-15,38,145,90,Hsx,2,1,Alpha,2002-08-05
0055,N13W01,13,1,108,40,Dao,7,4,Beta,2002-08-05
0057,S08W39,-8,39,146,380,Eac,13,33,Beta-Gamma,2002-08-05
0058,S07E28,-7,-28,79,30,Hsx,1,1,Alpha,2002-08-05
0059,N15E41,15,-41,66,120,Dao,7,12,Beta,2002-08-05
0060,S28W41,-28,41,148,40,Dro,7,5,Beta,2002-08-05
0061,N08E65,8,-65,42,190,Dao,5,7,Beta,2002-08-05
0051,S16W51,-16,51,145,60,Hsx,2,1,Alpha,2002-08-06
0055,N14W16,14,16,110,30,Cso,7,5,Beta,2002-08-06
0057,S07W53,-7,53,147,370,Eai,14,31,Beta-Gamma,2002-08-06
0058,S06E15,-6,-15,79,20,Hsx,1,1,Alpha,2002-08-06
0059,N15E28,15,-28,66,80,Dao,7,10,Beta,2002-08-06
0060,S27W52,-27,52,146,20,Cro,7,4,Beta,2002-08-06
0061,N07E53,7,-53,41,190,Cao,8,9,Beta,2002-08-06
0062,S05W23,-5,23,117,10,Cro,3,3,Beta,2002-08-06
0051,S14W65,-14,65,146,60,Hsx,2,1,Alpha,2002-08-07
0055,N14W29,14,29,110,20,Hsx,2,2,Alpha,2002-08-07
0057,S07W66,-7,66,147,340,Eai,12,15,Beta-Gamma,2002-08-07
0058,S06E03,-6,-3,78,40,Cso,6,7,Beta,2002-08-07
0059,N13E14,13,-14,67,60,Cso,7,10,Beta,2002-08-07
0061,N08E41,8,-41,40,280,Eai,11,27,Beta,2002-08-07
0063,N15E75,15,-75,6,110,Eso,12,3,Beta,2002-08-07
0051,S16W77,-16,77,144,60,Hax,2,1,Alpha,2002-08-08
0055,N12W44,12,44,111,20,Hrx,2,2,Alpha,2002-08-08
0057,S08W79,-8,79,146,270,Eai,14,8,Beta-Gamma,2002-08-08
0058,S06W08,-6,8,75,50,Dao,8,8,Beta,2002-08-08
0059,N13E00,13,0,67,40,Cso,5,4,Beta,2002-08-08
0061,N09E27,9,-27,40,310,Dai,10,30,Beta-Delta,2002-08-08
0063,N17E66,17,-66,1,200,Eao,11,4,Beta,2002-08-08
0064,S20E13,-20,-13,54,20,Cso,3,4,Beta,2002-08-08
0051,S15W91,-15,91,145,70,Hsx,2,1,Alpha,2002-08-09
0055,N13W58,13,58,112,10,Hrx,0,1,Alpha,2002-08-09
0057,S08W91,-8,91,145,150,Dai,5,6,Beta,2002-08-09
0058,S06W22,-6,22,76,50,Dao,7,8,Beta,2002-08-09
0059,N13W15,13,15,69,20,Cso,3,3,Beta,2002-08-09
0061,N08E14,8,-14,40,340,Dki,10,31,Beta-Delta,2002-08-09
0063,N18E51,18,-51,3,220,Eao,11,6,Beta,2002-08-09
0064,S20W02,-20,2,56,20,Hsx,2,3,Alpha,2002-08-09
0065,S10E55,-10,-55,359,0,Axx,0,1,Alpha,2002-08-09
0058,S07W35,-7,35,76,90,Dao,8,15,Beta,2002-08-10
0059,N14W26,14,26,67,30,Dso,5,8,Beta,2002-08-10
0061,N08E00,8,0,41,360,Ekc,12,51,Beta-Gamma,2002-08-10
0063,N17E38,17,-38,3,250,Eao,14,15,Beta,2002-08-10
0064,S20W14,-20,14,55,20,Dro,3,3,Beta,2002-08-10
0065,S09E41,-9,-41,0,10,Axx,1,1,Alpha,2002-08-10
0066,N14E70,14,-70,331,10,Axx,1,1,Alpha,2002-08-10
0058,S06W48,-6,48,75,80,Dso,9,8,Beta,2002-08-11
0059,N15W39,15,39,66,30,Cso,4,3,Beta,2002-08-11
0061,N08W15,8,15,42,290,Ehi,11,28,Beta-Gamma,2002-08-11
0063,N17E26,17,-26,1,220,Dao,10,11,Beta,2002-08-11
0065,S09E26,-9,-26,1,10,Bxo,3,2,Beta,2002-08-11
0066,N13E57,13,-57,330,80,Dso,8,6,Beta,2002-08-11
0067,N09E71,9,-71,316,70,Hax,2,1,Alpha,2002-08-11
0068,S07E71,-7,-71,316,90,Hax,2,1,Alpha,2002-08-11
0058,S05W61,-5,61,75,110,Dso,9,10,Beta,2002-08-12
0061,N07W28,7,28,42,150,Cai,10,19,Beta-Gamma,2002-08-12
0063,N17E13,17,-13,1,160,Dso,10,10,Beta,2002-08-12
0066,N13E42,13,-42,332,50,Dro,5,8,Beta,2002-08-12
0067,N09E58,9,-58,316,150,Dao,8,10,Beta,2002-08-12
0068,S08E60,-8,-60,314,150,Dso,10,9,Beta,2002-08-12
0069,S08E77,-8,-77,297,450,Eko,13,5,Beta,2002-08-12
0070,N05W05,5,5,19,10,Bxo,5,5,Beta,2002-08-12
0071,N11E68,11,-68,306,40,Hax,2,2,Alpha,2002-08-12
0072,S18W23,-18,23,37,10,Bxo,2,2,Beta,2002-08-12
0058,S06W75,-6,75,76,120,Dao,8,7,Beta,2002-08-13
0061,N08W41,8,41,42,120,Cao,5,12,Beta,2002-08-13
0063,N16E00,16,0,1,130,Dao,9,6,Beta,2002-08-13
0066,N15E30,15,-30,331,30,Dro,10,12,Beta,2002-08-13
0067,N10E44,10,-44,317,90,Dso,5,9,Beta,2002-08-13
0068,S07E47,-7,-47,314,100,Eao,11,8,Beta,2002-08-13
0069,S07E65,-7,-65,296,1170,Eki,12,11,Beta-Gamma,2002-08-13
0070,N08W16,8,16,17,10,Axx,2,2,Alpha,2002-08-13
0071,N11E56,11,-56,305,30,Hsx,2,1,Alpha,2002-08-13
0072,S18W35,-18,35,36,40,Dso,5,8,Beta,2002-08-13
0073,N16W13,16,13,14,10,Bxo,6,6,Beta,2002-08-13
0074,N24W01,24,1,2,10,Bxo,3,2,Beta,2002-08-13
0075,S09E32,-9,-32,329,10,Bxo,4,5,Beta,2002-08-13
0076,N12E75,12,-75,286,60,Hsx,1,1,Alpha,2002-08-13
0058,S07W89,-7,89,77,60,Dao,7,5,Beta,2002-08-14
0061,N09W55,9,55,43,80,Cao,5,6,Beta,2002-08-14
0063,N18W14,18,14,2,180,Eao,11,9,Beta,2002-08-14
0066,N14E16,14,-16,332,70,Dao,9,19,Beta,2002-08-14
0067,N11E33,11,-33,315,110,Dso,10,12,Beta,2002-08-14
0068,S07E34,-7,-34,314,110,Eso,11,7,Beta,2002-08-14
0069,S07E50,-7,-50,298,1210,Ekc,11,19,Beta-Gamma-Delta,2002-08-14
0071,N10E42,10,-42,306,20,Hax,2,1,Alpha,2002-08-14
0072,S18W48,-18,48,36,160,Dao,7,9,Beta,2002-08-14
0075,S10E17,-10,-17,331,40,Dro,5,5,Beta,2002-08-14
0076,N12E64,12,-64,284,60,Hsx,1,1,Alpha,2002-08-14
0077,S18E48,-18,-48,300,10,Hsx,0,1,Alpha,2002-08-14
0061,N08W69,8,69,44,110,Hsx,2,2,Alpha,2002-08-15
0063,N18W26,18,26,1,110,Eso,11,11,Beta,2002-08-15
0065,S07W26,-7,26,1,0,Axx,1,1,Alpha,2002-08-15
0066,N13E03,13,-3,332,140,Dai,7,14,Beta-Gamma,2002-08-15
0067,N11E20,11,-20,315,210,Eao,13,29,Beta,2002-08-15
0068,S08E21,-8,-21,314,70,Eao,12,4,Beta,2002-08-15
0069,S08E37,-8,-37,298,1520,Ekc,12,25,Beta-Gamma-Delta,2002-08-15
0072,S17W60,-17,60,35,210,Dao,7,6,Beta,2002-08-15
0075,S12E04,-12,-4,331,40,Dso,4,6,Beta,2002-08-15
0076,N12E51,12,-51,284,40,Hax,1,1,Alpha,2002-08-15
0077,S17E33,-17,-33,302,0,Axx,0,1,Alpha,2002-08-15
0078,S13W12,-13,12,347,30,Dso,4,9,Beta,2002-08-15
0079,S20E55,-20,-55,280,20,Hax,1,1,Alpha,2002-08-15
0080,N16E69,16,-69,266,120,Eao,11,4,Beta,2002-08-15
0061,N06W85,6,85,46,80,Hsx,2,1,Alpha,2002-08-16
0063,N17W39,17,39,360,140,Eso,12,10,Beta,2002-08-16
0066,N14W10,14,10,331,130,Dao,9,21,Beta,2002-08-16
0067,N12E07,12,-7,314,290,Eai,14,40,Beta,2002-08-16
0068,S07E07,-7,-7,314,60,Eso,12,8,Beta,2002-08-16
0069,S07E24,-7,-24,297,1400,Ekc,13,44,Beta-Gamma-Delta,2002-08-16
0072,S18W78,-18,78,39,310,Dao,10,5,Beta,2002-08-16
0075,S11W11,-11,11,332,30,Cso,4,5,Beta,2002-08-16
0076,N12E38,12,-38,283,40,Hsx,1,1,Alpha,2002-08-16
0078,S13W26,-13,26,347,60,Dao,6,8,Beta,2002-08-16
0079,S19E42,-19,-42,279,120,Dso,8,11,Beta,2002-08-16
0080,N16E55,16,-55,266,160,Dso,10,7,Beta,2002-08-16
0061,N06W98,6,98,46,80,Hsx,2,1,Alpha,2002-08-17
0063,N17W51,17,51,359,100,Dso,8,6,Beta,2002-08-17
0066,N14W23,14,23,331,90,Dso,9,17,Beta,2002-08-17
0067,N12W06,12,6,314,200,Esi,13,32,Beta,2002-08-17
0068,S07W06,-7,6,314,50,Eso,12,3,Beta,2002-08-17
0069,S07E11,-7,-11,297,1750,Ekc,14,37,Beta-Gamma-Delta,2002-08-17
0072,S18W91,-18,91,39,120,Dso,6,2,Beta,2002-08-17
0076,N12E25,12,-25,283,20,Hsx,1,1,Alpha,2002-08-17
0078,S13W39,-13,39,347,60,Dso,5,5,Beta,2002-08-17
0079,S19E29,-19,-29,279,140,Dso,9,12,Beta,2002-08-17
0080,N16E42,16,-42,266,170,Dso,8,9,Beta,2002-08-17
0081,N17E61,17,-61,247,50,Dro,4,2,Beta,2002-08-17
0063,N18W62,18,62,357,70,Hsx,2,1,Alpha,2002-08-18
0066,N13W36,13,36,331,50,Dso,6,13,Beta,2002-08-18
0067,N12W20,12,20,315,160,Eai,12,28,Beta,2002-08-18
0068,S08W20,-8,20,315,40,Eso,12,6,Beta,2002-08-18
0069,S07W03,-7,3,298,1950,Ekc,13,58,Beta-Gamma-Delta,2002-08-18
0076,N12E11,12,-11,284,20,Hsx,1,1,Alpha,2002-08-18
0078,S14W53,-14,53,348,60,Cro,4,2,Beta,2002-08-18
0079,S21E18,-21,-18,277,150,Eao,11,23,Beta,2002-08-18
0080,N16E30,16,-30,265,140,Dao,9,11,Beta,2002-08-18
0081,N17E47,17,-47,248,20,Hrx,1,2,Alpha,2002-08-18
0082,N21E06,21,-6,289,20,Hrx,1,2,Alpha,2002-08-18
0083,S18E67,-18,-67,228,50,Cao,2,2,Beta,2002-08-18
0063,N18W75,18,75,357,80,Hax,2,1,Alpha,2002-08-19
0066,N14W48,14,48,330,60,Dao,7,11,Beta,2002-08-19
0067,N12W34,12,34,316,80,Eao,13,33,Beta,2002-08-19
0068,S08W39,-8,39,321,20,Hsx,1,1,Alpha,2002-08-19
0069,S08W18,-8,18,300,1960,Ekc,15,74,Beta-Gamma-Delta,2002-08-19
0076,N12W02,12,2,284,20,Cso,3,2,Beta,2002-08-19
0079,S22E04,-22,-4,278,310,Eac,11,38,Beta,2002-08-19
0080,N16E17,16,-17,265,110,Dao,7,13,Beta,2002-08-19
0081,N18E34,18,-34,248,10,Axx,1,2,Alpha,2002-08-19
0082,N20W07,20,7,289,10,Bxo,3,4,Beta,2002-08-19
0083,S18E52,-18,-52,230,80,Dso,9,8,Beta,2002-08-19
0084,S16E64,-16,-64,218,110,Hax,1,1,Alpha,2002-08-19
0063,N17W88,17,88,357,60,Hsx,1,1,Alpha,2002-08-20
0066,N14W60,14,60,329,60,Dao,4,5,Beta,2002-08-20
0067,N10W48,10,48,317,90,Dao,7,9,Beta,2002-08-20
0068,S08W53,-8,53,322,30,Bxo,3,2,Beta,2002-08-20
0069,S08W30,-8,30,299,1990,Ekc,15,60,Beta-Gamma-Delta,2002-08-20
0076,N12W15,12,15,284,20,Hsx,1,1,Alpha,2002-08-20
0079,S22W08,-22,8,277,430,Eai,12,38,Beta,2002-08-20
0080,N16E03,16,-3,266,130,Dao,8,10,Beta,2002-08-20
0083,S18E36,-18,-36,233,50,Dao,7,5,Beta,2002-08-20
0084,S16E50,-16,-50,219,100,Hax,2,1,Alpha,2002-08-20
0085,S11E69,-11,-69,200,460,Dho,5,5,Beta,2002-08-20
0066,N15W73,15,73,329,40,Hsx,2,3,Alpha,2002-08-21
0067,N10W62,10,62,318,80,Dao,7,11,Beta,2002-08-21
0069,S08W44,-8,44,300,1850,Ekc,14,47,Beta-Gamma-Delta,2002-08-21
0076,N13W29,13,29,285,10,Hsx,1,1,Alpha,2002-08-21
0079,S22W22,-22,22,278,230,Eai,13,31,Beta,2002-08-21
0080,N16W10,16,10,266,120,Cao,9,13,Beta,2002-08-21
0083,S17E25,-17,-25,231,30,Dso,5,5,Beta,2002-08-21
0084,S17E39,-17,-39,217,100,Cso,7,5,Beta,2002-08-21
0085,S11E56,-11,-56,200,480,Cko,6,3,Beta,2002-08-21
0066,N15W85,15,85,327,40,Cao,4,10,Beta,2002-08-22
0067,N11W73,11,73,315,90,Dao,9,10,Beta,2002-08-22
0069,S08W58,-8,58,300,1650,Ekc,13,46,Beta-Gamma-Delta,2002-08-22
0071,N10W68,10,68,310,0,Axx,0,1,Alpha,2002-08-22
0076,N13W43,13,43,285,10,Hsx,1,1,Alpha,2002-08-22
0079,S22W35,-22,35,277,170,Eao,13,22,Beta,2002-08-22
0080,N15W23,15,23,265,70,Dao,10,11,Beta,2002-08-22
0083,S18E11,-18,-11,231,50,Dao,8,13,Beta,2002-08-22
0084,S16E26,-16,-26,216,110,Cao,9,14,Beta,2002-08-22
0085,S11E42,-11,-42,200,520,Cko,8,10,Beta,2002-08-22
0067,N10W84,10,84,313,70,Cao,9,7,Beta,2002-08-23
0069,S07W71,-7,71,300,1420,Ekc,13,30,Beta-Gamma-Delta,2002-08-23
0079,S21W52,-21,52,281,140,Dao,9,14,Beta,2002-08-23
0080,N15W33,15,33,262,20,Hsx,2,3,Alpha,2002-08-23
0083,S18W03,-18,3,232,100,Eai,11,22,Beta-Gamma,2002-08-23
0084,S17E12,-17,-12,217,80,Dao,9,18,Beta,2002-08-23
0085,S10E29,-10,-29,200,550,Cko,7,13,Beta,2002-08-23
0086,S21E29,-21,-29,200,20,Bxo,4,4,Beta,2002-08-23
0087,S07E74,-7,-74,155,170,Cho,4,4,Beta,2002-08-23
0067,N11W92,11,92,308,70,Cao,3,3,Beta,2002-08-24
0069,S08W85,-8,85,301,830,Cko,13,17,Beta-Gamma-Delta,2002-08-24
0079,S21W65,-21,65,281,160,Dao,9,9,Beta,2002-08-24
0080,N14W45,14,45,261,30,Hax,1,1,Alpha,2002-08-24
0083,S19W15,-19,15,231,170,Fao,16,21,Beta-Gamma,2002-08-24
0084,S15E00,-15,0,216,90,Dao,8,19,Beta,2002-08-24
0085,S09E16,-9,-16,200,520,Dko,9,19,Beta,2002-08-24
0086,S23E17,-23,-17,199,10,Hrx,2,2,Alpha,2002-08-24
0087,S07E60,-7,-60,156,450,Dko,7,10,Beta,2002-08-24
0088,S22W28,-22,28,244,40,Cro,3,6,Beta,2002-08-24
0069,N08W95,8,95,298,120,Hkx,12,2,Alpha,2002-08-25
0079,S22W82,-22,82,285,110,Hax,2,2,Alpha,2002-08-25
0083,S18W27,-18,27,230,170,Eao,15,25,Beta-Gamma,2002-08-25
0084,S16W12,-16,12,215,70,Dao,8,14,Beta,2002-08-25
0085,S09E03,-9,-3,200,500,Dko,9,24,Beta,2002-08-25
0086,S26E02,-26,-2,201,10,Bxo,6,6,Beta,2002-08-25
0087,S07E47,-7,-47,156,330,Dki,6,19,Beta-Gamma,2002-08-25
0088,S22W41,-22,41,244,120,Dai,7,16,Beta,2002-08-25
0089,S16E62,-16,-62,141,10,Axx,1,1,Alpha,2002-08-25
0080,N14W70,14,70,260,60,Cso,4,5,Beta,2002-08-26
0083,S17W41,-17,41,231,120,Dao,8,7,Beta-Gamma,2002-08-26
0084,S16W26,-16,26,216,70,Dao,6,6,Beta,2002-08-26
0085,S08W09,-8,9,199,520,Dko,7,19,Beta,2002-08-26
0087,S07E34,-7,-34,156,410,Dki,6,15,Beta-Gamma,2002-08-26
0088,S23W54,-23,54,244,200,Dai,8,13,Beta,2002-08-26
0089,S16E47,-16,-47,143,0,Axx,0,1,Alpha,2002-08-26
0080,N12W83,12,83,259,80,Dso,5,3,Beta,2002-08-27
0083,S19W56,-19,56,232,90,Hax,2,2,Alpha,2002-08-27
0084,S17W39,-17,39,215,50,Cao,3,3,Beta,2002-08-27
0085,S09W19,-9,19,195,500,Dko,8,12,Beta,2002-08-27
0087,S08E21,-8,-21,155,390,Dko,5,9,Beta,2002-08-27
0088,S23W68,-23,68,244,200,Dao,8,5,Beta,2002-08-27
0090,S03E48,-3,-48,128,10,Axx,1,1,Alpha,2002-08-27
0083,S18W71,-18,71,234,100,Cao,3,2,Beta,2002-08-28
0084,S17W53,-17,53,216,40,Dao,4,6,Beta,2002-08-28
0085,S08W37,-8,37,200,380,Dko,9,18,Beta,2002-08-28
0087,S08E06,-8,-6,157,420,Dko,6,19,Beta,2002-08-28
0088,S22W83,-22,83,246,90,Hsx,2,1,Alpha,2002-08-28
0090,S04E33,-4,-33,130,20,Hrx,1,2,Alpha,2002-08-28
0091,N06E37,6,-37,126,10,Axx,2,3,Alpha,2002-08-28
0092,S19E04,-19,-4,159,10,Axx,1,2,Alpha,2002-08-28
0083,S18W84,-18,84,234,70,Hsx,2,1,Alpha,2002-08-29
0084,S17W66,-17,66,216,60,Cao,5,3,Beta,2002-08-29
0085,S08W50,-8,50,200,450,Dko,7,5,Beta,2002-08-29
0087,S08W07,-8,7,157,450,Dkc,6,13,Beta-Gamma-Delta,2002-08-29
0090,S04E20,-4,-20,130,20,Cso,4,3,Beta,2002-08-29
0092,S19W09,-19,9,159,20,Hsx,1,2,Alpha,2002-08-29
0084,S17W79,-17,79,216,30,Hsx,1,1,Alpha,2002-08-30
0085,S08W63,-8,63,200,310,Hhx,3,3,Alpha,2002-08-30
0087,S08W20,-8,20,157,250,Dai,8,26,Beta-Gamma-Delta,2002-08-30
0090,S04E07,-4,-7,130,50,Dso,7,15,Beta,2002-08-30
0092,S19W22,-19,22,159,40,Dso,5,5,Beta,2002-08-30
0093,S16E13,-16,-13,124,10,Hrx,1,2,Alpha,2002-08-30
0094,S17E67,-17,-67,70,40,Cso,6,3,Beta,2002-08-30
0095,N07E76,7,-76,61,180,Eao,12,11,Beta,2002-08-30
0085,S08W76,-8,76,200,280,Hax,3,1,Alpha,2002-08-31
0087,S08W33,-8,33,157,230,Dkc,8,29,Beta-Gamma,2002-08-31
0090,S04W06,-4,6,130,70,Dao,6,13,Beta,2002-08-31
0092,S19W35,-19,35,159,30,Bxo,4,3,Beta,2002-08-31
0094,S17E54,-17,-54,70,160,Dso,6,9,Beta,2002-08-31
0095,N07E65,7,-65,59,450,Fki,17,24,Beta-Gamma,2002-08-31
0096,S14E75,-14,-75,49,80,Hax,2,1,Alpha,2002-08-31
0085,S08W89,-8,89,200,180,Hhx,2,1,Alpha,2002-09-01
0087,S08W47,-8,47,157,300,Dai,7,23,Beta-Gamma,2002-09-01
0090,S04W20,-4,20,130,60,Dao,7,8,Beta,2002-09-01
0094,S17E40,-17,-40,70,200,Dso,6,5,Beta,2002-09-01
0095,N07E51,7,-51,59,810,Fkc,20,28,Beta-Gamma-Delta,2002-09-01
0096,S14E62,-14,-62,49,140,Dao,7,3,Beta,2002-09-01
0097,N13E36,13,-36,74,20,Dro,5,3,Beta,2002-09-01
0098,S10E76,-10,-76,34,30,Axx,1,2,Alpha,2002-09-01
0087,S08W61,-8,61,158,190,Cso,7,17,Beta,2002-09-02
0090,S06W36,-6,36,133,50,Cso,6,6,Beta,2002-09-02
0094,S18E27,-18,-27,70,170,Dao,7,9,Beta,2002-09-02
0095,N08E38,8,-38,59,730,Fki,21,34,Beta-Gamma,2002-09-02
0096,S15E50,-15,-50,47,140,Dso,7,4,Beta,2002-09-02
0097,N10E21,10,-21,76,30,Dso,6,8,Beta,2002-09-02
0098,S12E65,-12,-65,32,30,Hsx,1,1,Alpha,2002-09-02
0099,S03E27,-3,-27,70,40,Dao,4,6,Beta,2002-09-02
0100,S20E67,-20,-67,30,130,Hsx,2,1,Alpha,2002-09-02
0101,N03E71,3,-71,26,50,Hsx,1,1,Alpha,2002-09-02
0087,S08W74,-8,74,158,180,Cso,5,5,Beta,2002-09-03
0090,S06W51,-6,51,135,30,Cso,4,4,Beta,2002-09-03
0094,S18E13,-18,-13,71,160,Dho,6,8,Beta,2002-09-03
0095,N08E24,8,-24,60,840,Fki,20,53,Beta-Gamma,2002-09-03
0096,S15E38,-15,-38,46,170,Dso,10,10,Beta,2002-09-03
0097,N13E08,13,-8,76,110,Dai,8,19,Beta,2002-09-03
0098,S09E51,-9,-51,33,30,Cro,2,2,Beta,2002-09-03
0099,S04E12,-4,-12,72,70,Dso,6,8,Beta,2002-09-03
0100,S19E56,-19,-56,28,210,Dao,9,6,Beta,2002-09-03
0101,N02E56,2,-56,28,40,Hax,2,1,Alpha,2002-09-03
0102,N09E65,9,-65,19,50,Hsx,1,1,Alpha,2002-09-03
0087,S08W86,-8,86,157,60,Hax,2,1,Alpha,2002-09-04
0090,S05W67,-5,67,138,90,Hsx,1,1,Alpha,2002-09-04
0094,S18E01,-18,-1,70,140,Cho,7,5,Beta,2002-09-04
0095,N08E11,8,-11,60,750,Fki,22,64,Beta-Gamma,2002-09-04
0096,S14E25,-14,-25,46,120,Dso,8,17,Beta,2002-09-04
0097,N12W06,12,6,77,70,Dao,8,19,Beta,2002-09-04
0098,S10E38,-10,-38,33,40,Axx,2,3,Alpha,2002-09-04
0099,S05W02,-5,2,73,80,Dao,7,14,Beta,2002-09-04
0100,S15E43,-15,-43,28,160,Dao,10,8,Beta,2002-09-04
0101,S03E44,-3,-44,27,70,Hax,2,3,Alpha,2002-09-04
0102,N08E53,8,-53,18,40,Hsx,1,2,Alpha,2002-09-04
0103,N15E73,15,-73,358,130,Dai,6,9,Beta,2002-09-04
0090,S04W80,-4,80,138,40,Hsx,1,1,Alpha,2002-09-05
0094,S18W14,-18,14,72,130,Cso,6,2,Beta,2002-09-05
0095,N08W03,8,3,61,550,Fkc,20,39,Beta-Gamma,2002-09-05
0096,S16E13,-16,-13,45,160,Dai,10,20,Beta-Gamma,2002-09-05
0097,N13W19,13,19,77,80,Dao,8,15,Beta,2002-09-05
0098,S10E25,-10,-25,33,20,Cao,4,4,Beta,2002-09-05
0099,S04W15,-4,15,73,40,Cso,7,5,Beta,2002-09-05
0100,S20E31,-20,-31,27,190,Cao,9,7,Beta,2002-09-05
0101,N02E30,2,-30,28,40,Cao,2,3,Beta,2002-09-05
0102,N08E39,8,-39,19,20,Hax,1,1,Alpha,2002-09-05
0103,N14E60,14,-60,358,110,Dao,9,8,Beta,2002-09-05
0094,S19W27,-19,27,72,120,Cao,5,6,Beta,2002-09-06
0095,N08W17,8,17,62,500,Fki,20,46,Beta-Gamma,2002-09-06
0096,S16W02,-16,2,47,220,Eai,11,22,Beta,2002-09-06
0097,N12W34,12,34,79,110,Dao,8,13,Beta,2002-09-06
0098,S10E11,-10,-11,34,10,Bxo,3,2,Beta,2002-09-06
0099,S05W30,-5,30,75,30,Cso,8,4,Beta,2002-09-06
0100,S20E18,-20,-18,27,130,Cso,9,10,Beta,2002-09-06
0101,N02E17,2,-17,28,10,Hsx,1,1,Alpha,2002-09-06
0102,N08E26,8,-26,19,10,Hsx,1,1,Alpha,2002-09-06
0103,N15E46,15,-46,359,120,Dao,9,20,Beta,2002-09-06
0094,S19W41,-19,41,72,110,Cso,5,5,Beta,2002-09-07
0095,N08W31,8,31,62,360,Fki,20,33,Beta,2002-09-07
0096,S16W15,-16,15,46,160,Eai,13,22,Beta,2002-09-07
0097,N12W47,12,47,78,50,Dso,8,7,Beta,2002-09-07
0099,S05W43,-5,43,75,30,Cso,8,5,Beta,2002-09-07
0100,S19E06,-19,-6,25,130,Dao,9,9,Beta,2002-09-07
0101,N02E05,2,-5,26,10,Bxo,3,8,Beta,2002-09-07
0103,N15E31,15,-31,0,140,Dao,8,20,Beta,2002-09-07
0094,S19W55,-19,55,73,110,Hsx,3,1,Alpha,2002-09-08
0095,N07W43,7,43,61,210,Fao,20,15,Beta,2002-09-08
0096,S16W30,-16,30,48,70,Eso,11,11,Beta,2002-09-08
0097,N12W62,12,62,80,40,Cso,7,4,Beta,2002-09-08
0099,S03W61,-3,61,79,20,Axx,2,6,Alpha,2002-09-08
0100,S19W08,-19,8,26,90,Cao,6,6,Beta,2002-09-08
0101,N03W11,3,11,29,20,Bxo,6,7,Beta,2002-09-08
0103,N15E20,15,-20,358,180,Dao,9,25,Beta,2002-09-08
0104,N11E59,11,-59,319,30,Hsx,1,1,Alpha,2002-09-08
0105,S06E77,-6,-77,301,290,Dko,10,4,Beta,2002-09-08
0094,S18W69,-18,69,74,110,Hsx,2,1,Alpha,2002-09-09
0095,N08W56,8,56,61,160,Fso,16,11,Beta,2002-09-09
0096,S16W44,-16,44,49,80,Eao,11,14,Beta,2002-09-09
0097,N13W72,13,72,77,30,Cso,5,2,Beta,2002-09-09
0099,S03W75,-3,75,80,0,Axx,0,1,Alpha,2002-09-09
0100,S19W23,-19,23,28,50,Dso,3,4,Beta,2002-09-09
0101,N04W26,4,26,31,40,Dso,4,7,Beta,2002-09-09
0103,N16E06,16,-6,359,200,Dai,9,27,Beta,2002-09-09
0104,N10E44,10,-44,321,30,Hsx,1,1,Alpha,2002-09-09
0105,S07E66,-7,-66,299,850,Fko,22,25,Beta-Gamma,2002-09-09
0106,N28E50,28,-50,315,10,Bxo,4,3,Beta,2002-09-09
0107,N11E70,11,-70,295,60,Cso,8,5,Beta,2002-09-09
0094,S18W83,-18,83,75,80,Hsx,2,1,Alpha,2002-09-10
0095,N08W71,8,71,63,120,Dao,10,4,Beta,2002-09-10
0096,S14W57,-14,57,49,30,Cso,8,6,Beta,2002-09-10
0100,S19W37,-19,37,29,40,Cao,3,3,Beta,2002-09-10
0101,N05W38,5,38,30,30,Dso,4,5,Beta,2002-09-10
0103,N15W07,15,7,359,240,Dai,9,34,Beta,2002-09-10
0104,N10E30,10,-30,322,10,Hsx,1,1,Alpha,2002-09-10
0105,S08E54,-8,-54,298,1270,Fki,21,32,Beta-Gamma-Delta,2002-09-10
0106,N27E36,27,-36,316,20,Bxo,3,3,Beta,2002-09-10
0107,N11E56,11,-56,296,80,Dso,6,5,Beta,2002-09-10
0095,N07W84,7,84,63,110,Dao,10,3,Beta,2002-09-11
0096,S14W70,-14,70,49,30,Hsx,3,2,Alpha,2002-09-11
0100,S19W50,-19,50,29,40,Cso,3,4,Beta,2002-09-11
0101,N05W51,5,51,30,10,Bxo,3,2,Beta,2002-09-11
0103,N15W20,15,20,359,590,Eki,11,37,Beta-Gamma,2002-09-11
0104,N10E15,10,-15,324,20,Bxo,2,4,Beta,2002-09-11
0105,S08E42,-8,-42,297,1520,Fki,23,40,Beta-Gamma-Delta,2002-09-11
0107,N11E43,11,-43,296,150,Dao,7,9,Beta,2002-09-11
0108,S23E49,-23,-49,290,20,Bxo,3,3,Beta,2002-09-11
0109,S08E18,-8,-18,321,30,Cso,3,4,Beta,2002-09-11
0110,N20E18,20,-18,321,50,Cso,5,8,Beta,2002-09-11
0100,S19W64,-19,64,29,30,Hrx,1,2,Alpha,2002-09-12
0101,N02W63,2,63,28,10,Bxo,3,3,Beta,2002-09-12
0103,N15W33,15,33,358,490,Ekc,12,35,Beta-Gamma,2002-09-12
0105,S09E28,-9,-28,297,1370,Fki,24,56,Beta-Gamma-Delta,2002-09-12
0107,N11E30,11,-30,295,170,Dao,9,15,Beta,2002-09-12
0108,S24E36,-24,-36,289,10,Bxo,3,2,Beta,2002-09-12
0109,S08E05,-8,-5,320,60,Dso,6,11,Beta,2002-09-12
0110,N20E05,20,-5,320,100,Dao,7,9,Beta,2002-09-12
0100,S16W75,-16,75,27,30,Cao,3,3,Beta,2002-09-13
0103,N16W45,16,45,357,330,Eai,13,28,Beta,2002-09-13
0104,N09W10,9,10,322,0,Axx,2,2,Alpha,2002-09-13
0105,S08E16,-8,-16,296,1180,Fki,23,58,Beta-Gamma-Delta,2002-09-13
0107,N11E16,11,-16,296,190,Dai,8,20,Beta,2002-09-13
0108,S24E20,-24,-20,292,0,Axx,0,1,Alpha,2002-09-13
0109,S08W10,-8,10,322,60,Dao,6,15,Beta,2002-09-13
0110,N19W09,19,9,321,30,Dso,6,9,Beta,2002-09-13
0111,N11E01,11,-1,311,10,Bxo,5,6,Beta,2002-09-13
0112,N00E04,0,-4,308,10,Axx,2,5,Alpha,2002-09-13
0113,N30W38,30,38,350,10,Axx,1,1,Alpha,2002-09-13
0102,N08W78,8,78,19,10,Axx,2,2,Alpha,2002-09-14
0103,N16W58,16,58,357,290,Eai,13,23,Beta,2002-09-14
0104,N09W23,9,23,322,0,Bxo,3,4,Beta,2002-09-14
0105,S08E03,-8,-3,296,1180,Fki,25,76,Beta-Gamma-Delta,2002-09-14
0107,N11E03,11,-3,296,190,Dai,8,23,Beta,2002-09-14
0109,S08W23,-8,23,322,40,Dao,6,9,Beta,2002-09-14
0110,N19W22,19,22,321,20,Dro,6,6,Beta,2002-09-14
0111,N11W12,11,12,311,20,Bxo,4,9,Beta,2002-09-14
0112,N00W09,0,9,308,10,Bxo,3,4,Beta,2002-09-14
0102,N08W94,8,94,20,30,Hsx,1,1,Alpha,2002-09-15
0103,N16W71,16,71,357,200,Eao,13,11,Beta,2002-09-15
0105,S07W18,-7,18,304,670,Eko,14,43,Beta-Gamma,2002-09-15
0107,N11W10,11,10,296,190,Dai,9,23,Beta,2002-09-15
0109,S08W36,-8,36,322,30,Bxo,4,5,Beta,2002-09-15
0110,N19W35,19,35,321,40,Dro,5,9,Beta,2002-09-15
0111,N11W25,11,25,311,20,Bxo,4,9,Beta,2002-09-15
0114,S12W02,-12,2,288,470,Dkc,9,51,Beta-Gamma-Delta,2002-09-15
0115,S03E45,-3,-45,241,120,Dao,6,14,Beta,2002-09-15
0103,N16W84,16,84,357,100,Eao,14,8,Beta,2002-09-16
0105,S07W31,-7,31,304,670,Dki,9,22,Beta-Gamma,2002-09-16
0107,N11W23,11,23,296,100,Dao,8,11,Beta,2002-09-16
0110,N19W48,19,48,321,20,Cro,4,3,Beta,2002-09-16
0114,S12W15,-12,15,288,300,Dai,8,25,Beta-Gamma,2002-09-16
0115,S03E32,-3,-32,241,120,Dso,8,14,Beta,2002-09-16
0116,N15E05,15,-5,268,20,Cso,3,4,Beta,2002-09-16
0117,S09E72,-9,-72,201,130,Hsx,2,1,Alpha,2002-09-16
0105,S07W44,-7,44,304,710,Dki,8,18,Beta-Gamma,2002-09-17
0107,N11W36,11,36,296,80,Dao,8,7,Beta,2002-09-17
0110,N19W61,19,61,321,30,Cao,4,2,Beta,2002-09-17
0114,S12W28,-12,28,288,190,Dao,6,18,Beta-Gamma,2002-09-17
0115,S03E19,-3,-19,241,140,Dao,9,8,Beta,2002-09-17
0116,N15W08,15,8,268,20,Dro,3,3,Beta,2002-09-17
0117,S09E59,-9,-59,201,170,Hsx,2,1,Alpha,2002-09-17
0118,N14E14,14,-14,246,10,Axx,2,2,Alpha,2002-09-17
0119,S14E32,-14,-32,228,40,Cao,5,8,Beta,2002-09-17
0120,S19E57,-19,-57,203,40,Hsx,1,1,Alpha,2002-09-17
0121,S14E69,-14,-69,191,50,Hsx,1,1,Alpha,2002-09-17
0122,S19E74,-19,-74,186,50,Hsx,1,1,Alpha,2002-09-17
0105,S08W56,-8,56,302,560,Dki,9,26,Beta-Gamma,2002-09-18
0107,N11W52,11,52,298,90,Dao,4,4,Beta,2002-09-18
0110,N17W75,17,75,321,30,Hrx,1,1,Alpha,2002-09-18
0114,S11W43,-11,43,289,130,Dao,6,14,Beta,2002-09-18
0115,S03E02,-3,-2,244,210,Eai,11,20,Beta,2002-09-18
0116,N15W20,15,20,266,30,Dso,4,8,Beta,2002-09-18
0117,S10E46,-10,-46,200,150,Hkx,3,2,Beta,2002-09-18
0118,N13W01,13,1,247,10,Bxo,2,4,Beta,2002-09-18
0119,S14E17,-14,-17,229,90,Dao,7,10,Beta,2002-09-18
0120,S19E43,-19,-43,203,40,Cso,5,4,Beta,2002-09-18
0121,S14E53,-14,-53,193,60,Hsx,1,1,Alpha,2002-09-18
0122,S18E62,-18,-62,184,60,Hsx,1,1,Alpha,2002-09-18
0123,S16E30,-16,-30,216,20,Hrx,3,3,Alpha,2002-09-18
0105,S09W70,-9,70,303,560,Eko,14,21,Beta-Gamma,2002-09-19
0107,N11W67,11,67,300,30,Hsx,2,3,Alpha,2002-09-19
0110,N19W88,19,88,321,20,Hrx,1,1,Alpha,2002-09-19
0114,S11W57,-11,57,290,100,Hsx,2,1,Alpha,2002-09-19
0115,S03W11,-3,11,244,250,Eai,11,21,Beta,2002-09-19
0116,N15W34,15,34,267,40,Cso,4,6,Beta,2002-09-19
0117,S09E32,-9,-32,201,180,Hax,2,1,Alpha,2002-09-19
0119,S14E04,-14,-4,229,220,Dai,8,16,Beta,2002-09-19
0120,S18E30,-18,-30,203,20,Bxo,4,4,Beta,2002-09-19
0121,S13E39,-13,-39,194,50,Hsx,2,1,Alpha,2002-09-19
0122,S17E48,-17,-48,185,60,Hsx,2,1,Alpha,2002-09-19
0123,S16E16,-16,-16,217,20,Bxo,4,5,Beta,2002-09-19
0124,N03W49,3,49,282,10,Cro,3,3,Beta,2002-09-19
0125,S08E69,-8,-69,164,10,Axx,1,1,Alpha,2002-09-19
0105,S08W83,-8,83,303,350,Hkx,5,1,Alpha,2002-09-20
0107,N12W80,12,80,300,10,Axx,1,2,Alpha,2002-09-20
0114,S12W70,-12,70,290,120,Cso,5,3,Beta,2002-09-20
0115,S03W25,-3,25,245,160,Eao,11,15,Beta,2002-09-20
0116,N15W47,15,47,267,50,Dao,4,7,Beta,2002-09-20
0117,S10E18,-10,-18,202,200,Hsx,2,1,Alpha,2002-09-20
0119,S14W10,-14,10,230,380,Dki,8,18,Beta-Delta,2002-09-20
0120,S19E17,-19,-17,203,20,Cso,4,4,Beta,2002-09-20
0121,S13E26,-13,-26,194,40,Hsx,2,1,Alpha,2002-09-20
0122,S17E35,-17,-35,185,40,Hsx,2,1,Alpha,2002-09-20
0123,S14E04,-14,-4,216,40,Dso,7,9,Beta,2002-09-20
0124,N03W63,3,63,283,10,Cso,2,2,Beta,2002-09-20
0125,S08E55,-8,-55,165,20,Axx,1,1,Alpha,2002-09-20
0126,S23E75,-23,-75,145,60,Hsx,1,1,Alpha,2002-09-20
0105,S07W92,-7,92,299,210,Dko,6,4,Beta,2002-09-21
0107,N12W92,12,92,299,20,Hax,1,1,Alpha,2002-09-21
0114,S11W84,-11,84,291,110,Hax,2,1,Alpha,2002-09-21
0115,S04W38,-4,38,245,170,Dao,10,13,Beta,2002-09-21
0116,N14W62,14,62,269,40,Dao,4,2,Beta,2002-09-21
0117,S10E05,-10,-5,202,180,Hsx,2,1,Alpha,2002-09-21
0119,S14W24,-14,24,231,500,Dkc,10,27,Beta-Gamma-Delta,2002-09-21
0120,S18E03,-18,-3,204,20,Bxo,4,4,Beta,2002-09-21
0121,S13E12,-13,-12,195,50,Hsx,1,1,Alpha,2002-09-21
0122,S18E21,-18,-21,186,70,Hsx,2,1,Alpha,2002-09-21
0123,S14W10,-14,10,217,90,Dao,10,14,Beta,2002-09-21
0125,S09E40,-9,-40,167,20,Bxo,3,3,Beta,2002-09-21
0126,S24E62,-24,-62,145,180,Dao,6,4,Beta,2002-09-21
0127,S14E19,-14,-19,188,50,Dao,3,10,Beta,2002-09-21
0128,N11E63,11,-63,144,20,Axx,0,1,Alpha,2002-09-21
0114,S14W87,-14,87,281,20,Hax,1,1,Alpha,2002-09-22
0115,S04W55,-4,55,249,160,Cao,5,3,Beta,2002-09-22
0116,N15W73,15,73,267,40,Cso,5,3,Beta,2002-09-22
0117,S09W07,-9,7,201,170,Hsx,4,2,Alpha,2002-09-22
0119,S14W36,-14,36,230,670,Dkc,10,31,Beta-Delta,2002-09-22
0120,S19W10,-19,10,204,10,Bxo,2,3,Beta,2002-09-22
0121,S13W02,-13,2,196,50,Hax,2,1,Alpha,2002-09-22
0122,S18E09,-18,-9,185,60,Hsx,2,1,Alpha,2002-09-22
0123,S15W21,-15,21,215,60,Dao,9,14,Beta,2002-09-22
0125,S09E27,-9,-27,167,20,Cao,3,3,Beta,2002-09-22
0126,S23E52,-23,-52,142,100,Dao,6,5,Beta,2002-09-22
0127,S14E05,-14,-5,189,130,Dao,7,19,Beta,2002-09-22
0128,N10E49,10,-49,145,10,Axx,0,1,Alpha,2002-09-22
0115,S04W71,-4,71,251,150,Hax,2,2,Alpha,2002-09-23
0117,S09W21,-9,21,201,160,Hsx,3,3,Alpha,2002-09-23
0119,S14W49,-14,49,229,650,Eki,12,33,Beta-Delta,2002-09-23
0121,S12W15,-12,15,195,40,Hax,2,2,Alpha,2002-09-23
0122,S18W05,-18,5,185,40,Hax,2,2,Alpha,2002-09-23
0123,S13W38,-13,38,218,40,Cao,5,5,Beta,2002-09-23
0125,S09E14,-9,-14,166,20,Hsx,2,4,Alpha,2002-09-23
0126,S23E39,-23,-39,141,80,Dao,5,5,Beta,2002-09-23
0127,S13W09,-13,9,189,190,Dao,9,17,Beta,2002-09-23
0129,N25E54,25,-54,126,10,Axx,1,1,Alpha,2002-09-23
0130,N06E52,6,-52,128,20,Axx,1,3,Alpha,2002-09-23
0131,S07E35,-7,-35,145,30,Cao,3,2,Beta,2002-09-23
0132,N18W01,18,1,181,70,Cao,4,9,Beta,2002-09-23
0115,S05W85,-5,85,252,80,Hax,2,2,Alpha,2002-09-24
0117,S10W34,-10,34,201,180,Cso,5,3,Beta,2002-09-24
0119,S14W59,-14,59,226,720,Eki,14,12,Beta-Gamma,2002-09-24
0121,S13W28,-13,28,195,30,Hsx,2,3,Alpha,2002-09-24
0122,S17W18,-17,18,185,30,Hsx,1,1,Alpha,2002-09-24
0123,S16W54,-16,54,221,30,Hsx,1,1,Alpha,2002-09-24
0125,S09E01,-9,-1,166,10,Axx,1,2,Alpha,2002-09-24
0126,S22E24,-22,-24,143,10,Axx,1,2,Alpha,2002-09-24
0127,S13W21,-13,21,188,170,Dao,9,15,Beta,2002-09-24
0129,N26E41,26,-41,126,10,Axx,1,1,Alpha,2002-09-24
0130,N06E37,6,-37,130,20,Hsx,2,2,Alpha,2002-09-24
0131,S06E21,-6,-21,146,10,Axx,2,2,Alpha,2002-09-24
0132,N19W14,19,14,181,230,Dko,5,16,Beta,2002-09-24
0133,S25E20,-25,-20,147,70,Dao,6,7,Beta,2002-09-24
0117,S08W48,-8,48,202,160,Hsx,2,1,Alpha,2002-09-25
0119,S13W76,-13,76,230,430,Eki,13,11,Beta-Gamma,2002-09-25
0121,S12W42,-12,42,196,20,Hax,1,2,Alpha,2002-09-25
0122,S16W32,-16,32,186,20,Hsx,1,2,Alpha,2002-09-25
0123,S17W67,-17,67,221,20,Axx,1,1,Alpha,2002-09-25
0125,S07W07,-7,7,161,20,Bxo,6,9,Beta,2002-09-25
0126,S22E10,-22,-10,144,10,Hrx,1,1,Alpha,2002-09-25
0127,S13W35,-13,35,189,190,Dai,9,22,Beta,2002-09-25
0129,N26E26,26,-26,128,20,Dso,5,8,Beta,2002-09-25
0130,N06E25,6,-25,129,40,Cso,6,11,Beta,2002-09-25
0131,S06E07,-6,-7,147,10,Bxo,5,3,Beta,2002-09-25
0132,N19W28,19,28,182,390,Dki,6,19,Beta,2002-09-25
0133,S25E05,-25,-5,149,50,Dao,8,7,Beta,2002-09-25
0134,N11E79,11,-79,75,50,Cao,5,3,Beta,2002-09-25
0117,S09W60,-9,60,201,190,Dso,6,4,Beta,2002-09-26
0119,S13W88,-13,88,229,420,Eki,12,12,Beta-Gamma,2002-09-26
0121,S12W55,-12,55,196,20,Hsx,1,1,Alpha,2002-09-26
0122,S18W46,-18,46,187,30,Hsx,1,1,Alpha,2002-09-26
0123,S16W80,-16,80,221,20,Hsx,1,1,Alpha,2002-09-26
0125,S07W24,-7,24,165,20,Cso,5,5,Beta,2002-09-26
0127,S14W47,-14,47,188,210,Dai,10,19,Beta,2002-09-26
0129,N26E12,26,-12,129,30,Dso,6,8,Beta,2002-09-26
0130,N06E10,6,-10,131,120,Dao,6,10,Beta,2002-09-26
0131,S06W09,-6,9,150,10,Bxo,4,4,Beta,2002-09-26
0132,N19W41,19,41,182,400,Dkc,7,20,Beta-Delta,2002-09-26
0133,S26W07,-26,7,148,50,Dao,9,8,Beta,2002-09-26
0134,N10E64,10,-64,77,150,Dao,10,7,Beta,2002-09-26
0117,S08W76,-8,76,204,170,Hsx,3,1,Alpha,2002-09-27
0122,S17W59,-17,59,187,40,Cso,4,6,Beta,2002-09-27
0125,S07W37,-7,37,165,20,Cso,5,5,Beta,2002-09-27
0127,S13W61,-13,61,189,270,Dao,10,10,Beta-Gamma,2002-09-27
0129,N27W01,27,1,129,30,Dao,6,9,Beta,2002-09-27
0130,N06W04,6,4,132,240,Dao,7,8,Beta,2002-09-27
0132,N20W53,20,53,181,260,Dai,8,13,Beta-Gamma,2002-09-27
0133,S26W20,-26,20,148,30,Cao,9,6,Beta,2002-09-27
0134,N11E50,11,-50,78,210,Eao,12,9,Beta,2002-09-27
0117,S08W89,-8,89,204,120,Hsx,2,1,Alpha,2002-09-28
0122,S18W71,-18,71,186,70,Cao,3,5,Beta,2002-09-28
0125,S08W52,-8,52,167,30,Cro,4,5,Beta,2002-09-28
0127,S13W74,-13,74,189,190,Cao,10,7,Beta,2002-09-28
0129,N27W13,27,13,128,10,Bxo,5,11,Beta,2002-09-28
0130,N06W17,6,17,132,150,Dao,7,9,Beta,2002-09-28
0131,S06W35,-6,35,150,0,Bxo,1,2,Beta,2002-09-28
0132,N19W65,19,65,180,190,Dai,7,12,Beta-Gamma,2002-09-28
0133,S27W29,-27,29,144,0,Axx,0,1,Alpha,2002-09-28
0134,N11E38,11,-38,77,170,Dai,10,18,Beta-Gamma-Delta,2002-09-28
0135,S26E06,-26,-6,109,40,Dso,3,4,Beta,2002-09-28
0122,S16W86,-16,86,187,60,Cao,3,3,Beta,2002-09-29
0125,S08W65,-8,65,166,110,Dao,5,5,Beta,2002-09-29
0127,S10W92,-10,92,193,120,Cao,3,4,Beta,2002-09-29
0129,N28W25,28,25,126,20,Cso,3,4,Beta,2002-09-29
0130,N05W32,5,32,133,140,Dso,6,3,Beta,2002-09-29
0132,N20W78,20,78,179,120,Dao,7,7,Beta,2002-09-29
0134,N11E25,11,-25,76,180,Eai,11,28,Beta-Gamma-Delta,2002-09-29
0135,S25W08,-25,8,109,40,Dao,4,6,Beta,2002-09-29
0125,S09W78,-9,78,166,140,Dao,9,5,Beta,2002-09-30
0129,N26W39,26,39,127,20,Axx,1,2,Alpha,2002-09-30
0130,N05W44,5,44,132,130,Dso,6,5,Beta,2002-09-30
0132,N21W90,21,90,178,100,Dao,6,7,Beta,2002-09-30
0134,N12E11,12,-11,77,250,Eai,13,38,Beta-Gamma-Delta,2002-09-30
0135,S25W21,-25,21,109,20,Cro,5,4,Beta,2002-09-30
0136,S27W36,-27,36,124,20,Cso,3,2,Beta,2002-09-30
0137,S16E50,-16,-50,38,40,Cso,8,3,Beta,2002-09-30
0125,S10W89,-10,89,164,40,Hsx,1,1,Alpha,2002-10-01
0129,N28W53,28,53,128,20,Bxo,2,2,Beta,2002-10-01
0130,N04W59,4,59,134,100,Hsx,3,2,Alpha,2002-10-01
0134,N13W02,13,2,77,270,Dai,10,23,Beta-Gamma-Delta,2002-10-01
0135,S23W36,-23,36,111,20,Bxo,3,2,Beta,2002-10-01
0137,S17E36,-17,-36,39,70,Cso,7,4,Beta,2002-10-01
0130,N03W73,3,73,135,80,Dso,2,3,Beta,2002-10-02
0134,N12W15,12,15,77,350,Eai,11,24,Beta-Gamma-Delta,2002-10-02
0136,S31W61,-31,61,123,10,Bxo,3,3,Beta,2002-10-02
0137,S18E21,-18,-21,41,170,Dai,9,17,Beta-Gamma,2002-10-02
0138,N09W11,9,11,73,40,Cao,5,8,Beta,2002-10-02
0130,N04W87,4,87,136,70,Hsx,2,1,Alpha,2002-10-03
0134,N13W29,13,29,78,350,Dki,10,13,Beta-Gamma,2002-10-03
0137,S18E08,-18,-8,41,310,Dki,10,29,Beta-Gamma,2002-10-03
0138,N10W25,10,25,74,20,Hsx,2,2,Alpha,2002-10-03
0139,N14E72,14,-72,337,120,Dso,6,4,Beta,2002-10-03
0134,N14W42,14,42,77,230,Dai,10,14,Beta-Gamma,2002-10-04
0137,S19W05,-19,5,40,310,Eki,11,19,Beta-Gamma,2002-10-04
0138,N10W37,10,37,72,20,Hsx,2,3,Alpha,2002-10-04
0139,N14E59,14,-59,336,160,Cso,5,5,Beta,2002-10-04
0134,N14W56,14,56,78,180,Dai,9,9,Beta-Gamma,2002-10-05
0137,S19W20,-19,20,42,220,Esi,11,17,Beta-Gamma,2002-10-05
0138,N10W51,10,51,73,10,Bxo,3,3,Beta,2002-10-05
0139,N14E47,14,-47,335,410,Dki,10,18,Beta-Gamma-Delta,2002-10-05
0140,S07E76,-7,-76,306,90,Hax,2,1,Alpha,2002-10-05
0134,N13W70,13,70,78,180,Dao,9,8,Beta,2002-10-06
0137,S19W33,-19,33,41,230,Eai,11,22,Beta-Gamma,2002-10-06
0138,N15W68,15,68,76,20,Hsx,2,3,Alpha,2002-10-06
0139,N12E32,12,-32,336,680,Dkc,10,44,Beta-Gamma,2002-10-06
0140,S07E62,-7,-62,306,230,Cao,9,5,Beta,2002-10-06
0141,S07E20,-7,-20,348,20,Bxo,3,2,Beta,2002-10-06
0142,N07E64,7,-64,304,10,Axx,1,1,Alpha,2002-10-06
0134,N12W85,12,85,80,90,Dso,10,3,Beta,2002-10-07
0137,S19W48,-19,48,43,215,Eai,11,17,Beta-Gamma,2002-10-07
0139,N11E19,11,-19,336,570,Eki,11,32,Beta-Gamma,2002-10-07
0140,S07E50,-7,-50,305,160,Cao,11,6,Beta,2002-10-07
0141,S07E05,-7,-5,350,40,Dso,4,7,Beta,2002-10-07
0142,N06E50,6,-50,305,20,Hsx,1,1,Alpha,2002-10-07
0137,S19W60,-19,60,42,200,Dao,10,8,Beta,2002-10-08
0139,N11E06,11,-6,336,600,Eki,11,40,Beta-Gamma,2002-10-08
0140,S08E36,-8,-36,306,200,Dso,10,6,Beta,2002-10-08
0141,S08W08,-8,8,350,50,Dso,6,8,Beta,2002-10-08
0142,N05E36,5,-36,306,20,Hsx,1,1,Alpha,2002-10-08
0143,S19W38,-19,38,20,10,Hrx,1,2,Beta,2002-10-08
0144,N12E44,12,-44,298,20,Cro,4,8,Beta,2002-10-08
0137,S20W75,-20,75,43,130,Hsx,2,1,Alpha,2002-10-09
0139,N11W07,11,7,335,560,Eki,12,28,Beta-Gamma,2002-10-09
0140,S08E25,-8,-25,303,160,Hsx,2,1,Alpha,2002-10-09
0141,S08W23,-8,23,351,40,Axx,2,4,Alpha,2002-10-09
0142,N05E22,5,-22,306,20,Hsx,1,1,Alpha,2002-10-09
0143,S17W51,-17,51,19,30,Dao,4,5,Beta-Gamma,2002-10-09
0144,N12E30,12,-30,298,60,Dso,5,7,Beta,2002-10-09
0145,N12E76,12,-76,252,10,Hsx,1,1,Alpha,2002-10-09
0137,S18W85,-18,85,40,150,Dao,4,3,Beta,2002-10-10
0139,N11W19,11,19,334,570,Dkc,10,31,Beta-Gamma-Delta,2002-10-10
0140,S09E13,-9,-13,302,190,Cao,8,10,Beta,2002-10-10
0141,S07W36,-7,36,351,10,Dro,4,4,Beta,2002-10-10
0142,N04E09,4,-9,306,20,Hsx,1,1,Alpha,2002-10-10
0143,S17W60,-17,60,15,60,Dro,6,11,Beta,2002-10-10
0144,N12E17,12,-17,298,110,Dao,7,11,Beta,2002-10-10
0145,N11E62,11,-62,253,90,Hax,2,1,Alpha,2002-10-10
0146,S10E25,-10,-25,290,50,Cao,4,7,Beta,2002-10-10
0147,S03E39,-3,-39,276,10,Bxo,3,2,Beta,2002-10-10
0148,S21E70,-21,-70,245,50,Hax,1,1,Alpha,2002-10-10
0149,N16E72,16,-72,243,140,Hax,3,1,Alpha,2002-10-10
0150,S09W05,-9,5,320,10,Axx,2,2,Alpha,2002-10-10
0151,S14E50,-14,-50,265,10,Axx,1,1,Alpha,2002-10-10
0139,N11W33,11,33,335,520,Dkc,9,26,Beta-Gamma-Delta,2002-10-11
0140,S10E00,-10,0,302,200,Cho,9,17,Beta,2002-10-11
0142,N04W06,4,6,308,10,Axx,1,1,Alpha,2002-10-11
0143,S16W74,-16,74,16,100,Dso,6,12,Beta-Gamma,2002-10-11
0144,N12E04,12,-4,298,130,Dai,7,21,Beta,2002-10-11
0145,N12E49,12,-49,253,70,Hsx,2,1,Alpha,2002-10-11
0146,S10E11,-10,-11,291,40,Dao,5,6,Beta,2002-10-11
0147,S03E25,-3,-25,277,10,Bxo,4,3,Beta,2002-10-11
0148,S21E57,-21,-57,245,70,Hax,2,2,Alpha,2002-10-11
0149,N16E61,16,-61,241,170,Dao,8,7,Beta,2002-10-11
0150,S09W19,-9,19,321,20,Axx,2,2,Alpha,2002-10-11
0152,N20W16,20,16,318,20,Cao,4,3,Beta,2002-10-11
0153,S05E47,-5,-47,255,10,Axx,1,1,Alpha,2002-10-11
0154,S12E68,-12,-68,234,50,Hax,2,2,Alpha,2002-10-11
0139,N09W46,9,46,335,590,Dki,8,17,Beta-Gamma-Delta,2002-10-12
0140,S08W11,-8,11,300,180,Cso,5,4,Beta,2002-10-12
0142,N05W17,5,17,306,0,Axx,0,1,Alpha,2002-10-12
0144,N12W10,12,10,299,110,Dso,7,12,Beta,2002-10-12
0145,N13E36,13,-36,253,70,Hsx,2,1,Alpha,2002-10-12
0146,S09W05,-9,5,294,20,Hsx,1,1,Alpha,2002-10-12
0148,S20E43,-20,-43,246,40,Hsx,2,1,Alpha,2002-10-12
0149,N15E48,15,-48,241,220,Dsi,8,12,Beta,2002-10-12
0152,N20W29,20,29,318,10,Dro,6,2,Beta,2002-10-12
0154,S13E55,-13,-55,234,30,Cso,2,2,Beta,2002-10-12
0155,S09W53,-9,53,342,30,Cro,3,3,Beta,2002-10-12
0156,N09E10,9,-10,279,10,Bxo,3,2,Beta,2002-10-12
0139,N08W59,8,59,335,640,Dko,8,12,Beta-Gamma-Delta,2002-10-13
0140,S08W25,-8,25,301,190,Hsx,3,2,Alpha,2002-10-13
0144,N12W24,12,24,300,110,Dso,8,9,Beta,2002-10-13
0145,N13E21,13,-21,255,90,Cso,4,3,Beta,2002-10-13
0146,S09W18,-9,18,294,0,Axx,0,1,Alpha,2002-10-13
0148,S20E31,-20,-31,245,60,Hsx,2,1,Alpha,2002-10-13
0149,N16E34,16,-34,242,400,Dai,9,12,Beta,2002-10-13
0154,S12E44,-12,-44,232,50,Cso,7,3,Beta,2002-10-13
0155,S09W66,-9,66,342,40,Cro,3,4,Beta,2002-10-13
0156,N09W05,9,5,281,0,Axx,0,1,Alpha,2002-10-13
0157,N17E49,17,-49,227,10,Hrx,1,2,Alpha,2002-10-13
0158,S08E80,-8,-80,196,90,Hsx,4,1,Alpha,2002-10-13
0139,N08W72,8,72,335,500,Dko,9,12,Beta-Gamma-Delta,2002-10-14
0140,S08W39,-8,39,302,200,Hsx,3,1,Alpha,2002-10-14
0144,N11W37,11,37,300,90,Dso,8,4,Beta,2002-10-14
0145,N12E08,12,-8,255,70,Dso,6,3,Beta,2002-10-14
0148,S20E17,-20,-17,246,30,Hsx,2,2,Alpha,2002-10-14
0149,N16E20,16,-20,243,410,Dhi,10,24,Beta,2002-10-14
0154,S11E33,-11,-33,230,60,Dso,10,5,Beta,2002-10-14
0156,N09W17,9,17,280,0,Axx,0,1,Alpha,2002-10-14
0157,N16E34,16,-34,229,10,Hsx,1,3,Alpha,2002-10-14
0158,S09E62,-9,-62,199,120,Hsx,2,1,Alpha,2002-10-14
0159,S12E73,-12,-73,190,80,Hsx,2,1,Alpha,2002-10-14
0139,N08W85,8,85,334,330,Dko,11,7,Beta-Gamma,2002-10-15
0140,S08W52,-8,52,301,170,Cso,4,4,Beta,2002-10-15
0144,N11W52,11,52,301,100,Cso,4,3,Beta,2002-10-15
0145,N12W05,12,5,254,90,Cso,3,3,Beta,2002-10-15
0148,S20E04,-20,-4,245,30,Hsx,1,1,Alpha,2002-10-15
0149,N14E06,14,-6,243,440,Ehi,11,31,Beta-Gamma,2002-10-15
0154,S12E21,-12,-21,228,40,Eao,11,9,Beta,2002-10-15
0157,N15E20,15,-20,229,10,Cro,1,2,Beta,2002-10-15
0158,S08E47,-8,-47,202,110,Hsx,2,1,Alpha,2002-10-15
0159,S11E57,-11,-57,192,140,Hax,3,1,Alpha,2002-10-15
0160,S20E54,-20,-54,195,30,Cro,4,3,Beta,2002-10-15
0140,S08W65,-8,65,301,130,Hsx,2,1,Alpha,2002-10-16
0144,N11W65,11,65,301,60,Cso,6,2,Beta,2002-10-16
0145,N12W18,12,18,254,70,Cso,4,8,Beta,2002-10-16
0148,S20W09,-20,9,245,20,Hrx,1,1,Alpha,2002-10-16
0149,N14W07,14,7,243,450,Eai,12,31,Beta-Gamma,2002-10-16
0154,S12E08,-12,-8,228,30,Cso,11,10,Beta,2002-10-16
0158,S08E34,-8,-34,202,120,Cso,8,3,Beta,2002-10-16
0159,S11E44,-11,-44,192,160,Hsx,3,1,Alpha,2002-10-16
0160,S20E41,-20,-41,195,30,Cso,6,5,Beta,2002-10-16
0161,N06E00,6,0,236,20,Cro,3,3,Beta,2002-10-16
0140,S08W78,-8,78,301,140,Hax,2,2,Alpha,2002-10-17
0144,N11W78,11,78,301,60,Hsx,1,1,Alpha,2002-10-17
0145,N12W31,12,31,254,80,Hsx,2,2,Alpha,2002-10-17
0148,S20W22,-20,22,245,20,Hsx,1,1,Alpha,2002-10-17
0149,N14W20,14,20,243,480,Eai,12,33,Beta-Gamma,2002-10-17
0154,S12W05,-12,5,228,50,Cso,10,12,Beta,2002-10-17
0158,S08E21,-8,-21,202,120,Cso,7,4,Beta,2002-10-17
0159,S11E31,-11,-31,192,190,Cao,5,5,Beta,2002-10-17
0160,S20E28,-20,-28,195,160,Dai,8,17,Beta,2002-10-17
0161,N06W13,6,13,236,30,Cso,3,5,Beta,2002-10-17
0140,S08W91,-8,91,301,40,Hax,2,1,Alpha,2002-10-18
0144,N11W91,11,91,301,30,Hsx,2,1,Alpha,2002-10-18
0145,N12W44,12,44,254,70,Hsx,2,1,Alpha,2002-10-18
0148,S20W35,-20,35,245,20,Hsx,1,1,Alpha,2002-10-18
0149,N14W33,14,33,243,400,Eai,13,29,Beta,2002-10-18
0154,S12W18,-12,18,228,20,Cso,9,10,Beta,2002-10-18
0157,N15W19,15,19,229,10,Cro,3,2,Beta,2002-10-18
0158,S08E11,-8,-11,199,140,Dao,9,16,Beta-Gamma,2002-10-18
0159,S11E18,-11,-18,192,160,Cao,7,8,Beta,2002-10-18
0160,S20E15,-20,-15,195,140,Dai,9,18,Beta,2002-10-18
0161,N06W26,6,26,236,20,Cso,4,7,Beta,2002-10-18
0162,N25E76,25,-76,134,160,Hhx,3,1,Alpha,2002-10-18
0145,N12W57,12,57,254,70,Hsx,2,1,Alpha,2002-10-19
0148,S20W48,-20,48,245,10,Axx,1,1,Alpha,2002-10-19
0149,N14W46,14,46,243,380,Dki,9,16,Beta-Gamma,2002-10-19
0151,S14W67,-14,67,265,10,Axx,1,1,Alpha,2002-10-19
0154,S12W31,-12,31,228,40,Dso,7,7,Beta,2002-10-19
0158,S08W02,-8,2,199,140,Dai,8,18,Beta-Gamma,2002-10-19
0159,S11E05,-11,-5,192,150,Cao,8,10,Beta,2002-10-19
0160,S20E02,-20,-2,195,140,Dai,10,22,Beta,2002-10-19
0161,N06W39,6,39,236,10,Bxo,3,2,Beta,2002-10-19
0162,N25E71,25,-71,126,700,Fkc,18,8,Beta,2002-10-19
0163,S21W10,-21,10,207,10,Bxo,4,4,Beta,2002-10-19
0145,N12W72,12,72,255,70,Hsx,2,1,Alpha,2002-10-20
0148,S21W61,-21,61,244,10,Axx,1,1,Alpha,2002-10-20
0149,N14W62,14,62,245,290,Dao,9,14,Beta-Gamma,2002-10-20
0154,S14W48,-14,48,231,20,Hsx,1,1,Alpha,2002-10-20
0158,S07W18,-7,18,201,120,Dso,6,17,Beta-Gamma,2002-10-20
0159,S12W08,-12,8,191,100,Dao,8,8,Beta,2002-10-20
0160,S22W12,-22,12,195,110,Eao,11,18,Beta,2002-10-20
0162,N26E59,26,-59,124,890,Fki,22,16,Beta-Gamma,2002-10-20
0145,N11W85,11,85,255,60,Hsx,1,1,Alpha,2002-10-21
0149,N14W75,14,75,245,250,Dso,9,9,Beta-Gamma,2002-10-21
0154,S14W62,-14,62,232,10,Axx,1,1,Alpha,2002-10-21
0158,S07W32,-7,32,202,100,Dso,7,10,Beta,2002-10-21
0159,S12W22,-12,22,192,60,Dso,6,6,Beta,2002-10-21
0160,S21W26,-21,26,196,130,Eao,13,28,Beta-Gamma,2002-10-21
0162,N26E46,26,-46,124,960,Fhi,22,32,Beta-Gamma,2002-10-21
0164,N11E54,11,-54,116,20,Axx,1,1,Alpha,2002-10-21
0165,N20E71,20,-71,99,180,Hsx,2,1,Alpha,2002-10-21
0149,N14W88,14,88,245,80,Dao,7,3,Beta,2002-10-22
0158,S08W47,-8,47,204,60,Cso,5,4,Beta,2002-10-22
0159,S13W35,-13,35,192,30,Dso,8,7,Beta,2002-10-22
0160,S22W40,-22,40,197,80,Eao,13,16,Beta-Gamma,2002-10-22
0162,N26E34,26,-34,123,920,Fki,23,32,Beta-Gamma,2002-10-22
0164,N11E40,11,-40,117,10,Bxo,4,3,Beta,2002-10-22
0165,N21E58,21,-58,99,240,Cao,7,4,Beta,2002-10-22
0158,S08W61,-8,61,205,120,Dso,9,7,Beta,2002-10-23
0159,S15W46,-15,46,190,10,Bxo,2,3,Beta,2002-10-23
0160,S20W56,-20,56,200,110,Dao,9,13,Beta-Gamma,2002-10-23
0162,N27E22,27,-22,122,1100,Eki,15,34,Beta-Gamma-Delta,2002-10-23
0164,N11E25,11,-25,119,10,Bxo,4,3,Beta,2002-10-23
0165,N21E46,21,-46,98,260,Cko,10,12,Beta,2002-10-23
0158,S08W75,-8,75,206,110,Dao,9,4,Beta,2002-10-24
0160,S19W72,-19,72,203,60,Dso,4,5,Beta,2002-10-24
0162,N26E10,26,-10,121,1120,Fki,26,41,Beta-Gamma-Delta,2002-10-24
0165,N20E31,20,-31,100,230,Cao,5,4,Beta,2002-10-24
0166,S06E08,-6,-8,123,0,Axx,0,1,Alpha,2002-10-24
0167,N18E75,18,-75,56,60,Hax,1,1,Alpha,2002-10-24
0158,S06W88,-6,88,206,80,Dao,8,3,Beta,2002-10-25
0160,S18W83,-18,83,201,10,Bxo,6,4,Beta,2002-10-25
0162,N26W04,26,4,122,990,Fkc,27,44,Beta-Gamma-Delta,2002-10-25
0164,N11E01,11,-1,117,20,Bxo,5,8,Beta,2002-10-25
0165,N20E18,20,-18,100,210,Cao,6,6,Beta,2002-10-25
0167,N17E64,17,-64,54,40,Hsx,2,1,Alpha,2002-10-25
0168,N24W66,24,66,184,20,Hrx,1,1,Alpha,2002-10-25
0169,S19E75,-19,-75,43,110,Dso,4,2,Beta,2002-10-25
0162,N26W18,26,18,122,870,Fkc,25,49,Beta-Gamma-Delta,2002-10-26
0164,N11W13,11,13,117,20,Cro,5,6,Beta,2002-10-26
0165,N20E05,20,-5,100,210,Cao,6,10,Beta,2002-10-26
0167,N17E50,17,-50,54,40,Hax,2,1,Alpha,2002-10-26
0168,N24W80,24,80,184,20,Hsx,1,1,Alpha,2002-10-26
0169,S19E59,-19,-59,43,90,Dao,5,2,Beta,2002-10-26
0170,S12E65,-12,-65,39,30,Hsx,1,1,Alpha,2002-10-26
0171,N10E76,10,-76,28,60,Hax,2,1,Alpha,2002-10-26
0162,N26W27,26,27,118,920,Fkc,27,64,Beta-Gamma,2002-10-27
0165,N21W09,21,9,100,150,Dao,4,8,Beta,2002-10-27
0167,N18E36,18,-36,55,40,Cso,3,2,Beta,2002-10-27
0169,S19E47,-19,-47,44,100,Dso,4,2,Beta,2002-10-27
0170,S12E53,-12,-53,38,30,Cso,5,6,Beta,2002-10-27
0171,N10E64,10,-64,27,60,Hsx,2,1,Alpha,2002-10-27
0162,N26W43,26,43,121,680,Fkc,24,39,Beta-Gamma-Delta,2002-10-28
0165,N21W22,21,22,100,150,Cao,4,4,Beta,2002-10-28
0167,N18E24,18,-24,54,20,Hsx,1,1,Alpha,2002-10-28
0169,S18E33,-18,-33,45,50,Dso,3,2,Beta,2002-10-28
0170,S12E38,-12,-38,40,30,Cso,3,2,Beta,2002-10-28
0171,N11E52,11,-52,26,60,Hsx,2,1,Alpha,2002-10-28
0172,S16E56,-16,-56,22,30,Hsx,2,1,Alpha,2002-10-28
0162,N25W59,25,59,124,840,Fkc,22,39,Beta-Gamma-Delta,2002-10-29
0165,N21W34,21,34,99,130,Hax,3,2,Alpha,2002-10-29
0167,N17E10,17,-10,55,40,Hsx,1,2,Alpha,2002-10-29
0169,S20E21,-20,-21,44,50,Dao,7,9,Beta,2002-10-29
0170,S12E24,-12,-24,41,30,Cao,3,3,Beta,2002-10-29
0171,N10E39,10,-39,26,70,Hax,2,3,Alpha,2002-10-29
0172,S17E44,-17,-44,21,20,Hsx,1,2,Alpha,2002-10-29
0173,S17W69,-17,69,134,50,Cso,5,3,Beta,2002-10-29
0162,N26W73,26,73,125,600,Fki,21,23,Beta-Gamma,2002-10-30
0165,N20W47,20,47,99,100,Cao,3,3,Beta,2002-10-30
0167,N17W03,17,3,55,60,Cso,4,7,Beta,2002-10-30
0169,S20E07,-20,-7,45,60,Dao,7,9,Beta,2002-10-30
0170,S12E10,-12,-10,42,10,Axx,0,1,Alpha,2002-10-30
0171,N11E25,11,-25,27,70,Hax,2,2,Alpha,2002-10-30
0172,S16E30,-16,-30,22,10,Axx,1,1,Alpha,2002-10-30
0173,S18W82,-18,82,134,100,Cso,5,4,Beta,2002-10-30
0174,S25E55,-25,-55,357,70,Cao,3,2,Beta,2002-10-30
0175,N15E57,15,-57,355,50,Cso,6,5,Beta,2002-10-30
0176,N12E75,12,-75,337,90,Hsx,2,1,Alpha,2002-10-30
0162,N25W84,25,84,122,680,Fki,24,20,Beta-Gamma,2002-10-31
0165,N20W60,20,60,98,100,Cao,4,5,Beta,2002-10-31
0167,N16W17,16,17,55,50,Cso,4,4,Beta,2002-10-31
0169,S20W05,-20,5,43,60,Dso,7,7,Beta,2002-10-31
0170,S12W03,-12,3,41,10,Cso,3,4,Beta,2002-10-31
0171,N11E12,11,-12,26,50,Hax,2,2,Alpha,2002-10-31
0172,S16E16,-16,-16,22,20,Hrx,1,1,Alpha,2002-10-31
0173,S15W92,-15,92,130,30,Dao,4,2,Beta,2002-10-31
0174,S24E42,-24,-42,356,80,Cso,7,5,Beta,2002-10-31
0175,N16E44,16,-44,354,120,Dao,7,10,Beta,2002-10-31
0176,N12E64,12,-64,334,130,Hax,2,1,Alpha,2002-10-31
0177,N16E69,16,-69,329,60,Hsx,2,1,Alpha,2002-10-31
0162,N26W88,26,88,113,200,Hax,7,2,Beta,2002-11-01
0165,N19W74,19,74,99,80,Hsx,2,1,Alpha,2002-11-01
0167,N16W30,16,30,55,30,Cso,3,2,Beta,2002-11-01
0169,S19W20,-19,20,45,30,Dso,4,3,Beta,2002-11-01
0171,N10W01,10,1,26,40,Hsx,1,1,Alpha,2002-11-01
0174,S25E32,-25,-32,353,60,Cso,10,6,Beta,2002-11-01
0175,N16E29,16,-29,356,170,Dso,7,6,Beta,2002-11-01
0176,N11E50,11,-50,335,110,Hsx,2,1,Alpha,2002-11-01
0177,N16E57,16,-57,328,160,Dao,10,8,Beta,2002-11-01
0178,N00W15,0,15,40,40,Dao,4,4,Beta,2002-11-01
0165,N19W87,19,87,99,80,Hax,2,1,Alpha,2002-11-02
0167,N17W42,17,42,54,20,Hsx,2,2,Alpha,2002-11-02
0169,S19W32,-19,32,44,10,Axx,1,2,Alpha,2002-11-02
0171,N10W14,10,14,26,20,Hsx,1,1,Alpha,2002-11-02
0174,S26E18,-26,-18,354,40,Dao,8,8,Beta,2002-11-02
0175,N15E18,15,-18,354,160,Eao,15,15,Beta,2002-11-02
0176,N10E37,10,-37,335,120,Hsx,2,2,Alpha,2002-11-02
0177,N15E43,15,-43,329,310,Dki,10,15,Beta-Gamma,2002-11-02
0178,N01W30,1,30,42,70,Dao,6,10,Beta,2002-11-02
0179,N02E72,2,-72,300,30,Cso,2,2,Beta,2002-11-02
0180,S11E70,-11,-70,302,90,Hsx,3,1,Alpha,2002-11-02
0167,N17W57,17,57,56,20,Hsx,1,1,Alpha,2002-11-03
0171,N11W28,11,28,27,10,Hsx,1,2,Alpha,2002-11-03
0174,S26E02,-26,-2,357,30,Dso,5,6,Beta,2002-11-03
0175,N14E04,14,-4,355,120,Eso,14,14,Beta,2002-11-03
0176,N10E24,10,-24,335,90,Cso,2,2,Beta,2002-11-03
0177,N16E31,16,-31,328,370,Eki,11,18,Beta-Gamma,2002-11-03
0178,N01W45,1,45,44,100,Dao,7,10,Beta,2002-11-03
0179,N02E56,2,-56,303,30,Hsx,1,1,Alpha,2002-11-03
0180,S10E57,-10,-57,302,170,Dso,5,3,Beta,2002-11-03
0181,S06E42,-6,-42,317,30,Dso,8,8,Beta,2002-11-03
0182,S17E68,-17,-68,291,80,Dso,7,2,Beta,2002-11-03
0167,N18W70,18,70,56,10,Axx,1,1,Alpha,2002-11-04
0174,S26W08,-26,8,354,20,Bxo,3,4,Beta,2002-11-04
0175,N15W09,15,9,355,110,Eao,13,16,Beta,2002-11-04
0176,N10E11,10,-11,335,110,Cso,3,3,Beta,2002-11-04
0177,N16E18,16,-18,328,360,Dki,10,23,Beta-Gamma,2002-11-04
0178,N02W58,2,58,44,110,Dao,7,7,Beta,2002-11-04
0179,N02E43,2,-43,303,20,Hsx,1,1,Alpha,2002-11-04
0180,S10E43,-10,-43,303,150,Dao,8,12,Beta-Gamma,2002-11-04
0181,S07E31,-7,-31,315,40,Dso,7,9,Beta,2002-11-04
0182,S17E56,-17,-56,290,130,Dso,7,3,Beta,2002-11-04
0183,N19W24,19,24,10,10,Bxo,3,3,Beta,2002-11-04
0184,S06E51,-6,-51,295,10,Axx,1,1,Alpha,2002-11-04
0185,S12E77,-12,-77,269,200,Hsx,3,4,Alpha,2002-11-04
0175,N15W22,15,22,355,60,Dso,8,3,Beta,2002-11-05
0176,N10W02,10,2,335,140,Cso,3,2,Beta,2002-11-05
0177,N16E05,16,-5,328,340,Dki,8,14,Beta-Gamma,2002-11-05
0178,N02W37,2,37,46,120,Hax,2,1,Alpha,2002-11-05
0179,N02E30,2,-30,303,10,Bxo,3,2,Beta,2002-11-05
0180,S10E30,-10,-30,303,400,Eki,13,24,Beta-Gamma,2002-11-05
0181,S07E18,-7,-18,315,80,Dso,7,11,Beta,2002-11-05
0182,S17E43,-17,-43,290,110,Dso,5,2,Beta,2002-11-05
0183,N19W37,19,37,10,20,Bxo,3,2,Beta,2002-11-05
0185,S12E64,-12,-64,269,260,Cko,7,5,Beta,2002-11-05
0175,N15W36,15,36,355,70,Dso,10,4,Beta,2002-11-06
0176,N10W15,10,15,335,110,Hsx,2,1,Alpha,2002-11-06
0177,N16W09,16,9,328,390,Dki,8,17,Beta-Gamma,2002-11-06
0178,N02W87,2,87,46,90,Hax,2,1,Alpha,2002-11-06
0179,N02E17,2,-17,302,10,Axx,1,1,Alpha,2002-11-06
0180,S10E17,-10,-17,303,530,Eki,15,45,Beta-Gamma-Delta,2002-11-06
0182,S17E29,-17,-29,290,110,Dao,6,4,Beta,2002-11-06
0185,S12E50,-12,-50,269,310,Dko,6,9,Beta,2002-11-06
0186,N20E02,20,-2,317,40,Dso,3,3,Beta,2002-11-06
0175,N14W54,14,54,360,60,Cao,6,5,Beta,2002-11-07
0176,N10W28,10,28,334,130,Hsx,2,1,Alpha,2002-11-07
0177,N17W22,17,22,328,300,Dki,9,27,Beta-Gamma,2002-11-07
0179,N03E02,3,-2,304,10,Axx,1,2,Alpha,2002-11-07
0180,S10W01,-10,1,307,560,Fkc,16,53,Beta-Gamma-Delta,2002-11-07
0182,S18E16,-18,-16,290,100,Cso,5,5,Beta,2002-11-07
0185,S13E36,-13,-36,270,280,Dko,9,14,Beta,2002-11-07
0186,N19W12,19,12,318,50,Dso,4,6,Beta,2002-11-07
0187,N07E07,7,-7,299,20,Cso,3,4,Beta,2002-11-07
0188,N11E22,11,-22,284,20,Hrx,1,1,Alpha,2002-11-07
0189,N12E56,12,-56,250,10,Axx,1,1,Alpha,2002-11-07
0175,N14W70,14,70,3,30,Hsx,2,2,Alpha,2002-11-08
0176,N10W42,10,42,335,120,Hsx,2,1,Alpha,2002-11-08
0177,N18W36,18,36,329,210,Dao,7,14,Beta,2002-11-08
0179,S01W08,-1,8,301,10,Axx,1,2,Alpha,2002-11-08
0180,S10W14,-10,14,307,590,Fkc,18,66,Beta-Gamma-Delta,2002-11-08
0182,S18E02,-18,-2,291,70,Hsx,2,1,Alpha,2002-11-08
0185,S12E22,-12,-22,271,190,Dao,8,19,Beta,2002-11-08
0186,N20W26,20,26,319,30,Cro,4,5,Beta,2002-11-08
0187,N07W07,7,7,300,20,Bxo,4,4,Beta,2002-11-08
0188,N11E07,11,-7,286,110,Dao,6,16,Beta,2002-11-08
0189,N14E43,14,-43,250,20,Bxo,3,2,Beta,2002-11-08
0190,S22E54,-22,-54,239,30,Bxo,4,7,Beta,2002-11-08
0175,N15W82,15,82,2,40,Hsx,1,1,Alpha,2002-11-09
0176,N10W55,10,55,335,140,Hsx,2,1,Alpha,2002-11-09
0177,N18W50,18,50,330,220,Dso,5,8,Beta,2002-11-09
0180,S10W28,-10,28,308,600,Fkc,17,58,Beta-Gamma-Delta,2002-11-09
0182,S18W11,-18,11,291,70,Hsx,1,1,Alpha,2002-11-09
0184,S05W15,-5,15,295,10,Axx,2,3,Alpha,2002-11-09
0185,S12E10,-12,-10,270,170,Dao,9,16,Beta,2002-11-09
0186,N20W37,20,37,317,10,Bxo,4,4,Beta,2002-11-09
0187,N08W18,8,18,298,10,Bxo,3,4,Beta,2002-11-09
0188,N10W06,10,6,286,110,Dsi,6,17,Beta,2002-11-09
0189,N13E32,13,-32,248,30,Cso,8,4,Beta,2002-11-09
0190,S22E42,-22,-42,238,40,Cao,6,4,Beta,2002-11-09
0191,S17E74,-17,-74,206,60,Hsx,2,1,Alpha,2002-11-09
0176,N10W68,10,68,335,250,Hsx,2,1,Alpha,2002-11-10
0177,N18W63,18,63,330,160,Dao,4,5,Beta,2002-11-10
0180,S10W41,-10,41,308,630,Fkc,18,38,Beta-Gamma-Delta,2002-11-10
0182,S18W24,-18,24,291,60,Hsx,2,1,Alpha,2002-11-10
0185,S13W02,-13,2,269,160,Cao,7,12,Beta,2002-11-10
0188,N10W19,10,19,286,90,Dao,5,8,Beta,2002-11-10
0189,N12E21,12,-21,246,30,Dso,7,4,Beta,2002-11-10
0190,S22E28,-22,-28,239,40,Dao,6,4,Beta,2002-11-10
0191,S17E63,-17,-63,204,310,Eai,13,11,Beta,2002-11-10
0176,N09W81,9,81,334,110,Hsx,3,1,Alpha,2002-11-11
0177,N17W76,17,76,329,100,Dao,4,6,Beta,2002-11-11
0180,S11W55,-11,55,308,460,Fki,18,37,Beta-Gamma-Delta,2002-11-11
0182,S19W37,-19,37,290,50,Hsx,2,1,Alpha,2002-11-11
0185,S13W16,-13,16,269,160,Dai,8,25,Beta,2002-11-11
0188,N10W34,10,34,287,30,Dso,4,10,Beta,2002-11-11
0189,N12E09,12,-9,244,30,Cso,9,8,Beta,2002-11-11
0190,S20E14,-20,-14,239,30,Cso,6,6,Beta,2002-11-11
0191,S18E51,-18,-51,202,590,Ekc,14,35,Beta,2002-11-11
0177,N18W90,18,90,330,90,Hsx,4,1,Alpha,2002-11-12
0180,S11W69,-11,69,309,450,Fki,16,23,Beta-Gamma,2002-11-12
0182,S19W50,-19,50,290,60,Hsx,2,1,Alpha,2002-11-12
0185,S13W30,-13,30,270,120,Cao,6,16,Beta,2002-11-12
0188,N10W48,10,48,288,20,Cao,4,4,Beta,2002-11-12
0189,N15W04,15,4,244,20,Bxo,5,5,Beta,2002-11-12
0190,S22E00,-22,0,240,20,Hsx,1,1,Alpha,2002-11-12
0191,S18E39,-18,-39,201,550,Fac,17,52,Beta-Gamma,2002-11-12
0192,N13E08,13,-8,232,10,Bxo,4,4,Beta,2002-11-12
0180,S11W82,-11,82,309,280,Eai,14,8,Beta-Gamma,2002-11-13
0182,S18W65,-18,65,292,70,Hax,2,1,Alpha,2002-11-13
0185,S13W43,-13,43,270,230,Dao,4,9,Beta,2002-11-13
0190,S21W14,-21,14,241,20,Hsx,1,2,Alpha,2002-11-13
0191,S18E25,-18,-25,202,630,Fkc,16,62,Beta-Gamma,2002-11-13
0192,N14W07,14,7,234,10,Bxo,3,2,Beta,2002-11-13
0193,S02E21,-2,-21,206,10,Hsx,1,1,Alpha,2002-11-13
0180,S11W94,-11,94,308,90,Dao,5,3,Beta,2002-11-14
0182,S18W76,-18,76,290,50,Hsx,2,1,Alpha,2002-11-14
0185,S13W56,-13,56,270,70,Dao,4,7,Beta,2002-11-14
0189,N17W34,17,34,248,10,Hrx,1,1,Alpha,2002-11-14
0190,S21W27,-21,27,241,20,Hsx,1,1,Alpha,2002-11-14
0191,S18E12,-18,-12,202,800,Fkc,16,63,Beta-Gamma,2002-11-14
0192,N14W22,14,22,236,10,Axx,1,2,Alpha,2002-11-14
0193,S03E07,-3,-7,207,10,Hsx,0,1,Alpha,2002-11-14
0194,S16E43,-16,-43,171,10,Axx,1,2,Alpha,2002-11-14
0195,S15E78,-15,-78,136,120,Hax,2,1,Alpha,2002-11-14
0182,S18W90,-18,90,291,50,Hsx,2,1,Alpha,2002-11-15
0185,S13W70,-13,70,271,70,Dao,4,5,Beta,2002-11-15
0190,S22W40,-22,40,241,20,Hsx,1,1,Alpha,2002-11-15
0191,S18W01,-18,1,202,630,Fkc,16,62,Beta-Gamma-Delta,2002-11-15
0192,N13W34,13,34,235,70,Dsi,6,14,Beta,2002-11-15
0194,S16E28,-16,-28,173,30,Cso,4,5,Beta,2002-11-15
0195,S16E65,-16,-65,136,130,Hsx,2,1,Alpha,2002-11-15
0196,S19W46,-19,46,247,40,Cro,4,5,Beta,2002-11-15
0197,N25E73,25,-73,128,250,Hhx,3,1,Alpha,2002-11-15
0185,S14W82,-14,82,269,110,Dao,4,3,Beta,2002-11-16
0190,S22W55,-22,55,242,10,Bxo,5,2,Beta,2002-11-16
0191,S18W16,-18,16,203,580,Fkc,16,48,Beta-Gamma-Delta,2002-11-16
0192,N13W47,13,47,234,350,Dai,9,22,Beta-Gamma,2002-11-16
0194,S16E15,-16,-15,172,20,Cso,4,4,Beta,2002-11-16
0195,S15E53,-15,-53,134,190,Dao,10,10,Beta-Gamma-Delta,2002-11-16
0196,S19W69,-19,69,246,20,Bxo,6,2,Beta,2002-11-16
0197,N25E58,25,-58,129,270,Hhx,3,1,Alpha,2002-11-16
0198,S16E78,-16,-78,109,90,Dso,3,3,Beta,2002-11-16
0191,S18W28,-18,28,202,650,Fki,17,50,Beta-Gamma-Delta,2002-11-17
0192,N12W61,12,61,235,480,Eai,12,18,Beta,2002-11-17
0193,S02W32,-2,32,206,0,Axx,0,1,Alpha,2002-11-17
0194,S16E02,-16,-2,172,20,Cso,3,4,Beta,2002-11-17
0195,S16E41,-16,-41,133,310,Eao,12,10,Beta-Gamma,2002-11-17
0197,N25E46,25,-46,128,290,Hhx,3,1,Alpha,2002-11-17
0198,S17E66,-17,-66,108,380,Dho,9,8,Beta,2002-11-17
0191,S18W41,-18,41,202,580,Fki,20,41,Beta-Gamma,2002-11-18
0192,N12W74,12,74,235,550,Eho,14,15,Beta,2002-11-18
0194,S17W12,-17,12,173,20,Cso,3,3,Beta,2002-11-18
0195,S17E28,-17,-28,133,340,Eho,12,8,Beta,2002-11-18
0197,N24E33,24,-33,128,280,Hhx,4,1,Alpha,2002-11-18
0198,S18E55,-18,-55,106,590,Fko,17,11,Beta,2002-11-18
0191,S18W55,-18,55,203,540,Fac,19,28,Beta-Gamma,2002-11-19
0192,N12W86,12,86,234,280,Dao,9,8,Beta,2002-11-19
0195,S17E15,-17,-15,133,290,Eso,11,11,Beta,2002-11-19
0197,N24E20,24,-20,128,320,Hhx,3,1,Alpha,2002-11-19
0198,S18E43,-18,-43,105,640,Fki,17,21,Beta-Gamma,2002-11-19
0191,S18W68,-18,68,203,420,Fai,18,16,Beta-Gamma,2002-11-20
0195,S17E02,-17,-2,133,260,Eao,11,14,Beta,2002-11-20
0197,N24E07,24,-7,128,320,Hkx,4,2,Alpha,2002-11-20
0198,S18E28,-18,-28,107,580,Fki,20,33,Beta-Gamma,2002-11-20
0191,S18W81,-18,81,203,200,Fao,16,7,Beta-Gamma,2002-11-21
0195,S17W11,-17,11,134,190,Eao,11,7,Beta,2002-11-21
0197,N24W06,24,6,129,310,Hhx,3,2,Alpha,2002-11-21
0198,S18E15,-18,-15,108,580,Fkc,22,30,Beta-Gamma,2002-11-21
0199,N27E13,27,-13,110,30,Axx,2,3,Alpha,2002-11-21
0200,N00E71,0,-71,52,60,Hsx,2,1,Alpha,2002-11-21
0191,S18W94,-18,94,203,30,Hsx,1,1,Alpha,2002-11-22
0194,S17W64,-17,64,173,30,Hsx,1,1,Alpha,2002-11-22
0195,S17W24,-17,24,134,140,Eao,11,6,Beta,2002-11-22
0197,N24W20,24,20,129,320,Hkx,4,3,Alpha,2002-11-22
0198,S18E02,-18,-2,108,570,Fki,22,39,Beta-Gamma,2002-11-22
0199,N27W00,27,0,110,20,Cso,5,8,Beta,2002-11-22
0200,N00E57,0,-57,52,70,Hax,2,1,Alpha,2002-11-22
0201,S16W09,-16,9,118,10,Cso,4,4,Beta,2002-11-22
0195,S17W37,-17,37,134,120,Eao,11,9,Beta,2002-11-23
0197,N24W33,24,33,129,360,Hhx,3,1,Alpha,2002-11-23
0198,S18W12,-18,12,108,500,Fki,16,35,Beta-Gamma,2002-11-23
0199,N27W14,27,14,110,30,Bxo,5,7,Beta,2002-11-23
0200,N00E44,0,-44,52,60,Hsx,2,1,Alpha,2002-11-23
0201,S16W22,-16,22,118,40,Bxo,6,11,Beta,2002-11-23
0195,S17W51,-17,51,134,180,Eso,13,7,Beta,2002-11-24
0197,N24W46,24,46,129,300,Cso,4,3,Beta,2002-11-24
0198,S18W25,-18,25,108,520,Eki,15,33,Beta-Gamma,2002-11-24
0199,N27W27,27,27,110,40,Bxo,9,16,Beta,2002-11-24
0200,N00E31,0,-31,52,50,Hsx,1,1,Alpha,2002-11-24
0201,S16W35,-16,35,118,30,Cro,6,6,Beta,2002-11-24
0195,S16W66,-16,66,136,140,Dao,9,6,Beta,2002-11-25
0197,N26W58,26,58,128,250,Hhx,4,3,Alpha,2002-11-25
0198,S18W36,-18,36,106,500,Fkc,20,36,Beta-Gamma,2002-11-25
0199,N27W42,27,42,112,10,Bxo,2,2,Beta,2002-11-25
0200,S01E17,-1,-17,53,20,Hsx,1,1,Alpha,2002-11-25
0201,S15W54,-15,54,124,20,Bxo,5,3,Beta,2002-11-25
0202,N14E66,14,-66,4,50,Cso,7,2,Beta,2002-11-25
0195,S16W81,-16,81,138,110,Dso,10,5,Beta,2002-11-26
0197,N25W71,25,71,128,280,Hhx,3,1,Alpha,2002-11-26
0198,S18W48,-18,48,105,410,Fko,19,21,Beta,2002-11-26
0199,N28W54,28,54,111,10,Bxo,4,3,Beta,2002-11-26
0200,S01E04,-1,-4,53,20,Hsx,1,1,Alpha,2002-11-26
0201,S16W65,-16,65,122,10,Axx,2,2,Alpha,2002-11-26
0202,N13E53,13,-53,4,40,Cso,6,3,Beta,2002-11-26
0195,S16W92,-16,92,135,70,Cao,10,4,Beta,2002-11-27
0197,N24W84,24,84,127,250,Hhx,3,1,Alpha,2002-11-27
0198,S18W61,-18,61,104,390,Fko,18,15,Beta,2002-11-27
0199,N27W58,27,58,101,10,Bxo,2,2,Beta,2002-11-27
0200,S02W09,-2,9,52,20,Hsx,1,1,Alpha,2002-11-27
0202,N13E41,13,-41,2,30,Cso,5,5,Beta,2002-11-27
0203,N08E71,8,-71,332,20,Axx,1,2,Alpha,2002-11-27
0198,S18W75,-18,75,105,370,Fko,17,6,Beta-Gamma,2002-11-28
0200,S03W22,-3,22,52,20,Cso,2,3,Beta,2002-11-28
0202,N13E27,13,-27,3,30,Cso,5,7,Beta,2002-11-28
0203,N09E56,9,-56,334,20,Cso,2,2,Beta,2002-11-28
0204,N16E40,16,-40,350,40,Dso,6,8,Beta,2002-11-28
0205,N19E63,19,-63,327,50,Hsx,1,1,Alpha,2002-11-28
0206,S26E44,-26,-44,346,10,Hsx,1,1,Alpha,2002-11-28
0207,S19E69,-19,-69,321,220,Dao,9,4,Beta,2002-11-28
0198,S17W87,-17,87,104,270,Eko,14,10,Beta,2002-11-29
0200,S03W36,-3,36,53,20,Cso,3,3,Beta,2002-11-29
0202,N14E14,14,-14,3,40,Dso,5,12,Beta,2002-11-29
0203,N09E43,9,-43,334,10,Axx,1,1,Alpha,2002-11-29
0204,N17E28,17,-28,349,30,Cso,6,7,Beta,2002-11-29
0205,N19E49,19,-49,328,40,Hsx,1,1,Alpha,2002-11-29
0206,S27E30,-27,-30,347,0,Axx,0,1,Alpha,2002-11-29
0207,S19E59,-19,-59,318,430,Eko,11,9,Beta,2002-11-29
0200,S02W50,-2,50,54,0,Axx,0,2,Alpha,2002-11-30
0202,N13W01,13,1,5,20,Cro,6,9,Beta,2002-11-30
0203,N10E29,10,-29,335,10,Hrx,1,1,Alpha,2002-11-30
0204,N18E14,18,-14,350,10,Bxo,3,4,Beta,2002-11-30
0205,N19E36,19,-36,328,50,Hsx,2,1,Alpha,2002-11-30
0207,S19E44,-19,-44,320,430,Eao,12,14,Beta,2002-11-30
0208,N09E75,9,-75,289,100,Dso,10,6,Beta,2002-11-30
0200,S03W67,-3,67,58,0,Axx,0,1,Alpha,2002-12-01
0202,N15W16,15,16,7,10,Bxo,4,7,Beta,2002-12-01
0203,N09E17,9,-17,334,0,Axx,0,1,Alpha,2002-12-01
0204,N20W02,20,2,353,10,Bxo,4,7,Beta,2002-12-01
0205,N19E23,19,-23,328,20,Hsx,1,1,Alpha,2002-12-01
0207,S19E31,-19,-31,320,290,Eai,11,19,Beta,2002-12-01
0208,N10E63,10,-63,288,210,Dao,7,12,Beta,2002-12-01
0209,S20E62,-20,-62,289,140,Dao,9,8,Beta,2002-12-01
0210,S09W77,-9,77,68,60,Dso,4,4,Beta,2002-12-01
0205,N19E10,19,-10,328,20,Hsx,1,1,Alpha,2002-12-02
0207,S19E20,-19,-20,318,230,Eai,13,20,Beta,2002-12-02
0208,N10E49,10,-49,289,140,Dso,9,16,Beta,2002-12-02
0209,S21E48,-21,-48,290,170,Eao,12,7,Beta,2002-12-02
0210,S08W87,-8,87,65,60,Dso,4,3,Beta,2002-12-02
0202,N13W40,13,40,4,20,Bxo,4,4,Beta,2002-12-03
0204,N16W26,16,26,350,20,Bxo,8,10,Beta,2002-12-03
0205,N19W03,19,3,327,0,Axx,1,1,Alpha,2002-12-03
0207,S20E06,-20,-6,318,290,Eao,13,20,Beta,2002-12-03
0208,N10E35,10,-35,289,170,Dai,10,22,Beta-Gamma,2002-12-03
0209,S20E35,-20,-35,289,170,Eso,13,10,Beta,2002-12-03
0211,S08E04,-8,-4,320,20,Bxo,3,4,Beta,2002-12-03
0212,N13E75,13,-75,249,160,Cao,5,4,Beta,2002-12-03
0202,N12W51,12,51,2,0,Axx,0,1,Alpha,2002-12-04
0205,N20W16,20,16,327,20,Cso,3,5,Beta,2002-12-04
0207,S19W06,-19,6,317,240,Eao,13,18,Beta,2002-12-04
0208,N11E22,11,-22,289,120,Eai,11,24,Beta-Gamma,2002-12-04
0209,S19E20,-19,-20,291,110,Eso,11,6,Beta,2002-12-04
0212,N14E62,14,-62,249,180,Dao,5,8,Beta,2002-12-04
0213,N15E79,15,-79,232,70,Cso,7,3,Beta,2002-12-04
0203,N07W34,7,34,332,10,Bxo,3,3,Beta,2002-12-05
0205,N20W29,20,29,327,20,Cro,4,5,Beta,2002-12-05
0207,S19W21,-19,21,319,210,Eao,13,15,Beta,2002-12-05
0208,N10E08,10,-8,290,140,Eai,11,26,Beta-Gamma,2002-12-05
0209,S19E07,-19,-7,291,120,Cso,12,11,Beta,2002-12-05
0212,N13E49,13,-49,249,180,Dao,7,9,Beta,2002-12-05
0213,N14E64,14,-64,234,90,Cao,7,5,Beta,2002-12-05
0205,N20W41,20,41,326,10,Cro,3,4,Beta,2002-12-06
0207,S20W34,-20,34,319,170,Eso,14,10,Beta,2002-12-06
0208,N10W06,10,6,291,130,Eao,11,27,Beta-Gamma,2002-12-06
0209,S20W07,-20,7,292,110,Cso,14,6,Beta,2002-12-06
0212,N12E35,12,-35,250,170,Cao,6,12,Beta,2002-12-06
0213,N14E50,14,-50,235,110,Cao,8,6,Beta,2002-12-06
0214,N12W27,12,27,312,60,Dro,5,7,Beta,2002-12-06
0215,S18E74,-18,-74,211,100,Hax,3,1,Alpha,2002-12-06
0207,S20W50,-20,50,322,140,Eso,12,5,Beta,2002-12-07
0208,N09W24,9,24,296,90,Dao,3,8,Beta-Gamma,2002-12-07
0209,S19W26,-19,26,298,90,Hax,2,1,Alpha,2002-12-07
0212,N12E21,12,-21,251,170,Dao,7,13,Beta,2002-12-07
0213,N14E38,14,-38,234,40,Cao,5,4,Beta,2002-12-07
0214,N12W41,12,41,313,90,Dao,6,9,Beta,2002-12-07
0215,S19E59,-19,-59,213,80,Hsx,2,2,Alpha,2002-12-07
0207,S18W67,-18,67,325,60,Hsx,1,1,Alpha,2002-12-08
0208,N09W38,9,38,296,60,Dao,3,4,Beta,2002-12-08
0209,S20W39,-20,39,297,50,Fao,16,6,Beta,2002-12-08
0212,N13E08,13,-8,250,90,Dao,7,12,Beta,2002-12-08
0213,N14E24,14,-24,234,40,Cao,7,2,Beta,2002-12-08
0214,N13W55,13,55,313,110,Dao,8,9,Beta-Gamma,2002-12-08
0215,S18E46,-18,-46,213,80,Hsx,2,2,Alpha,2002-12-08
0205,N18W78,18,78,323,70,Hsx,6,2,Alpha,2002-12-09
0207,S17W81,-17,81,326,90,Hax,2,1,Alpha,2002-12-09
0208,N11W51,11,51,296,40,Dao,3,5,Beta,2002-12-09
0209,S18W52,-18,52,297,60,Hsx,2,1,Alpha,2002-12-09
0212,N14W05,14,5,250,80,Dao,6,9,Beta-Gamma,2002-12-09
0213,N14E14,14,-14,231,20,Cso,2,2,Beta,2002-12-09
0214,N13W70,13,70,315,120,Eso,11,9,Beta-Gamma,2002-12-09
0215,S18E32,-18,-32,213,70,Hax,3,2,Alpha,2002-12-09
0216,S24W39,-24,39,284,40,Cso,6,6,Beta,2002-12-09
0217,N12E56,12,-56,189,20,Axx,1,2,Alpha,2002-12-09
0218,S20E68,-20,-68,177,50,Hax,1,1,Alpha,2002-12-09
0205,N20W88,20,88,320,120,Cao,4,2,Beta,2002-12-10
0207,S17W94,-17,94,326,50,Hsx,2,1,Alpha,2002-12-10
0209,S18W65,-18,65,297,60,Hax,2,1,Alpha,2002-12-10
0212,N14W18,14,18,250,60,Dao,4,9,Beta,2002-12-10
0213,N14E01,14,-1,231,20,Cso,7,6,Beta,2002-12-10
0214,N13W83,13,83,315,70,Bxo,6,3,Beta,2002-12-10
0215,S18E19,-18,-19,213,40,Dao,5,11,Beta,2002-12-10
0216,S24W52,-24,52,284,50,Dao,6,3,Beta,2002-12-10
0217,N12E43,12,-43,189,20,Hsx,2,4,Alpha,2002-12-10
0218,S20E55,-20,-55,177,70,Hax,2,2,Alpha,2002-12-10
0219,S05W25,-5,25,257,20,Hax,2,3,Alpha,2002-12-10
0220,S12E47,-12,-47,185,150,Dao,6,12,Beta,2002-12-10
0221,N22E61,22,-61,171,20,Hsx,2,2,Alpha,2002-12-10
0209,S17W79,-17,79,298,50,Hsx,2,1,Alpha,2002-12-11
0212,N14W31,14,31,250,30,Dso,3,6,Beta,2002-12-11
0213,N15W12,15,12,231,10,Axx,1,1,Alpha,2002-12-11
0215,S18E04,-18,-4,215,60,Dao,3,10,Beta,2002-12-11
0216,S23W66,-23,66,285,20,Dso,8,2,Beta,2002-12-11
0217,N12E29,12,-29,190,10,Axx,1,1,Alpha,2002-12-11
0218,S18E42,-18,-42,177,60,Cso,3,3,Beta,2002-12-11
0219,S06W38,-6,38,257,10,Hsx,1,1,Alpha,2002-12-11
0220,S12E33,-12,-33,186,310,Dai,7,16,Beta-Gamma,2002-12-11
0221,N23E48,23,-48,171,20,Hsx,2,1,Alpha,2002-12-11
0209,S17W90,-17,90,296,60,Hsx,2,1,Alpha,2002-12-12
0212,N13W46,13,46,252,20,Dso,6,6,Beta,2002-12-12
0213,N16W28,16,28,234,20,Cso,5,7,Beta,2002-12-12
0215,S18W07,-18,7,213,30,Dso,4,9,Beta,2002-12-12
0217,N12E17,12,-17,189,10,Bxo,4,3,Beta,2002-12-12
0218,S19E30,-19,-30,176,40,Cao,3,7,Beta,2002-12-12
0219,S05W51,-5,51,257,10,Axx,1,1,Alpha,2002-12-12
0220,S12E21,-12,-21,185,270,Dai,9,25,Beta-Gamma,2002-12-12
0221,N23E35,23,-35,171,20,Cso,3,4,Beta,2002-12-12
0222,S06W03,-6,3,209,20,Cso,5,8,Beta,2002-12-12
0213,N17W41,17,41,233,10,Cso,3,4,Beta,2002-12-13
0215,S17W21,-17,21,213,30,Hrx,1,1,Alpha,2002-12-13
0217,N14E04,14,-4,188,0,Axx,1,2,Alpha,2002-12-13
0218,S19E17,-19,-17,175,20,Hsx,2,2,Beta,2002-12-13
0220,S12E07,-12,-7,185,190,Dai,10,17,Beta,2002-12-13
0221,N23E22,23,-22,171,10,Bxo,3,2,Beta,2002-12-13
0222,S12W16,-12,16,208,10,Bxo,4,7,Beta,2002-12-13
0223,N23E71,23,-71,121,70,Hsx,2,1,Alpha,2002-12-13
0224,S16E70,-16,-70,122,90,Dao,5,3,Beta,2002-12-13
0213,N18W53,18,53,232,20,Cso,3,3,Beta,2002-12-14
0218,S18E03,-18,-3,176,80,Dao,6,12,Beta,2002-12-14
0220,S12W06,-12,6,185,140,Dao,10,15,Beta,2002-12-14
0221,N20E12,20,-12,167,10,Axx,2,2,Alpha,2002-12-14
0222,S13W28,-13,28,207,10,Bxo,3,7,Beta,2002-12-14
0223,N24E60,24,-60,119,130,Cso,6,6,Beta,2002-12-14
0224,S17E61,-17,-61,118,220,Eao,15,11,Beta,2002-12-14
0225,N17E66,17,-66,113,120,Dao,10,9,Beta,2002-12-14
0226,S28E51,-28,-51,128,70,Dso,6,8,Beta,2002-12-14
0227,N05E34,5,-34,145,10,Bxo,3,3,Beta,2002-12-14
0215,S18W48,-18,48,213,0,Axx,0,1,Alpha,2002-12-15
0218,S18W11,-18,11,176,90,Dao,6,16,Beta,2002-12-15
0220,S13W18,-13,18,183,120,Eao,11,16,Beta,2002-12-15
0221,N20W01,20,1,166,20,Cro,2,4,Beta,2002-12-15
0223,N23E46,23,-46,119,140,Dso,4,5,Beta,2002-12-15
0224,S18E49,-18,-49,116,290,Eai,13,22,Beta-Gamma,2002-12-15
0225,N17E51,17,-51,114,140,Dai,9,9,Beta,2002-12-15
0226,S28E39,-28,-39,126,170,Dai,8,19,Beta,2002-12-15
0227,N06E21,6,-21,144,30,Cso,4,4,Beta,2002-12-15
0228,S14E65,-14,-65,100,40,Hsx,1,1,Alpha,2002-12-15
0229,N15E63,15,-63,102,220,Dai,7,7,Beta,2002-12-15
0218,S18W25,-18,25,177,70,Dao,8,12,Beta,2002-12-16
0220,S12W33,-12,33,185,80,Dao,10,12,Beta,2002-12-16
0223,N24E34,24,-34,118,140,Cai,4,7,Beta,2002-12-16
0224,S18E36,-18,-36,116,200,Eai,15,25,Beta-Gamma,2002-12-16
0225,N16E38,16,-38,114,100,Dai,7,14,Beta,2002-12-16
0226,S28E25,-28,-25,127,290,Eki,12,20,Beta,2002-12-16
0227,N06E08,6,-8,144,50,Dsi,6,8,Beta,2002-12-16
0228,S15E52,-15,-52,100,20,Hrx,1,1,Alpha,2002-12-16
0229,N17E51,17,-51,101,400,Dki,10,28,Beta,2002-12-16
0218,S17W39,-17,39,178,20,Hsx,1,1,Alpha,2002-12-17
0220,S12W50,-12,50,189,40,Hsx,2,1,Alpha,2002-12-17
0223,N24E21,24,-21,118,110,Dso,5,8,Beta,2002-12-17
0224,S15E22,-15,-22,117,120,Eao,11,13,Beta,2002-12-17
0225,N17E23,17,-23,116,100,Dai,8,15,Beta-Gamma,2002-12-17
0226,S28E12,-28,-12,127,320,Eki,14,28,Beta-Gamma,2002-12-17
0227,N07W07,7,7,146,70,Dri,7,9,Beta-Gamma,2002-12-17
0228,S17E37,-17,-37,102,10,Axx,1,1,Alpha,2002-12-17
0229,N18E37,18,-37,102,410,Ehi,12,28,Beta-Gamma,2002-12-17
0218,S18W49,-18,49,175,20,Cso,6,4,Beta,2002-12-18
0220,S13W64,-13,64,190,80,Hsx,4,3,Alpha,2002-12-18
0223,N25E08,25,-8,118,140,Dso,5,11,Beta,2002-12-18
0224,S14E06,-14,-6,120,160,Eao,13,26,Beta,2002-12-18
0225,N17E11,17,-11,115,110,Dai,8,14,Beta-Gamma,2002-12-18
0226,S28W01,-28,1,127,560,Fki,16,42,Beta-Gamma-Delta,2002-12-18
0227,N07W20,7,20,146,90,Dao,8,19,Beta-Gamma,2002-12-18
0229,N19E24,19,-24,102,320,Eki,13,38,Beta-Gamma,2002-12-18
0230,S08E59,-8,-59,67,70,Dao,7,5,Beta,2002-12-18
0218,S18W63,-18,63,177,20,Axx,1,1,Alpha,2002-12-19
0220,S13W78,-13,78,190,40,Hax,2,1,Alpha,2002-12-19
0223,N25W06,25,6,118,140,Cso,4,7,Beta,2002-12-19
0224,S14W08,-14,8,120,140,Eao,15,33,Beta,2002-12-19
0225,N17W03,17,3,115,90,Dao,9,14,Beta-Gamma,2002-12-19
0226,S28W15,-28,15,127,720,Fki,17,47,Beta-Gamma-Delta,2002-12-19
0227,N07W34,7,34,146,70,Cao,7,7,Beta,2002-12-19
0228,S17E10,-17,-10,102,10,Bxo,4,4,Beta,2002-12-19
0229,N19E12,19,-12,102,440,Eki,14,37,Beta-Gamma,2002-12-19
0230,S08E45,-8,-45,67,150,Dao,7,10,Beta,2002-12-19
0218,S18W79,-18,79,178,0,Axx,0,1,Alpha,2002-12-20
0220,S13W91,-13,91,190,0,Axx,0,1,Alpha,2002-12-20
0223,N25W19,25,19,118,80,Cao,3,4,Beta,2002-12-20
0224,S14W21,-14,21,120,50,Fro,16,17,Beta,2002-12-20
0225,N17W18,17,18,117,40,Cao,5,6,Beta,2002-12-20
0226,S28W28,-28,28,127,690,Fkc,20,45,Beta-Gamma-Delta,2002-12-20
0227,N07W47,7,47,146,30,Cao,5,4,Beta,2002-12-20
0228,S17W03,-17,3,102,10,Bxo,3,2,Beta,2002-12-20
0229,N19W03,19,3,102,230,Eai,14,21,Beta-Gamma,2002-12-20
0230,S08E32,-8,-32,67,210,Eai,13,12,Beta-Gamma,2002-12-20
0231,S25E13,-25,-13,86,20,Cso,4,2,Beta,2002-12-20
0223,N25W32,25,32,118,280,Dao,4,4,Beta,2002-12-21
0224,S14W32,-14,32,118,70,Dao,10,18,Beta,2002-12-21
0225,N17W33,17,33,119,30,Hsx,1,1,Alpha,2002-12-21
0226,S28W41,-28,41,127,720,Fkc,21,41,Beta-Gamma-Delta,2002-12-21
0227,N07W63,7,63,149,10,Axx,1,1,Alpha,2002-12-21
0228,S17W16,-17,16,102,10,Bxo,3,2,Beta,2002-12-21
0229,N19W16,19,16,102,200,Fao,16,23,Beta-Gamma,2002-12-21
0230,S08E19,-8,-19,67,310,Eki,12,18,Beta-Gamma,2002-12-21
0231,S25E00,-25,0,86,20,Dso,6,5,Beta,2002-12-21
0223,N25W45,25,45,118,50,Cso,4,5,Beta,2002-12-22
0224,S14W45,-14,45,118,70,Dso,10,13,Beta,2002-12-22
0225,N17W46,17,46,119,20,Axx,1,2,Alpha,2002-12-22
0226,S28W54,-28,54,127,510,Fkc,21,29,Beta-Gamma-Delta,2002-12-22
0227,N07W76,7,76,149,40,Hsx,1,1,Alpha,2002-12-22
0229,N19W29,19,29,102,140,Eao,15,23,Beta-Gamma,2002-12-22
0230,S08E06,-8,-6,67,300,Eai,13,27,Beta-Gamma,2002-12-22
0231,S25W13,-25,13,86,30,Cao,7,6,Beta,2002-12-22
0232,N13W08,13,8,81,20,Dao,0,3,Beta,2002-12-22
0223,N25W58,25,58,118,50,Cao,4,4,Beta,2002-12-23
0224,S14W58,-14,58,118,150,Dao,10,22,Beta,2002-12-23
0226,S28W67,-28,67,127,360,Fki,21,26,Beta-Gamma-Delta,2002-12-23
0229,N19W42,19,42,102,80,Dao,10,11,Beta-Gamma,2002-12-23
0230,S08W07,-8,7,67,220,Dho,10,22,Beta-Gamma,2002-12-23
0231,S25W26,-25,26,86,50,Dao,8,10,Beta,2002-12-23
0232,N13W21,13,21,81,20,Dao,5,3,Beta,2002-12-23
0223,N22W67,22,67,113,170,Cao,7,3,Beta,2002-12-24
0224,S15W68,-15,68,114,470,Dao,10,22,Beta-Gamma,2002-12-24
0225,N18W62,18,62,108,0,Axx,0,1,Alpha,2002-12-24
0226,S28W78,-28,78,124,460,Fko,22,13,Beta-Gamma,2002-12-24
0229,N22W51,22,51,97,120,Dao,9,10,Beta,2002-12-24
0230,S09W21,-9,21,67,310,Dho,10,21,Beta-Gamma,2002-12-24
0231,S25W39,-25,39,85,50,Dao,8,6,Beta,2002-12-24
0233,N11E42,11,-42,4,20,Bxo,2,4,Beta,2002-12-24
0223,N24W83,24,83,116,20,Axx,1,1,Alpha,2002-12-25
0224,S14W81,-14,81,114,230,Dao,10,10,Beta-Gamma,2002-12-25
0226,S28W89,-28,89,122,110,Eao,11,4,Beta,2002-12-25
0229,N25W63,25,63,96,50,Dso,4,4,Beta,2002-12-25
0230,S08W34,-8,34,67,170,Dso,8,9,Beta-Gamma,2002-12-25
0231,S25W53,-25,53,86,50,Dao,9,5,Beta,2002-12-25
0233,N13E27,13,-27,6,30,Cro,4,5,Beta,2002-12-25
0234,N18E73,18,-73,320,40,Hsx,2,1,Alpha,2002-12-25
0224,S14W92,-14,92,112,100,Dao,6,4,Beta,2002-12-26
0229,N26W75,26,75,95,20,Axx,1,1,Alpha,2002-12-26
0230,S08W50,-8,50,70,100,Hax,2,2,Alpha,2002-12-26
0231,S25W62,-25,62,82,60,Cao,5,4,Beta,2002-12-26
0234,N17E58,17,-58,322,60,Cso,7,3,Beta,2002-12-26
0235,N13E28,13,-28,352,10,Bxo,3,3,Beta,2002-12-26
0229,N27W90,27,90,97,10,Axx,1,1,Alpha,2002-12-27
0230,S07W63,-7,63,70,120,Cao,3,3,Beta,2002-12-27
0231,S24W77,-24,77,84,110,Cso,6,3,Beta,2002-12-27
0234,N17E45,17,-45,322,60,Cao,4,2,Beta,2002-12-27
0235,N14E15,14,-15,352,10,Bxo,3,3,Beta,2002-12-27
0230,S08W77,-8,77,71,60,Hsx,3,2,Alpha,2002-12-28
0231,S25W89,-25,89,83,50,Cso,8,4,Beta,2002-12-28
0234,N18E32,18,-32,322,50,Hsx,2,1,Alpha,2002-12-28
0235,N13E05,13,-5,349,10,Bxo,3,2,Beta,2002-12-28
0236,N17W27,17,27,21,30,Cao,3,4,Beta,2002-12-28
0230,S08W91,-8,91,72,50,Hsx,2,1,Alpha,2002-12-29
0234,N19E19,19,-19,322,40,Cao,3,5,Beta,2002-12-29
0236,N16W41,16,41,22,40,Dso,4,7,Beta,2002-12-29
0237,S26E00,-26,0,341,10,Bxo,5,5,Beta,2002-12-29
0238,N09E15,9,-15,326,10,Axx,1,2,Alpha,2002-12-29
0234,N18E05,18,-5,322,40,Hsx,2,1,Alpha,2002-12-30
0235,N14W22,14,22,349,10,Cso,3,4,Beta,2002-12-30
0236,N16W53,16,53,20,20,Hax,1,1,Alpha,2002-12-30
0239,S10E37,-10,-37,290,30,Cro,4,5,Beta,2002-12-30
0234,N18W08,18,8,322,30,Hsx,2,2,Alpha,2002-12-31
0235,N14W35,14,35,349,20,Cso,3,3,Beta,2002-12-31
0239,S10E24,-10,-24,290,40,Dso,6,9,Beta,2002-12-31
0234,N20W21,20,21,322,40,Hsx,1,1,Alpha,2003-01-01
0239,S10E10,-10,-10,291,70,Dao,8,12,Beta,2003-01-01
0240,S06E20,-6,-20,281,40,Dso,4,7,Beta,2003-01-01
0234,N19W33,19,33,321,30,Hsx,2,3,Alpha,2003-01-02
0239,S09W04,-9,4,292,80,Dai,6,11,Beta,2003-01-02
0240,S08E06,-8,-6,282,10,Bxo,3,3,Beta,2003-01-02
0234,N19W47,19,47,322,30,Hax,2,1,Alpha,2003-01-03
0239,S09W17,-9,17,292,70,Dao,9,10,Beta,2003-01-03
0240,S08W04,-8,4,279,10,Axx,2,2,Alpha,2003-01-03
0241,S25W40,-25,40,315,20,Cao,3,5,Beta,2003-01-03
0242,S08E61,-8,-61,214,30,Cso,3,6,Beta,2003-01-03
0234,N19W60,19,60,322,10,Axx,1,1,Alpha,2003-01-04
0239,S09W30,-9,30,292,40,Cao,4,5,Beta,2003-01-04
0241,S24W53,-24,53,315,20,Hrx,1,2,Alpha,2003-01-04
0242,S08E48,-8,-48,214,90,Dai,6,15,Beta,2003-01-04
0243,S19W34,-19,34,296,50,Dao,4,5,Beta,2003-01-04
0244,S15E58,-15,-58,204,50,Dao,5,9,Beta,2003-01-04
0245,N12E74,12,-74,188,70,Hax,2,1,Alpha,2003-01-04
0239,S09W43,-9,43,292,20,Hrx,1,2,Alpha,2003-01-05
0240,S08W38,-8,38,287,10,Hrx,1,1,Alpha,2003-01-05
0241,S24W66,-24,66,315,30,Dro,6,3,Beta,2003-01-05
0242,S08E33,-8,-33,216,180,Dai,8,18,Beta-Gamma,2003-01-05
0243,S19W47,-19,47,296,150,Dao,6,13,Beta-Gamma,2003-01-05
0244,S23E40,-23,-40,209,140,Dao,7,9,Beta,2003-01-05
0245,N11E59,11,-59,190,110,Hax,2,1,Alpha,2003-01-05
0239,S07W54,-7,54,290,30,Cso,5,7,Beta,2003-01-06
0240,S08W53,-8,53,289,10,Hrx,2,2,Alpha,2003-01-06
0242,S08E20,-8,-20,216,190,Dai,9,28,Beta-Gamma,2003-01-06
0243,S19W60,-19,60,296,200,Dao,8,13,Beta-Gamma,2003-01-06
0244,S23E27,-23,-27,209,150,Dao,7,15,Beta,2003-01-06
0245,N11E46,11,-46,190,80,Hax,2,3,Alpha,2003-01-06
0239,S07W67,-7,67,290,20,Bxo,5,3,Beta,2003-01-07
0240,S08W65,-8,65,288,10,Cso,5,3,Beta,2003-01-07
0242,S08E03,-8,-3,216,190,Dac,10,27,Beta,2003-01-07
0243,S19W73,-19,73,296,150,Cao,10,9,Beta-Gamma,2003-01-07
0244,S23E14,-23,-14,209,90,Cao,9,13,Beta-Gamma,2003-01-07
0245,N11E33,11,-33,190,30,Hax,1,2,Alpha,2003-01-07
0246,N08E10,8,-10,213,10,Cro,3,3,Beta,2003-01-07
0247,S17E73,-17,-73,150,20,Hsx,1,1,Alpha,2003-01-07
0239,S08W82,-8,82,299,50,Hax,3,1,Alpha,2003-01-08
0240,S04W78,-4,78,288,30,Cso,4,3,Beta,2003-01-08
0242,S06W09,-6,9,219,340,Dkc,10,36,Beta,2003-01-08
0243,S18W88,-18,88,302,60,Hax,2,1,Alpha,2003-01-08
0244,S23W01,-23,1,211,80,Dao,9,15,Beta,2003-01-08
0245,N12E21,12,-21,189,30,Cso,3,3,Beta,2003-01-08
0246,N09W02,9,2,212,0,Axx,0,1,Alpha,2003-01-08
0247,S18E59,-18,-59,151,70,Cao,8,5,Beta,2003-01-08
0248,S11W41,-11,41,251,10,Cso,3,4,Beta,2003-01-08
0249,S16E18,-16,-18,192,20,Cro,4,7,Beta,2003-01-08
0250,S27E79,-27,-79,131,100,Hsx,2,2,Alpha,2003-01-08
0251,S14E81,-14,-81,129,60,Hax,2,1,Alpha,2003-01-08
0242,S08W22,-8,22,219,370,Dac,9,46,Beta-Gamma,2003-01-09
0244,S22W16,-22,16,213,70,Dso,7,15,Beta,2003-01-09
0245,N11E07,11,-7,190,30,Cso,4,8,Beta,2003-01-09
0247,S18E47,-18,-47,150,240,Dai,10,18,Beta,2003-01-09
0248,S12W55,-12,55,252,30,Cso,4,7,Beta,2003-01-09
0249,S16E05,-16,-5,192,60,Dso,6,10,Beta,2003-01-09
0250,S28E66,-28,-66,131,190,Cao,5,3,Beta,2003-01-09
0251,S14E70,-14,-70,127,280,Dki,10,11,Beta-Gamma,2003-01-09
0242,S08W34,-8,34,217,310,Dai,9,35,Beta-Gamma,2003-01-10
0244,S22W31,-22,31,214,30,Cso,3,7,Beta,2003-01-10
0245,N12W05,12,5,188,30,Cao,3,6,Beta,2003-01-10
0247,S17E34,-17,-34,149,340,Dai,10,36,Beta,2003-01-10
0248,S10W69,-10,69,252,50,Axx,0,1,Alpha,2003-01-10
0249,S15W08,-15,8,191,40,Dso,6,13,Beta,2003-01-10
0250,S27E53,-27,-53,130,160,Cao,7,5,Beta,2003-01-10
0251,S13E58,-13,-58,125,330,Eao,11,12,Beta-Gamma,2003-01-10
0252,S04E61,-4,-61,122,10,Axx,1,1,Alpha,2003-01-10
0242,S08W48,-8,48,218,190,Dai,9,23,Beta-Gamma,2003-01-11
0244,S22W44,-22,44,214,10,Cso,2,3,Beta,2003-01-11
0245,N12W20,12,20,190,10,Cao,2,3,Beta,2003-01-11
0247,S15E20,-15,-20,150,300,Eai,11,33,Beta-Gamma,2003-01-11
0249,S15W21,-15,21,191,40,Dao,7,11,Beta,2003-01-11
0250,S26E37,-26,-37,133,170,Cao,6,7,Beta,2003-01-11
0251,S13E44,-13,-44,126,340,Eho,12,12,Beta,2003-01-11
0252,S03E46,-3,-46,124,20,Hsx,2,2,Alpha,2003-01-11
0253,N11W36,11,36,206,10,Cso,3,4,Beta,2003-01-11
0254,S15E72,-15,-72,98,70,Hsx,2,1,Alpha,2003-01-11
0242,S07W61,-7,61,218,300,Dai,9,28,Beta-Gamma,2003-01-12
0244,S22W56,-22,56,213,20,Cao,3,4,Beta,2003-01-12
0247,S17E07,-17,-7,150,300,Eai,11,46,Beta,2003-01-12
0249,S15W34,-15,34,191,40,Hsx,2,4,Alpha,2003-01-12
0250,S27E27,-27,-27,130,180,Cko,4,7,Beta,2003-01-12
0251,S14E32,-14,-32,125,380,Eko,15,34,Beta,2003-01-12
0252,S03E33,-3,-33,124,20,Hax,2,3,Alpha,2003-01-12
0253,N09W48,9,48,205,60,Dao,7,11,Beta,2003-01-12
0254,S16E63,-16,-63,94,190,Eao,11,11,Beta,2003-01-12
0242,S07W75,-7,75,219,170,Dao,8,12,Beta,2003-01-13
0244,S22W71,-22,71,215,20,Bxo,3,4,Beta,2003-01-13
0247,S16W07,-16,7,151,230,Eai,11,44,Beta,2003-01-13
0249,S15W47,-15,47,191,40,Dao,4,3,Beta,2003-01-13
0250,S27E13,-27,-13,131,180,Cko,5,9,Beta,2003-01-13
0251,S14E21,-14,-21,123,120,Eai,11,24,Beta,2003-01-13
0252,S03E18,-3,-18,126,10,Axx,2,2,Alpha,2003-01-13
0253,N09W61,9,61,205,30,Dso,7,4,Beta,2003-01-13
0254,S16E44,-16,-44,100,130,Cao,5,6,Beta,2003-01-13
0255,S13E14,-13,-14,117,200,Cko,5,9,Beta,2003-01-13
0256,S17E55,-17,-55,89,80,Cao,3,5,Beta,2003-01-13
0242,S07W87,-7,87,218,120,Dao,5,4,Beta,2003-01-14
0247,S16W21,-16,21,152,150,Eai,12,37,Beta,2003-01-14
0249,S15W62,-15,62,193,20,Hrx,1,1,Alpha,2003-01-14
0250,S26E00,-26,0,131,130,Cao,3,4,Beta,2003-01-14
0251,S14E09,-14,-9,122,80,Cao,9,16,Beta,2003-01-14
0253,N09W73,9,73,204,20,Cro,6,5,Beta,2003-01-14
0254,S14E29,-14,-29,102,100,Hax,2,2,Alpha,2003-01-14
0255,S13E01,-13,-1,130,200,Cko,5,9,Beta,2003-01-14
0256,S17E41,-17,-41,90,70,Hsx,2,1,Alpha,2003-01-14
0257,N16E23,16,-23,108,10,Bxo,3,3,Beta,2003-01-14
0247,S17W33,-17,33,150,150,Eao,11,20,Beta,2003-01-15
0249,S15W76,-15,76,193,10,Axx,1,1,Alpha,2003-01-15
0250,S26W12,-26,12,129,170,Cao,6,12,Beta,2003-01-15
0251,S14W05,-14,5,122,70,Dao,7,16,Beta,2003-01-15
0254,S14E17,-14,-17,100,110,Cso,4,6,Beta,2003-01-15
0255,S13W12,-13,12,129,240,Cko,5,7,Alpha,2003-01-15
0256,S16E28,-16,-28,89,60,Hsx,2,1,Alpha,2003-01-15
0257,N16E09,16,-9,108,20,Cso,4,6,Beta,2003-01-15
0258,N07E56,7,-56,61,50,Cao,3,5,Beta,2003-01-15
0259,N13E72,13,-72,45,50,Hax,2,2,Alpha,2003-01-15
0247,S16W46,-16,46,150,70,Dso,10,10,Beta,2003-01-16
0249,S14W85,-14,85,189,30,Axx,1,2,Alpha,2003-01-16
0250,S24W24,-24,24,128,150,Cao,5,5,Beta,2003-01-16
0251,S15W14,-15,14,118,50,Cro,8,14,Beta,2003-01-16
0254,S15E04,-15,-4,100,120,Cso,4,5,Beta,2003-01-16
0255,S13W23,-13,23,127,160,Cao,8,13,Beta,2003-01-16
0256,S17E16,-17,-16,88,50,Hsx,2,1,Alpha,2003-01-16
0257,N16W03,16,3,107,20,Cso,5,4,Beta,2003-01-16
0258,N07E44,7,-44,60,60,Cso,9,5,Beta,2003-01-16
0259,N11E58,11,-58,46,30,Hsx,2,3,Alpha,2003-01-16
0260,N14E77,14,-77,27,70,Hsx,3,1,Alpha,2003-01-16
0247,S15W64,-15,64,155,50,Cso,4,3,Beta,2003-01-17
0250,S27W36,-27,36,127,130,Cao,4,4,Beta,2003-01-17
0251,S15W28,-15,28,119,40,Cso,6,7,Beta,2003-01-17
0254,S14W11,-14,11,102,90,Hax,3,1,Alpha,2003-01-17
0255,S13W39,-13,39,130,150,Dso,5,7,Beta,2003-01-17
0256,S16E03,-16,-3,88,40,Hax,2,2,Alpha,2003-01-17
0257,N15W19,15,19,110,10,Axx,1,1,Alpha,2003-01-17
0258,N08E27,8,-27,64,70,Hsx,2,2,Alpha,2003-01-17
0259,N10E41,10,-41,50,40,Cso,7,7,Beta,2003-01-17
0260,N14E65,14,-65,26,70,Hax,2,1,Alpha,2003-01-17
0247,S13W76,-13,76,154,10,Bxo,4,3,Beta,2003-01-18
0250,S26W50,-26,50,128,120,Cao,6,5,Beta,2003-01-18
0251,S16W41,-16,41,119,10,Bxo,5,6,Beta,2003-01-18
0254,S14W24,-14,24,102,110,Hsx,2,1,Alpha,2003-01-18
0255,S12W53,-12,53,131,130,Cao,6,6,Beta,2003-01-18
0256,S16W12,-16,12,90,40,Cao,5,5,Beta,2003-01-18
0257,N16W36,16,36,114,10,Bxo,4,3,Beta,2003-01-18
0258,N07E12,7,-12,66,70,Hsx,2,1,Alpha,2003-01-18
0259,N09E26,9,-26,52,60,Eao,11,17,Beta,2003-01-18
0260,N14E53,14,-53,25,70,Cao,3,3,Beta,2003-01-18
0247,S14W88,-14,88,153,30,Cso,9,4,Beta,2003-01-19
0250,S27W63,-27,63,128,140,Dao,5,8,Beta,2003-01-19
0251,S13W55,-13,55,120,10,Axx,1,2,Alpha,2003-01-19
0254,S14W37,-14,37,102,90,Hax,3,1,Alpha,2003-01-19
0255,S13W67,-13,67,132,110,Hax,2,2,Alpha,2003-01-19
0256,S16W25,-16,25,90,20,Cso,5,6,Beta,2003-01-19
0257,N16W48,16,48,113,20,Cso,6,6,Beta,2003-01-19
0258,N07W01,7,1,66,80,Hax,2,2,Alpha,2003-01-19
0259,N10E12,10,-12,53,70,Dao,10,14,Beta,2003-01-19
0260,N14E40,14,-40,25,30,Hax,2,3,Alpha,2003-01-19
0250,S27W77,-27,77,128,120,Cao,5,7,Beta,2003-01-20
0254,S14W51,-14,51,102,90,Hsx,2,2,Alpha,2003-01-20
0255,S13W81,-13,81,132,130,Hsx,2,1,Alpha,2003-01-20
0256,S16W39,-16,39,90,10,Cro,3,3,Beta,2003-01-20
0257,N16W62,16,62,113,50,Dso,6,4,Beta,2003-01-20
0258,N07W15,7,15,66,100,Hsx,2,2,Alpha,2003-01-20
0259,N10W02,10,2,53,60,Eao,11,19,Beta,2003-01-20
0260,N14E26,14,-26,25,50,Cao,3,10,Beta,2003-01-20
0261,N26W47,26,47,98,40,Cso,4,4,Beta,2003-01-20
0262,S05W45,-5,45,96,50,Dso,4,3,Beta,2003-01-20
0263,S13W11,-13,11,62,10,Axx,2,3,Alpha,2003-01-20
0250,S26W90,-26,90,128,70,Hax,1,1,Alpha,2003-01-21
0254,S14W64,-14,64,102,90,Hsx,2,1,Alpha,2003-01-21
0255,S13W94,-13,94,132,70,Hax,2,1,Alpha,2003-01-21
0257,N16W75,16,75,113,110,Cao,6,5,Beta,2003-01-21
0258,N07W28,7,28,66,70,Hsx,2,2,Alpha,2003-01-21
0259,N10W15,10,15,53,50,Eao,10,10,Beta,2003-01-21
0260,N14E13,14,-13,25,70,Dao,5,10,Beta,2003-01-21
0261,N26W60,26,60,98,40,Cro,5,4,Beta,2003-01-21
0262,S05W60,-5,60,98,10,Axx,1,1,Alpha,2003-01-21
0263,S13W24,-13,24,62,10,Cro,3,3,Beta,2003-01-21
0264,S20W02,-20,2,40,10,Axx,0,1,Alpha,2003-01-21
0265,N04E31,4,-31,7,10,Bxo,3,2,Beta,2003-01-21
0266,S23E56,-23,-56,342,30,Hrx,1,2,Alpha,2003-01-21
0267,S20E77,-20,-77,321,50,Hax,2,1,Alpha,2003-01-21
0254,S14W77,-14,77,102,100,Hsx,2,1,Alpha,2003-01-22
0257,N16W88,16,88,113,80,Dao,4,2,Beta,2003-01-22
0258,N07W41,7,41,66,50,Hsx,1,1,Alpha,2003-01-22
0259,N10W28,10,28,53,20,Cro,7,4,Beta,2003-01-22
0260,N14W00,14,0,25,70,Dao,5,10,Beta,2003-01-22
0261,N26W73,26,73,98,40,Dao,4,3,Beta,2003-01-22
0262,S05W73,-5,73,98,10,Axx,1,1,Alpha,2003-01-22
0263,S13W40,-13,40,65,50,Cao,3,4,Beta,2003-01-22
0266,S23E43,-23,-43,342,100,Dao,6,9,Beta,2003-01-22
0267,S20E64,-20,-64,321,120,Cao,5,5,Beta,2003-01-22
0268,N12E23,12,-23,2,70,Cao,3,3,Beta,2003-01-22
0269,S09E76,-9,-76,309,60,Hax,2,4,Alpha,2003-01-22
0254,S14W90,-14,90,102,60,Hsx,2,1,Alpha,2003-01-23
0258,N07W54,7,54,66,60,Hsx,1,1,Alpha,2003-01-23
0259,N10W34,10,34,53,10,Bxo,3,3,Beta,2003-01-23
0260,N14W13,14,13,25,40,Dso,5,12,Beta,2003-01-23
0263,S13W53,-13,53,65,60,Dso,6,8,Beta,2003-01-23
0266,S23E30,-23,-30,342,80,Eso,11,16,Beta,2003-01-23
0267,S20E51,-20,-51,321,150,Eao,11,10,Beta,2003-01-23
0268,N12E10,12,-10,2,30,Cao,4,9,Beta,2003-01-23
0269,S09E63,-9,-63,309,110,Dso,5,2,Beta,2003-01-23
0258,N08W68,8,68,67,50,Hsx,1,1,Alpha,2003-01-24
0260,N16W26,16,26,25,10,Bxo,3,5,Beta,2003-01-24
0263,S11W68,-11,68,67,150,Dao,6,10,Beta,2003-01-24
0266,S22E13,-22,-13,346,140,Eao,11,17,Beta-Gamma,2003-01-24
0267,S20E43,-20,-43,316,110,Eao,11,9,Beta,2003-01-24
0268,N13W03,13,3,2,80,Cao,4,8,Beta,2003-01-24
0269,S08E52,-8,-52,307,110,Dso,4,3,Beta,2003-01-24
0258,N08W82,8,82,68,60,Hsx,1,1,Alpha,2003-01-25
0260,N16W40,16,40,26,10,Axx,1,1,Alpha,2003-01-25
0263,S11W82,-11,82,68,190,Dao,4,8,Beta,2003-01-25
0266,S19E01,-19,-1,345,140,Eai,14,29,Beta-Gamma,2003-01-25
0267,S19E31,-19,-31,315,130,Eao,12,11,Beta,2003-01-25
0268,N14W17,14,17,3,110,Dao,3,6,Beta-Delta,2003-01-25
0269,S07E39,-7,-39,307,130,Dso,4,3,Beta,2003-01-25
0260,N15W54,15,54,26,0,Axx,0,1,Alpha,2003-01-26
0266,S21W10,-21,10,342,140,Fai,16,28,Beta-Gamma,2003-01-26
0267,S20E16,-20,-16,316,100,Eao,12,13,Beta,2003-01-26
0268,N14W29,14,29,1,130,Dao,5,7,Beta,2003-01-26
0269,S08E25,-8,-25,307,100,Dso,4,4,Beta,2003-01-26
0260,N15W67,15,67,26,0,Axx,0,1,Alpha,2003-01-27
0266,S22W26,-22,26,345,170,Fai,16,21,Beta-Gamma,2003-01-27
0267,S20E03,-20,-3,316,70,Eso,12,12,Beta,2003-01-27
0268,N15W42,15,42,1,100,Dao,5,6,Beta,2003-01-27
0269,S07E12,-7,-12,307,80,Dso,5,3,Beta,2003-01-27
0270,S04W36,-4,36,355,40,Dso,4,3,Beta,2003-01-27
0271,S06W21,-6,21,340,20,Cso,5,4,Beta,2003-01-27
0272,S05E26,-5,-26,293,30,Dso,4,3,Beta,2003-01-27
0266,S21W40,-21,40,346,130,Eao,12,15,Beta-Gamma,2003-01-28
0267,S19W13,-19,13,319,30,Cso,11,7,Beta,2003-01-28
0268,N16W56,16,56,2,60,Cao,4,5,Beta,2003-01-28
0269,S07W02,-7,2,308,80,Dso,6,3,Beta,2003-01-28
0270,S03W50,-3,50,356,20,Cso,4,3,Beta,2003-01-28
0271,S05W35,-5,35,341,30,Dao,6,6,Beta,2003-01-28
0272,S08E11,-8,-11,295,10,Bxo,5,7,Beta,2003-01-28
0273,N06W18,6,18,324,20,Cso,4,8,Beta,2003-01-28
0266,S20W55,-20,55,348,130,Dso,7,6,Beta,2003-01-29
0267,S19W28,-19,28,321,20,Hsx,2,2,Alpha,2003-01-29
0268,N16W72,16,72,5,30,Hrx,2,3,Alpha,2003-01-29
0269,S08W16,-8,16,309,70,Cso,5,3,Beta,2003-01-29
0270,S03W65,-3,65,358,30,Hrx,2,2,Alpha,2003-01-29
0271,S06W49,-6,49,342,40,Cso,6,7,Beta,2003-01-29
0272,S06W02,-6,2,295,30,Dro,6,8,Beta,2003-01-29
0273,N06W33,6,33,326,90,Dso,6,11,Beta,2003-01-29
0274,S06E71,-6,-71,222,50,Hax,2,1,Alpha,2003-01-29
0266,S21W68,-21,68,348,100,Dao,5,7,Beta,2003-01-30
0267,S19W37,-19,37,317,20,Hsx,3,3,Alpha,2003-01-30
0268,N15W84,15,84,4,30,Cso,5,3,Beta,2003-01-30
0269,S07W29,-7,29,309,80,Cso,7,4,Beta,2003-01-30
0270,S04W79,-4,79,359,20,Hsx,1,1,Alpha,2003-01-30
0271,S06W62,-6,62,342,70,Dao,7,7,Beta,2003-01-30
0272,S06W15,-6,15,295,70,Dao,7,25,Beta,2003-01-30
0273,N06W45,6,45,325,110,Dso,7,20,Beta,2003-01-30
0274,S07E57,-7,-57,223,170,Hsx,2,1,Alpha,2003-01-30
0275,S11W08,-11,8,288,10,Cao,2,2,Beta,2003-01-30
0266,S21W83,-21,83,349,60,Hsx,1,1,Alpha,2003-01-31
0267,S17W52,-17,52,318,20,Bxo,9,9,Beta,2003-01-31
0269,S07W45,-7,45,311,60,Hsx,1,1,Alpha,2003-01-31
0271,S06W78,-6,78,344,60,Hsx,2,1,Alpha,2003-01-31
0272,S06W32,-6,32,298,60,Dso,7,12,Beta,2003-01-31
0273,N06W59,6,59,325,120,Dao,8,10,Beta,2003-01-31
0274,S07E45,-7,-45,221,90,Hsx,2,1,Alpha,2003-01-31
0266,S21W95,-21,95,348,70,Hax,2,3,Alpha,2003-02-01
0267,S16W66,-16,66,319,0,Axx,0,1,Alpha,2003-02-01
0269,S06W59,-6,59,312,50,Hsx,2,1,Alpha,2003-02-01
0271,S05W91,-5,91,344,60,Hax,2,2,Alpha,2003-02-01
0272,S05W44,-5,44,297,50,Dso,5,8,Beta,2003-02-01
0273,N07W73,7,73,326,120,Cao,8,10,Beta,2003-02-01
0274,S07E32,-7,-32,221,60,Hsx,2,1,Alpha,2003-02-01
0269,S06W72,-6,72,312,50,Cao,4,2,Beta,2003-02-02
0272,S05W57,-5,57,297,70,Dao,5,9,Beta,2003-02-02
0273,N07W87,7,87,327,90,Cao,6,3,Beta,2003-02-02
0274,S07E18,-7,-18,222,70,Hsx,4,4,Alpha,2003-02-02
0276,S15E78,-15,-78,162,180,Dao,9,7,Beta,2003-02-02
0269,S07W86,-7,86,313,50,Hax,1,1,Alpha,2003-02-03
0272,S04W71,-4,71,298,60,Dao,5,7,Beta,2003-02-03
0274,S06E05,-6,-5,222,80,Dso,5,5,Beta,2003-02-03
0276,S14E66,-14,-66,161,240,Eai,11,8,Beta,2003-02-03
0272,S04W87,-4,87,301,40,Hrx,1,1,Alpha,2003-02-04
0274,S05W09,-5,9,223,130,Dso,7,13,Beta,2003-02-04
0276,S14E54,-14,-54,160,280,Eai,12,25,Beta,2003-02-04
0274,S05W22,-5,22,224,120,Dso,6,9,Beta,2003-02-05
0276,S13E40,-13,-40,162,260,Eai,13,20,Beta-Gamma,2003-02-05
0277,S20E66,-20,-66,136,10,Bxo,3,2,Beta,2003-02-05
0278,N20E77,20,-77,125,80,Dso,9,6,Beta,2003-02-05
0274,S05W37,-5,37,227,110,Dso,7,6,Beta,2003-02-06
0276,S13E27,-13,-27,161,180,Eai,13,21,Beta-Gamma,2003-02-06
0277,S20E54,-20,-54,134,20,Bxo,2,2,Beta,2003-02-06
0278,N19E65,19,-65,122,110,Dso,6,6,Beta,2003-02-06
0279,S10E02,-10,-2,186,10,Bxo,5,4,Beta,2003-02-06
0274,S05W50,-5,50,225,100,Dso,8,3,Beta,2003-02-07
0276,S13E15,-13,-15,160,130,Eai,14,26,Beta,2003-02-07
0277,S18E41,-18,-41,134,20,Bxo,6,7,Beta,2003-02-07
0278,N18E53,18,-53,121,170,Dao,7,16,Beta,2003-02-07
0279,S13W12,-13,12,187,20,Bxo,4,7,Beta,2003-02-07
0280,S08E29,-8,-29,146,40,Dso,4,5,Beta,2003-02-07
0281,S14E73,-14,-73,102,30,Hsx,1,1,Alpha,2003-02-07
0274,S05W63,-5,63,225,100,Cso,7,3,Beta,2003-02-08
0276,S13W01,-13,1,162,90,Esi,14,31,Beta-Gamma,2003-02-08
0277,S19E25,-19,-25,134,20,Hrx,0,1,Beta,2003-02-08
0278,N18E40,18,-40,122,130,Dao,7,21,Beta-Gamma,2003-02-08
0280,S07E16,-7,-16,146,40,Dso,5,9,Beta,2003-02-08
0281,S14E60,-14,-60,102,50,Hax,1,1,Alpha,2003-02-08
0282,N12E35,12,-35,127,20,Bxo,3,4,Beta,2003-02-08
0283,N01E52,1,-52,110,40,Cso,4,3,Beta,2003-02-08
0274,S05W76,-5,76,225,100,Dso,8,3,Beta,2003-02-09
0276,S13W14,-13,14,163,60,Eso,12,14,Beta,2003-02-09
0277,S21E17,-21,-17,132,20,Cro,6,8,Beta,2003-02-09
0278,N18E26,18,-26,123,70,Dso,8,14,Beta,2003-02-09
0279,S12W35,-12,35,184,10,Bxo,2,3,Beta,2003-02-09
0280,S07E00,-7,0,149,40,Dso,4,9,Beta,2003-02-09
0281,S13E46,-13,-46,103,40,Hsx,1,1,Alpha,2003-02-09
0283,N01E38,1,-38,111,50,Dao,6,5,Beta,2003-02-09
0284,N12W14,12,14,163,20,Cro,4,4,Beta,2003-02-09
0285,S10E75,-10,-75,74,60,Hsx,4,1,Alpha,2003-02-09
0274,S05W86,-5,86,222,50,Hsx,2,1,Alpha,2003-02-10
0276,S12W26,-12,26,162,70,Eac,15,28,Beta,2003-02-10
0277,S19E06,-19,-6,130,30,Dso,5,8,Beta,2003-02-10
0278,N17E12,17,-12,124,60,Dao,6,13,Beta,2003-02-10
0280,S07W13,-7,13,149,30,Dso,6,8,Beta,2003-02-10
0281,S15E33,-15,-33,103,30,Hsx,1,1,Alpha,2003-02-10
0282,N11E08,11,-8,128,10,Axx,2,2,Alpha,2003-02-10
0283,N00E25,0,-25,111,50,Dso,7,13,Beta,2003-02-10
0284,N13W26,13,26,162,20,Cso,4,4,Beta,2003-02-10
0285,S11E65,-11,-65,71,70,Hax,2,1,Alpha,2003-02-10
0286,S11W17,-11,17,153,10,Cso,3,5,Beta,2003-02-10
0276,S14W39,-14,39,161,40,Dso,10,16,Beta,2003-02-11
0277,S19W07,-19,7,129,40,Dso,6,12,Beta,2003-02-11
0278,N18W02,18,2,124,40,Dao,4,11,Beta,2003-02-11
0280,S05W28,-5,28,150,30,Dso,7,9,Beta,2003-02-11
0281,S14E20,-14,-20,102,30,Hsx,1,2,Alpha,2003-02-11
0282,N11W06,11,6,128,10,Axx,0,2,Alpha,2003-02-11
0283,N01E13,1,-13,109,30,Dso,6,5,Beta,2003-02-11
0284,N14W41,14,41,163,0,Axx,0,1,Alpha,2003-02-11
0285,S11E51,-11,-51,71,70,Cao,3,2,Beta,2003-02-11
0286,S13W32,-13,32,154,0,Bxo,3,3,Beta,2003-02-11
0276,S14W51,-14,51,160,30,Dso,6,4,Beta,2003-02-12
0277,S18W21,-18,21,130,30,Dso,6,11,Beta,2003-02-12
0278,N18W16,18,16,125,30,Cso,3,7,Beta,2003-02-12
0280,S06W42,-6,42,151,30,Dso,4,8,Beta,2003-02-12
0281,S15E07,-15,-7,102,20,Hsx,2,2,Alpha,2003-02-12
0282,N10W19,10,19,128,30,Hrx,2,4,Alpha,2003-02-12
0283,N00E00,0,0,109,20,Dso,6,5,Beta,2003-02-12
0284,N12W58,12,58,167,0,Axx,0,1,Alpha,2003-02-12
0285,S11E38,-11,-38,71,60,Cao,3,2,Beta,2003-02-12
0276,S14W64,-14,64,160,60,Cso,7,6,Beta,2003-02-13
0277,S18W34,-18,34,130,30,Dso,9,9,Beta,2003-02-13
0278,N18W29,18,29,125,20,Hsx,2,2,Alpha,2003-02-13
0280,S06W55,-6,55,151,20,Cro,4,5,Beta,2003-02-13
0281,S15W06,-15,6,102,20,Hsx,1,1,Alpha,2003-02-13
0282,N10W32,10,32,128,40,Dao,5,9,Beta,2003-02-13
0283,N00W13,0,13,109,20,Cso,4,5,Beta,2003-02-13
0285,S11E25,-11,-25,71,50,Cso,4,2,Beta,2003-02-13
0276,S14W77,-14,77,160,70,Cao,6,5,Beta,2003-02-14
0277,S18W47,-18,47,130,20,Bxo,5,5,Beta,2003-02-14
0278,N18W42,18,42,125,20,Hsx,1,1,Alpha,2003-02-14
0280,S06W68,-6,68,151,40,Cso,3,4,Beta,2003-02-14
0281,S15W19,-15,19,102,10,Hsx,1,1,Alpha,2003-02-14
0282,N10W45,10,45,128,50,Dso,6,11,Beta,2003-02-14
0283,N00W26,0,26,109,10,Axx,2,3,Alpha,2003-02-14
0285,S11E12,-11,-12,71,30,Cao,3,3,Beta,2003-02-14
0276,S14W90,-14,90,160,100,Dao,7,4,Beta,2003-02-15
0277,S18W60,-18,60,130,20,Cro,4,4,Beta,2003-02-15
0278,N18W55,18,55,125,30,Cao,5,5,Beta,2003-02-15
0281,S15W32,-15,32,102,10,Hsx,1,1,Alpha,2003-02-15
0282,N10W58,10,58,128,50,Dso,8,7,Beta,2003-02-15
0283,N00W39,0,39,109,20,Cso,5,4,Beta,2003-02-15
0285,S11W01,-11,1,71,30,Cao,4,4,Beta,2003-02-15
0287,N12W50,12,50,120,20,Cro,3,4,Beta,2003-02-15
0278,N18W68,18,68,125,10,Axx,1,2,Alpha,2003-02-16
0281,S15W45,-15,45,102,10,Hsx,2,3,Alpha,2003-02-16
0282,N10W71,10,71,128,100,Dao,5,3,Beta,2003-02-16
0283,N00W52,0,52,109,20,Cro,5,5,Beta,2003-02-16
0285,S11W14,-11,14,71,20,Bxo,6,8,Beta,2003-02-16
0287,N12W63,12,63,120,40,Hax,2,4,Alpha,2003-02-16
0288,N12E72,12,-72,345,10,Hsx,1,1,Alpha,2003-02-16
0282,N11W82,11,82,125,40,Cao,7,3,Beta,2003-02-17
0285,S12W27,-12,27,70,10,Cso,3,4,Beta,2003-02-17
0288,N11E59,11,-59,344,50,Dso,6,4,Beta,2003-02-17
0288,N12E44,12,-44,346,50,Dso,7,6,Beta,2003-02-18
0288,N12E32,12,-32,345,30,Dso,7,10,Beta,2003-02-19
0289,N11W52,11,52,69,20,Cao,5,7,Beta,2003-02-19
0290,N17E46,17,-46,331,10,Cro,9,4,Beta,2003-02-19
0288,N13E15,13,-15,349,20,Hsx,2,4,Alpha,2003-02-20
0289,N09W66,9,66,70,140,Dko,8,10,Beta,2003-02-20
0290,N18E31,18,-31,333,80,Dso,10,13,Beta-Gamma,2003-02-20
0288,N13E01,13,-1,350,50,Cso,5,6,Beta,2003-02-21
0289,N10W81,10,81,72,230,Dao,10,8,Beta,2003-02-21
0290,N17E18,17,-18,333,310,Eai,11,22,Beta-Gamma,2003-02-21
0288,N13W10,13,10,346,60,Cso,8,6,Beta,2003-02-22
0289,N09W91,9,91,67,80,Dso,6,5,Beta,2003-02-22
0290,N17E05,17,-5,331,360,Eki,12,29,Beta-Gamma,2003-02-22
0291,S23E03,-23,-3,333,20,Cso,4,7,Beta,2003-02-22
0288,N14W27,14,27,350,30,Hsx,1,1,Alpha,2003-02-23
0290,N18W06,18,6,329,350,Eki,11,19,Beta-Gamma,2003-02-23
0291,S23W08,-23,8,331,20,Cso,4,3,Beta,2003-02-23
0288,N14W40,14,40,350,40,Hsx,2,1,Alpha,2003-02-24
0290,N18W21,18,21,331,340,Eki,12,20,Beta-Gamma,2003-02-24
0288,N15W54,15,54,351,30,Hsx,1,1,Alpha,2003-02-25
0290,N18W33,18,33,330,240,Eai,13,23,Beta-Gamma,2003-02-25
0288,N16W66,16,66,350,40,Hsx,1,1,Alpha,2003-02-26
0290,N18W47,18,47,331,140,Eao,11,10,Beta,2003-02-26
0292,S08W14,-8,14,298,30,Dao,4,7,Beta,2003-02-26
0288,N16W81,16,81,351,50,Hsx,1,1,Alpha,2003-02-27
0290,N18W60,18,60,330,140,Dao,8,7,Beta,2003-02-27
0292,S08W28,-8,28,298,30,Cso,6,7,Beta,2003-02-27
0288,N14W94,14,94,351,30,Hsx,2,1,Alpha,2003-02-28
0290,N18W75,18,75,332,80,Cao,5,6,Beta,2003-02-28
0292,S07W42,-7,42,299,20,Cso,4,3,Beta,2003-02-28
0293,S21E26,-21,-26,231,10,Bxo,3,3,Beta,2003-02-28
0294,S08E42,-8,-42,215,40,Cao,4,6,Beta,2003-02-28
0295,S19E65,-19,-65,192,70,Cao,6,3,Beta,2003-02-28
0290,N18W89,18,89,333,50,Hsx,2,1,Alpha,2003-03-01
0292,S07W58,-7,58,302,10,Axx,1,1,Alpha,2003-03-01
0293,S19E19,-19,-19,223,20,Dso,4,3,Beta,2003-03-01
0294,S07E29,-7,-29,215,70,Dso,5,6,Beta,2003-03-01
0295,S17E55,-17,-55,189,90,Cso,5,4,Beta,2003-03-01
0296,N12E73,12,-73,171,270,Dho,4,2,Beta,2003-03-01
0293,S17E02,-17,-2,229,10,Bxo,3,3,Beta,2003-03-02
0294,S07E15,-7,-15,216,30,Bxo,5,6,Beta,2003-03-02
0295,S17E41,-17,-41,190,70,Hsx,2,1,Alpha,2003-03-02
0296,N12E62,12,-62,169,640,Dko,10,8,Beta,2003-03-02
0297,S15E67,-15,-67,165,100,Bxo,8,5,Beta,2003-03-02
0292,S09W80,-9,80,297,100,Dso,7,4,Beta,2003-03-03
0294,S07E00,-7,0,218,30,Hsx,1,1,Alpha,2003-03-03
0295,S18E27,-18,-27,192,70,Hsx,2,1,Alpha,2003-03-03
0296,N11E48,11,-48,169,590,Eho,11,7,Beta,2003-03-03
0297,S16E56,-16,-56,162,50,Dso,5,4,Beta,2003-03-03
0292,S09W92,-9,92,297,80,Dao,4,5,Beta,2003-03-04
0294,S07W13,-7,13,218,30,Bxo,5,12,Beta,2003-03-04
0295,S18E14,-18,-14,192,50,Cso,5,6,Beta,2003-03-04
0296,N11E35,11,-35,170,600,Dki,9,20,Beta-Gamma,2003-03-04
0297,S16E43,-16,-43,162,40,Dao,5,4,Beta,2003-03-04
0298,S08E18,-8,-18,187,20,Dso,3,5,Beta,2003-03-04
0299,N12E47,12,-47,158,70,Cao,5,3,Beta,2003-03-04
0300,N16E66,16,-66,139,10,Axx,1,1,Alpha,2003-03-04
0294,S08W26,-8,26,217,20,Dso,5,6,Beta,2003-03-05
0295,S18E01,-18,-1,190,60,Cao,3,7,Beta,2003-03-05
0296,N11E21,11,-21,170,650,Dki,10,23,Beta-Gamma,2003-03-05
0297,S16E28,-16,-28,163,50,Dso,5,4,Beta,2003-03-05
0298,S09E04,-9,-4,187,30,Dso,4,7,Beta,2003-03-05
0299,N12E34,12,-34,157,40,Cso,5,4,Beta,2003-03-05
0300,N16E53,16,-53,138,30,Hsx,1,1,Alpha,2003-03-05
0301,N21E36,21,-36,155,30,Cro,5,4,Beta,2003-03-05
0302,N19E62,19,-62,129,20,Hsx,1,1,Alpha,2003-03-05
0295,S18W12,-18,12,190,90,Dao,3,6,Beta,2003-03-06
0296,N11E08,11,-8,170,560,Dki,9,22,Beta-Gamma,2003-03-06
0297,S15E13,-15,-13,165,30,Dso,4,5,Beta,2003-03-06
0298,S08W08,-8,8,186,20,Dro,6,5,Beta,2003-03-06
0299,N12E20,12,-20,158,20,Cro,5,7,Beta,2003-03-06
0300,N16E38,16,-38,140,10,Hrx,1,1,Alpha,2003-03-06
0301,N22E22,22,-22,156,40,Dao,6,9,Beta,2003-03-06
0302,N19E50,19,-50,128,20,Cro,4,3,Beta,2003-03-06
0294,S10W54,-10,54,219,20,Axx,1,1,Alpha,2003-03-07
0295,S18W25,-18,25,190,40,Dao,2,4,Beta,2003-03-07
0296,N12W05,12,5,170,470,Dki,7,14,Beta-Gamma,2003-03-07
0297,S15E00,-15,0,165,30,Dao,7,6,Beta,2003-03-07
0299,N13E06,13,-6,159,30,Cro,9,15,Beta,2003-03-07
0300,N17E25,17,-25,140,10,Axx,1,2,Alpha,2003-03-07
0301,N22E08,22,-8,157,40,Dao,7,8,Beta,2003-03-07
0302,N20E35,20,-35,130,20,Cro,2,2,Beta,2003-03-07
0295,S17W38,-17,38,190,20,Cso,3,3,Beta,2003-03-08
0296,N13W18,13,18,170,440,Dko,8,17,Beta-Gamma,2003-03-08
0297,S14W12,-14,12,164,30,Cso,7,5,Beta,2003-03-08
0299,N14W08,14,8,160,30,Dso,6,14,Beta,2003-03-08
0300,N16E14,16,-14,138,10,Bxo,7,3,Beta,2003-03-08
0301,N22W05,22,5,157,50,Dao,8,12,Beta,2003-03-08
0302,N20E23,20,-23,129,20,Cao,4,5,Beta,2003-03-08
0303,S18W47,-18,47,199,10,Cso,5,3,Beta,2003-03-08
0304,S13W16,-13,16,168,40,Dso,8,12,Beta,2003-03-08
0305,S22E27,-22,-27,125,30,Dso,3,6,Beta,2003-03-08
0306,N05E76,5,-76,76,280,Hhx,4,1,Alpha,2003-03-08
0295,S17W51,-17,51,190,10,Bxo,3,2,Beta,2003-03-09
0296,N13W31,13,31,170,440,Dko,7,14,Beta-Gamma,2003-03-09
0297,S14W25,-14,25,164,20,Bxo,5,8,Beta,2003-03-09
0299,N14W21,14,21,160,30,Bxo,6,13,Beta,2003-03-09
0301,N22W18,22,18,157,50,Dao,8,10,Beta,2003-03-09
0302,N20E10,20,-10,129,20,Bxo,5,5,Beta,2003-03-09
0303,S18W60,-18,60,199,10,Bxo,4,2,Beta,2003-03-09
0304,S13W29,-13,29,168,50,Dao,6,11,Beta,2003-03-09
0305,S22E14,-22,-14,125,50,Dso,6,13,Beta,2003-03-09
0306,N05E63,5,-63,76,470,Hhx,4,1,Alpha,2003-03-09
0307,S26W02,-26,2,141,10,Bxo,3,3,Beta,2003-03-09
0308,N08E75,8,-75,64,60,Hax,2,1,Alpha,2003-03-09
0296,N12W45,12,45,170,440,Dko,9,11,Beta-Gamma,2003-03-10
0297,S13W39,-13,39,164,20,Cao,8,6,Beta,2003-03-10
0299,N14W35,14,35,160,30,Cro,5,7,Beta,2003-03-10
0301,N22W32,22,32,157,30,Cso,5,5,Beta,2003-03-10
0302,N20W04,20,4,129,10,Bxo,3,2,Beta,2003-03-10
0304,S11W43,-11,43,168,70,Dao,7,19,Beta,2003-03-10
0305,S22E00,-22,0,125,90,Dao,7,17,Beta,2003-03-10
0306,N05E47,5,-47,76,540,Dko,6,7,Beta,2003-03-10
0307,S26W16,-26,16,141,10,Axx,2,2,Alpha,2003-03-10
0308,N08E61,8,-61,64,80,Cao,3,3,Beta,2003-03-10
0309,N05W77,5,77,202,40,Dso,5,5,Beta,2003-03-10
0310,S16W49,-16,49,174,30,Cso,5,6,Beta,2003-03-10
0311,S16E45,-16,-45,80,20,Cso,4,4,Beta,2003-03-10
0296,N12W58,12,58,170,400,Cho,4,2,Beta-Gamma,2003-03-11
0297,S13W52,-13,52,164,10,Axx,1,1,Alpha,2003-03-11
0299,N14W48,14,48,160,30,Cso,3,4,Beta,2003-03-11
0300,N16W26,16,26,138,20,Bxo,5,6,Beta,2003-03-11
0301,N22W45,22,45,157,20,Bxo,4,4,Beta,2003-03-11
0302,N20W17,20,17,129,20,Cao,4,4,Beta,2003-03-11
0304,S11W56,-11,56,168,60,Dao,6,13,Beta,2003-03-11
0305,S22W13,-22,13,125,40,Dso,7,15,Beta,2003-03-11
0306,N05E34,5,-34,76,510,Cko,6,8,Beta,2003-03-11
0308,N08E48,8,-48,64,30,Hax,1,1,Alpha,2003-03-11
0309,N05W90,5,90,202,20,Hsx,1,1,Alpha,2003-03-11
0310,S16W62,-16,62,174,10,Bxo,3,2,Beta,2003-03-11
0311,S16E32,-16,-32,80,70,Dao,5,12,Beta,2003-03-11
0312,N09W25,9,25,137,0,Axx,1,1,Alpha,2003-03-11
0296,N12W71,12,71,170,290,Hhx,3,1,Alpha,2003-03-12
0300,N16W39,16,39,138,30,Dao,4,9,Beta,2003-03-12
0302,N20W30,20,30,129,20,Cro,3,3,Beta,2003-03-12
0304,S11W69,-11,69,168,50,Dso,5,9,Beta,2003-03-12
0305,S22W26,-22,26,125,80,Bxo,7,5,Beta,2003-03-12
0306,N05E21,5,-21,78,520,Dko,5,6,Beta,2003-03-12
0308,N08E35,8,-35,64,20,Hsx,1,2,Alpha,2003-03-12
0311,S16E19,-16,-19,80,70,Dai,7,16,Beta,2003-03-12
0312,N09W38,9,38,137,0,Axx,0,1,Alpha,2003-03-12
0296,N12W85,12,85,172,220,Hhx,3,1,Alpha,2003-03-13
0297,S11W80,-11,80,167,10,Axx,1,2,Beta,2003-03-13
0300,N16W51,16,51,138,40,Cao,6,9,Beta,2003-03-13
0304,S13W86,-13,86,173,20,Hsx,2,6,Alpha,2003-03-13
0306,N06E08,6,-8,79,590,Dko,6,8,Beta,2003-03-13
0308,N10E21,10,-21,66,10,Hrx,1,1,Alpha,2003-03-13
0311,S12E05,-12,-5,82,100,Dso,7,12,Beta,2003-03-13
0300,N16W65,16,65,139,50,Hax,1,1,Alpha,2003-03-14
0306,N07W05,7,5,79,570,Cko,7,15,Beta-Gamma,2003-03-14
0308,N10E06,10,-6,68,10,Bxo,3,2,Beta,2003-03-14
0311,S12W08,-12,8,82,110,Dao,7,12,Beta,2003-03-14
0313,N32E00,32,0,74,30,Cso,6,8,Beta,2003-03-14
0300,N17W81,17,81,142,20,Axx,1,2,Alpha,2003-03-15
0306,N07W19,7,19,80,580,Dko,8,16,Beta-Gamma,2003-03-15
0308,N11W07,11,7,68,10,Bxo,1,3,Beta,2003-03-15
0311,S13W22,-13,22,83,80,Dao,6,13,Beta,2003-03-15
0313,N33W14,33,14,75,70,Dao,6,6,Beta,2003-03-15
0314,S14E00,-14,0,61,80,Dso,7,14,Beta-Gamma,2003-03-15
0306,N07W33,7,33,80,640,Dko,6,15,Beta-Gamma,2003-03-16
0308,N10W20,10,20,67,10,Cro,3,5,Beta,2003-03-16
0311,S12W36,-12,36,83,60,Cao,5,11,Beta,2003-03-16
0313,N33W26,33,26,73,60,Dso,7,4,Beta,2003-03-16
0314,S13W14,-13,14,61,220,Eao,11,27,Beta-Gamma,2003-03-16
0315,N03W74,3,74,121,20,Axx,1,2,Alpha,2003-03-16
0306,N08W45,8,45,79,630,Dko,7,12,Beta-Gamma,2003-03-17
0308,N11W33,11,33,67,20,Bxo,3,4,Beta,2003-03-17
0311,S10W50,-10,50,84,50,Cao,4,7,Beta,2003-03-17
0313,N33W38,33,38,72,50,Dao,7,5,Beta,2003-03-17
0314,S14W26,-14,26,60,380,Eki,11,31,Beta-Gamma-Delta,2003-03-17
0315,N02W86,2,86,120,10,Axx,1,2,Alpha,2003-03-17
0306,N06W60,6,60,81,600,Dko,7,8,Beta-Gamma,2003-03-18
0311,S10W64,-10,64,85,20,Hrx,1,2,Alpha,2003-03-18
0313,N30W53,30,53,74,10,Axx,2,3,Alpha,2003-03-18
0314,S16W39,-16,39,60,450,Eki,13,27,Beta-Gamma-Delta,2003-03-18
0306,N07W72,7,72,80,460,Dko,6,3,Beta-Gamma,2003-03-19
0311,S12W76,-12,76,84,20,Hrx,2,2,Alpha,2003-03-19
0314,S16W52,-16,52,60,500,Eki,14,16,Beta-Gamma-Delta,2003-03-19
0316,S12E66,-12,-66,302,30,Cro,3,3,Beta,2003-03-19
0306,N08W88,8,88,83,260,Cko,7,3,Beta,2003-03-20
0314,S13W66,-13,66,61,370,Eki,14,17,Beta-Gamma-Delta,2003-03-20
0316,S12E52,-12,-52,303,20,Cso,4,3,Beta,2003-03-20
0314,S13W80,-13,80,61,360,Eao,14,10,Beta-Gamma,2003-03-21
0316,S13E38,-13,-38,303,20,Hsx,1,1,Alpha,2003-03-21
0317,N04E03,4,-3,338,20,Cso,4,4,Beta,2003-03-21
0314,S13W94,-13,94,62,180,Eao,12,7,Beta-Gamma,2003-03-22
0316,S11E24,-11,-24,304,10,Hsx,1,1,Alpha,2003-03-22
0317,N04W12,4,12,340,10,Axx,1,2,Alpha,2003-03-22
0316,S11E11,-11,-11,304,10,Cso,3,3,Beta,2003-03-23
0317,N04W25,4,25,340,20,Bxo,3,3,Beta,2003-03-23
0318,S16E74,-16,-74,241,40,Cao,5,4,Beta,2003-03-23
0316,S11W02,-11,2,304,10,Cro,2,2,Beta,2003-03-24
0318,S15E62,-15,-62,240,70,Cao,8,6,Beta,2003-03-24
0319,N13E53,13,-53,249,30,Cao,5,5,Beta,2003-03-24
0318,S15E49,-15,-49,240,60,Cao,7,7,Beta,2003-03-25
0319,N13E40,13,-40,249,40,Dso,9,9,Beta,2003-03-25
0320,N05E07,5,-7,282,30,Dso,4,5,Beta,2003-03-25
0321,N05E78,5,-78,211,60,Dao,10,3,Beta,2003-03-25
0318,S15E36,-15,-36,240,40,Dso,3,3,Beta,2003-03-26
0319,N13E27,13,-27,249,70,Dsi,9,10,Beta,2003-03-26
0320,N05W06,5,6,282,20,Bxo,6,5,Beta,2003-03-26
0321,N05E65,5,-65,211,290,Dko,10,8,Beta,2003-03-26
0322,N19W72,19,72,348,40,Hsx,1,1,Alpha,2003-03-26
0323,S07E55,-7,-55,221,20,Cso,3,2,Beta,2003-03-26
0318,S15E22,-15,-22,240,40,Dao,10,10,Beta,2003-03-27
0319,N13E13,13,-13,249,120,Dai,8,17,Beta,2003-03-27
0320,N05W20,5,20,282,20,Hsx,2,5,Alpha,2003-03-27
0321,N05E51,5,-51,211,350,Dki,10,15,Beta-Gamma,2003-03-27
0322,N19W86,19,86,348,60,Hax,2,2,Alpha,2003-03-27
0323,S07E41,-7,-41,221,50,Dso,6,7,Beta,2003-03-27
0318,S15E09,-15,-9,240,30,Dro,8,7,Beta,2003-03-28
0319,N13W01,13,1,250,340,Dki,9,30,Beta-Gamma,2003-03-28
0320,N05W33,5,33,282,20,Bxo,5,6,Beta,2003-03-28
0321,N05E34,5,-34,211,320,Eac,12,29,Beta-Gamma-Delta,2003-03-28
0323,S07E28,-7,-28,221,40,Cso,7,8,Beta,2003-03-28
0324,S16E68,-16,-68,181,80,Dao,3,5,Beta,2003-03-28
0325,N12E80,12,-80,169,200,Hhx,3,1,Alpha,2003-03-28
0318,S15W06,-15,6,242,30,Dso,7,11,Beta,2003-03-29
0319,N12W18,12,18,254,440,Eki,11,32,Beta-Gamma,2003-03-29
0320,N06W48,6,48,284,30,Cso,5,11,Beta,2003-03-29
0321,N04E21,4,-21,215,370,Eac,12,38,Beta-Gamma,2003-03-29
0323,S09E11,-9,-11,225,30,Dso,8,12,Beta,2003-03-29
0324,S14E53,-14,-53,183,60,Dao,5,3,Beta,2003-03-29
0325,N12E65,12,-65,171,260,Hhx,6,1,Alpha,2003-03-29
0326,S12E74,-12,-74,162,60,Hsx,3,1,Alpha,2003-03-29
0318,S14W20,-14,20,243,90,Dao,6,14,Beta,2003-03-30
0319,N12W30,12,30,253,300,Cao,11,13,Beta,2003-03-30
0320,N07W63,7,63,286,40,Cso,6,6,Beta,2003-03-30
0321,N04E11,4,-11,212,200,Dai,9,17,Beta,2003-03-30
0323,S08W01,-8,1,224,120,Dsi,9,20,Beta,2003-03-30
0324,S14E41,-14,-41,182,20,Bxo,4,3,Beta,2003-03-30
0325,N13E54,13,-54,169,300,Hax,3,1,Alpha,2003-03-30
0326,S13E62,-13,-62,161,50,Hsx,1,1,Alpha,2003-03-30
0318,S13W34,-13,34,244,60,Dai,9,14,Beta,2003-03-31
0319,N13W42,13,42,252,250,Eao,12,11,Beta-Gamma,2003-03-31
0320,N06W74,6,74,284,100,Cao,6,4,Beta,2003-03-31
0321,N05W03,5,3,213,210,Ehi,11,25,Beta,2003-03-31
0323,S08W15,-8,15,225,230,Dai,9,24,Beta-Gamma,2003-03-31
0324,S13E23,-13,-23,187,50,Eso,11,11,Beta,2003-03-31
0325,N13E40,13,-40,170,320,Hkx,5,5,Alpha,2003-03-31
0326,S13E49,-13,-49,161,50,Hsx,1,2,Alpha,2003-03-31
0318,S13W49,-13,49,245,50,Dao,8,8,Beta,2003-04-01
0319,N13W57,13,57,253,130,Dao,9,5,Beta,2003-04-01
0321,N06W16,6,16,212,140,Eai,11,17,Beta-Gamma,2003-04-01
0323,S08W29,-8,29,225,310,Eki,11,21,Beta-Gamma,2003-04-01
0324,S12E06,-12,-6,190,20,Cao,5,9,Beta,2003-04-01
0325,N12E26,12,-26,170,330,Dho,6,9,Beta,2003-04-01
0326,S13E32,-13,-32,164,40,Hsx,1,1,Alpha,2003-04-01
0327,S07W12,-7,12,208,20,Bxo,3,4,Beta,2003-04-01
0328,S03E14,-3,-14,182,0,Axx,1,1,Alpha,2003-04-01
0318,S12W65,-12,65,248,30,Cro,5,4,Beta,2003-04-02
0319,N12W74,12,74,257,130,Hax,3,2,Alpha,2003-04-02
0321,N06W29,6,29,212,100,Dao,10,16,Beta,2003-04-02
0323,S08W43,-8,43,226,350,Eac,11,22,Beta-Gamma,2003-04-02
0324,S11W08,-11,8,191,60,Dao,6,11,Beta,2003-04-02
0325,N12E14,12,-14,169,310,Cko,9,8,Beta,2003-04-02
0326,S13E21,-13,-21,162,30,Hsx,1,1,Alpha,2003-04-02
0327,S06W25,-6,25,208,30,Dao,4,3,Beta,2003-04-02
0328,S13E02,-13,-2,181,10,Hsx,3,4,Beta,2003-04-02
0318,S13W76,-13,76,246,30,Hrx,1,1,Alpha,2003-04-03
0319,N12W88,12,88,258,120,Hsx,2,2,Alpha,2003-04-03
0321,N07W40,7,40,210,180,Dao,6,14,Beta,2003-04-03
0323,S07W56,-7,56,226,270,Eai,11,26,Beta-Gamma,2003-04-03
0324,S12W21,-12,21,191,120,Dao,7,22,Beta,2003-04-03
0325,N10E05,10,-5,165,360,Ehi,13,21,Beta,2003-04-03
0326,S11E09,-11,-9,161,30,Hsx,1,2,Alpha,2003-04-03
0327,S05W38,-5,38,208,30,Cro,4,6,Beta,2003-04-03
0328,S12W13,-12,13,183,10,Axx,3,5,Alpha,2003-04-03
0321,N08W54,8,54,211,140,Dao,7,11,Beta,2003-04-04
0323,S07W70,-7,70,227,240,Eao,13,16,Beta,2003-04-04
0324,S11W35,-11,35,192,200,Dai,8,21,Beta-Gamma,2003-04-04
0325,N11W09,11,9,166,360,Dko,10,11,Beta,2003-04-04
0326,S11W04,-11,4,161,30,Cso,6,4,Beta,2003-04-04
0327,S04W53,-4,53,210,30,Cao,5,6,Beta,2003-04-04
0329,N01E18,1,-18,139,20,Cso,3,4,Beta,2003-04-04
0330,N07E74,7,-74,83,140,Hhx,4,1,Alpha,2003-04-04
0321,N08W68,8,68,212,200,Dai,7,13,Beta,2003-04-05
0323,S07W87,-7,87,231,90,Cso,7,7,Beta,2003-04-05
0324,S11W45,-11,45,189,340,Dac,10,34,Beta-Gamma-Delta,2003-04-05
0325,N12W24,12,24,168,310,Cko,7,7,Beta,2003-04-05
0326,S11W17,-11,17,161,20,Hsx,1,2,Alpha,2003-04-05
0327,S06W76,-6,76,220,10,Axx,1,2,Alpha,2003-04-05
0329,N02E04,2,-4,140,20,Cso,4,2,Beta,2003-04-05
0330,N07E62,7,-62,82,330,Hhx,4,1,Alpha,2003-04-05
0321,N09W83,9,83,213,110,Dai,7,6,Beta,2003-04-06
0324,S11W62,-11,62,192,240,Dai,10,19,Beta-Gamma-Delta,2003-04-06
0325,N13W38,13,38,168,340,Hkx,4,2,Alpha,2003-04-06
0326,S11W31,-11,31,161,10,Axx,1,2,Alpha,2003-04-06
0330,N07E49,7,-49,81,400,Hkx,3,1,Alpha,2003-04-06
0331,S07W09,-7,9,139,10,Bxo,4,4,Beta,2003-04-06
0324,S12W74,-12,74,191,120,Dai,9,10,Beta-Gamma,2003-04-07
0325,N13W49,13,49,166,250,Cko,6,7,Beta,2003-04-07
0326,S11W44,-11,44,161,10,Hsx,1,1,Alpha,2003-04-07
0330,N07E38,7,-38,79,380,Dko,6,3,Beta,2003-04-07
0331,S07W22,-7,22,139,40,Dso,6,4,Beta,2003-04-07
0324,S13W85,-13,85,189,40,Hsx,1,1,Alpha,2003-04-08
0325,N15W63,15,63,167,300,Cho,3,3,Beta,2003-04-08
0326,S10W57,-10,57,161,10,Hsx,1,1,Alpha,2003-04-08
0330,N07E24,7,-24,80,330,Cko,7,5,Beta,2003-04-08
0331,S07W34,-7,34,138,30,Cao,5,6,Beta,2003-04-08
0332,N11E58,11,-58,46,20,Hsx,1,1,Alpha,2003-04-08
0325,N14W77,14,77,168,270,Dso,4,2,Alpha,2003-04-09
0330,N07E10,7,-10,81,390,Cko,6,7,Beta-Gamma,2003-04-09
0331,S08W48,-8,48,139,20,Hsx,1,1,Alpha,2003-04-09
0332,N11E45,11,-45,46,20,Bxo,1,2,Alpha,2003-04-09
0325,N15W92,15,92,170,100,Dso,4,3,Beta,2003-04-10
0326,S12W78,-12,78,156,90,Dao,7,4,Beta,2003-04-10
0330,N08W02,8,2,80,420,Dko,6,14,Beta-Gamma,2003-04-10
0331,S08W62,-8,62,140,10,Axx,2,2,Alpha,2003-04-10
0332,N11E31,11,-31,47,30,Cso,2,3,Beta,2003-04-10
0333,N11W36,11,36,114,10,Axx,2,2,Alpha,2003-04-10
0330,N07W16,7,16,81,380,Chi,6,16,Beta,2003-04-11
0331,S08W74,-8,74,139,20,Cro,4,2,Beta,2003-04-11
0332,N11E18,11,-18,47,10,Axx,1,2,Alpha,2003-04-11
0334,S08E69,-8,-69,356,110,Cao,3,6,Beta,2003-04-11
0330,N07W31,7,31,82,360,Cho,6,13,Beta,2003-04-12
0332,N10E04,10,-4,47,0,Axx,1,2,Alpha,2003-04-12
0334,S08E55,-8,-55,356,120,Cao,3,4,Beta,2003-04-12
0330,N07W43,7,43,81,340,Dho,6,18,Beta,2003-04-13
0332,N12W07,12,7,45,10,Cso,3,6,Beta,2003-04-13
0334,S08E43,-8,-43,355,110,Cao,3,6,Beta,2003-04-13
0330,N07W57,7,57,82,330,Dho,6,9,Beta,2003-04-14
0332,N12W20,12,20,45,20,Cso,2,4,Beta,2003-04-14
0334,S08E29,-8,-29,356,100,Cao,3,5,Beta,2003-04-14
0335,S21E56,-21,-56,329,40,Cso,3,3,Beta,2003-04-14
0330,N08W71,8,71,83,300,Cho,6,6,Beta,2003-04-15
0332,N12W33,12,33,45,20,Cso,4,7,Beta,2003-04-15
0334,S08E16,-8,-16,356,70,Cso,4,7,Beta,2003-04-15
0335,S21E42,-21,-42,330,40,Dso,3,3,Beta,2003-04-15
0330,N09W86,9,86,85,200,Hhx,4,1,Alpha,2003-04-16
0332,N12W47,12,47,46,30,Cro,3,4,Beta,2003-04-16
0334,S08E02,-8,-2,357,60,Cso,4,7,Beta,2003-04-16
0335,S22E28,-22,-28,331,30,Dso,2,2,Beta,2003-04-16
0334,S10W12,-10,12,357,60,Cao,4,5,Beta,2003-04-17
0335,S21E20,-21,-20,325,20,Cao,7,15,Beta,2003-04-17
0334,S08W24,-8,24,356,60,Dso,4,4,Beta,2003-04-18
0335,S22E06,-22,-6,326,10,Bxo,6,2,Beta,2003-04-18
0336,N12E75,12,-75,257,100,Hsx,2,1,Alpha,2003-04-18
0334,S08W38,-8,38,357,60,Hsx,2,1,Alpha,2003-04-19
0335,S22W09,-22,9,328,20,Bxo,6,7,Beta,2003-04-19
0336,N13E62,13,-62,257,160,Hax,2,1,Alpha,2003-04-19
0337,S12E74,-12,-74,245,180,Hkx,3,2,Alpha,2003-04-19
0334,S07W51,-7,51,357,30,Hsx,2,1,Alpha,2003-04-20
0335,S21W21,-21,21,327,30,Bxo,4,7,Beta,2003-04-20
0336,N13E50,13,-50,256,120,Hax,3,1,Alpha,2003-04-20
0337,S14E66,-14,-66,239,240,Cao,9,6,Beta,2003-04-20
0338,N18E26,18,-26,280,20,Bxo,11,4,Beta,2003-04-20
0334,S07W65,-7,65,358,30,Hsx,1,1,Alpha,2003-04-21
0335,S23W33,-23,33,326,20,Bxo,4,6,Beta,2003-04-21
0336,N13E37,13,-37,256,150,Hax,3,2,Alpha,2003-04-21
0337,S14E55,-14,-55,238,340,Dko,10,10,Beta,2003-04-21
0338,N18E09,18,-9,284,40,Dso,8,8,Beta,2003-04-21
0339,N18W45,18,45,338,20,Cso,5,6,Beta-Gamma,2003-04-21
0334,S07W78,-7,78,358,20,Hsx,2,1,Alpha,2003-04-22
0335,S24W43,-24,43,323,10,Cro,3,3,Beta,2003-04-22
0336,N13E23,13,-23,257,120,Cao,4,5,Beta,2003-04-22
0337,S13E43,-13,-43,237,370,Dki,9,22,Beta-Delta,2003-04-22
0338,N18W05,18,5,285,50,Dai,10,25,Beta-Gamma,2003-04-22
0339,N16W58,16,58,338,50,Dso,8,12,Beta,2003-04-22
0340,S04E55,-4,-55,225,10,Axx,2,2,Alpha,2003-04-22
0341,S10E74,-10,-74,206,10,Cro,4,4,Beta,2003-04-22
0334,S07W92,-7,92,358,20,Hsx,2,3,Alpha,2003-04-23
0336,N14E10,14,-10,256,70,Dso,3,5,Beta,2003-04-23
0337,S14E29,-14,-29,237,270,Dki,9,19,Beta-Gamma,2003-04-23
0338,N18W20,18,20,286,100,Dai,10,20,Beta-Gamma,2003-04-23
0339,N16W71,16,71,337,60,Dso,7,8,Beta,2003-04-23
0340,S06E43,-6,-43,223,10,Hrx,1,2,Alpha,2003-04-23
0341,S10E61,-10,-61,205,20,Cro,4,4,Beta,2003-04-23
0342,N18W07,18,7,273,20,Axx,2,6,Alpha,2003-04-23
0336,N13W03,13,3,256,60,Cso,4,6,Beta,2003-04-24
0337,S14E15,-14,-15,238,310,Dko,8,19,Beta-Gamma,2003-04-24
0338,N18W32,18,32,285,170,Eai,12,31,Beta-Gamma,2003-04-24
0339,N16W84,16,84,337,60,Cso,4,5,Beta,2003-04-24
0340,S06E30,-6,-30,223,10,Hsx,0,2,Alpha,2003-04-24
0341,S10E50,-10,-50,203,10,Axx,1,1,Alpha,2003-04-24
0342,N18W21,18,21,274,20,Axx,2,4,Alpha,2003-04-24
0343,N06E60,6,-60,193,30,Cro,6,4,Beta,2003-04-24
0336,N14W16,14,16,256,30,Cso,4,8,Beta,2003-04-25
0337,S14E00,-14,0,240,280,Dko,6,22,Beta-Gamma,2003-04-25
0338,N18W45,18,45,285,200,Eai,11,25,Beta-Gamma,2003-04-25
0340,S07E13,-7,-13,227,10,Axx,1,2,Alpha,2003-04-25
0342,N17W35,17,35,275,20,Bxo,3,6,Beta,2003-04-25
0343,N06E45,6,-45,195,40,Dso,6,6,Beta,2003-04-25
0344,N16E39,16,-39,201,30,Dso,6,7,Beta,2003-04-25
0345,S17E74,-17,-74,166,30,Cso,5,4,Beta,2003-04-25
0346,N16E74,16,-74,166,50,Hsx,2,1,Alpha,2003-04-25
0336,N14W29,14,29,256,10,Bxo,3,6,Beta,2003-04-26
0337,S14W13,-14,13,240,270,Dko,7,18,Beta-Gamma,2003-04-26
0338,N18W58,18,58,285,210,Eao,11,28,Beta-Gamma-Delta,2003-04-26
0342,N17W48,17,48,275,40,Cso,5,9,Beta,2003-04-26
0343,N06E32,6,-32,195,20,Cso,6,6,Beta,2003-04-26
0344,N16E26,16,-26,201,170,Dao,7,17,Beta,2003-04-26
0345,S17E61,-17,-61,166,170,Dao,6,8,Beta,2003-04-26
0346,N16E61,16,-61,166,60,Hsx,2,1,Alpha,2003-04-26
0336,N14W42,14,42,256,10,Bxo,4,6,Beta,2003-04-27
0337,S14W26,-14,26,240,220,Dko,6,13,Beta,2003-04-27
0338,N18W71,18,71,285,250,Eac,13,19,Beta-Gamma-Delta,2003-04-27
0342,N17W61,17,61,275,50,Cso,4,5,Beta,2003-04-27
0343,N06E19,6,-19,195,20,Axx,1,1,Alpha,2003-04-27
0344,N16E13,16,-13,201,400,Dki,8,20,Beta-Gamma-Delta,2003-04-27
0345,S17E48,-17,-48,166,170,Dao,7,6,Beta,2003-04-27
0346,N16E48,16,-48,166,60,Cso,4,3,Beta,2003-04-27
0347,S20E36,-20,-36,178,40,Bxo,3,4,Beta,2003-04-27
0348,S36E58,-36,-58,156,20,Bxo,6,4,Beta,2003-04-27
0349,S14E60,-14,-60,154,30,Hrx,1,2,Alpha,2003-04-27
0336,N14W56,14,56,256,10,Bxo,3,4,Beta,2003-04-28
0337,S14W40,-14,40,240,220,Dki,8,21,Beta-Gamma-Delta,2003-04-28
0338,N18W85,18,85,285,200,Dai,8,7,Beta-Gamma,2003-04-28
0342,N17W75,17,75,275,30,Hsx,1,1,Alpha,2003-04-28
0343,N06E05,6,-5,195,10,Bxo,3,5,Beta,2003-04-28
0344,N16W00,16,0,201,450,Dki,8,20,Beta-Gamma-Delta,2003-04-28
0345,S17E34,-17,-34,166,190,Dao,5,6,Beta,2003-04-28
0346,N16E35,16,-35,165,60,Hsx,2,1,Alpha,2003-04-28
0347,S20E22,-20,-22,178,20,Dro,3,3,Beta,2003-04-28
0348,S36E44,-36,-44,156,30,Cso,6,7,Beta,2003-04-28
0349,S14E46,-14,-46,154,150,Dao,6,15,Beta,2003-04-28
0336,N14W69,14,69,256,10,Bxo,4,4,Beta,2003-04-29
0337,S14W53,-14,53,240,270,Dac,9,19,Beta-Gamma-Delta,2003-04-29
0344,N16W14,16,14,201,450,Dki,9,16,Beta-Gamma-Delta,2003-04-29
0345,S17E21,-17,-21,166,210,Dao,5,13,Beta,2003-04-29
0346,N16E23,16,-23,165,90,Hsx,2,2,Alpha,2003-04-29
0347,S20E09,-20,-9,178,10,Bxo,3,3,Beta,2003-04-29
0348,S36E31,-36,-31,156,30,Dso,7,9,Beta,2003-04-29
0349,S14E33,-14,-33,154,390,Dki,9,29,Beta-Gamma,2003-04-29
0337,S16W67,-16,67,241,290,Eao,12,15,Beta-Gamma,2003-04-30
0340,S09W50,-9,50,224,130,Dao,7,17,Beta,2003-04-30
0343,N07W23,7,23,197,0,Axx,1,2,Alpha,2003-04-30
0344,N16W27,16,27,201,370,Dao,8,18,Beta-Gamma,2003-04-30
0345,S16E08,-16,-8,166,190,Dao,5,15,Beta,2003-04-30
0346,N16E12,16,-12,162,90,Cso,4,4,Beta,2003-04-30
0347,S18W02,-18,2,176,10,Bxo,4,9,Beta,2003-04-30
0348,S35E19,-35,-19,155,50,Dso,9,10,Beta,2003-04-30
0349,S13E20,-13,-20,154,510,Dkc,10,44,Beta-Gamma,2003-04-30
0337,S16W81,-16,81,242,80,Dso,6,4,Beta,2003-05-01
0344,N15W41,15,41,202,220,Dko,7,9,Beta-Gamma,2003-05-01
0345,S17W06,-17,6,167,110,Dao,5,9,Beta,2003-05-01
0346,N16W02,16,2,163,60,Hsx,2,1,Alpha,2003-05-01
0348,S36E11,-36,-11,150,20,Cso,4,5,Beta,2003-05-01
0349,S13E07,-13,-7,154,740,Eki,12,45,Beta-Gamma,2003-05-01
0350,S12W58,-12,58,219,70,Dao,8,6,Beta,2003-05-01
0351,N06E76,6,-76,85,90,Hkx,3,1,Alpha,2003-05-01
0337,S15W92,-15,92,240,60,Hsx,2,1,Alpha,2003-05-02
0344,N15W54,15,54,202,210,Dao,8,10,Beta-Gamma,2003-05-02
0345,S17W19,-17,19,167,120,Dao,4,7,Beta,2003-05-02
0346,N15W15,15,15,163,60,Hsx,2,1,Alpha,2003-05-02
0348,S34W01,-34,1,149,10,Axx,1,2,Alpha,2003-05-02
0349,S14W06,-14,6,154,1020,Ekc,12,51,Beta-Gamma,2003-05-02
0350,S11W70,-11,70,218,60,Dao,9,5,Beta,2003-05-02
0351,N08E65,8,-65,83,150,Hax,3,1,Alpha,2003-05-02
0352,S24E43,-24,-43,105,20,Bxo,4,3,Beta,2003-05-02
0344,N15W67,15,67,200,270,Dao,9,11,Beta,2003-05-03
0345,S17W34,-17,34,167,130,Dao,8,12,Beta-Gamma,2003-05-03
0346,N15W28,15,28,161,70,Hsx,2,1,Alpha,2003-05-03
0348,S35W13,-35,13,146,10,Axx,2,4,Alpha,2003-05-03
0349,S13W21,-13,21,154,1010,Ekc,14,57,Beta-Gamma,2003-05-03
0350,S11W84,-11,84,217,60,Dao,10,5,Beta,2003-05-03
0351,N08E51,8,-51,82,180,Hsx,4,1,Alpha,2003-05-03
0352,S25E30,-25,-30,103,20,Bxo,5,4,Beta,2003-05-03
0344,N16W81,16,81,201,160,Dso,4,4,Beta,2003-05-04
0345,S17W46,-17,46,166,110,Dao,5,6,Beta,2003-05-04
0346,N14W40,14,40,160,70,Hsx,1,1,Alpha,2003-05-04
0348,S35W27,-35,27,147,40,Cro,9,10,Beta,2003-05-04
0349,S14W34,-14,34,154,820,Ekc,14,52,Beta-Gamma,2003-05-04
0351,N08E38,8,-38,82,240,Hax,3,1,Alpha,2003-05-04
0344,N14W94,14,94,201,120,Dao,4,6,Beta,2003-05-05
0345,S17W60,-17,60,167,100,Dao,4,4,Beta,2003-05-05
0346,N14W54,14,54,161,70,Hsx,2,1,Alpha,2003-05-05
0348,S35W44,-35,44,151,250,Fki,16,23,Beta-Gamma,2003-05-05
0349,S15W47,-15,47,154,1030,Ekc,15,54,Beta-Gamma,2003-05-05
0351,N08E25,8,-25,82,220,Hhx,4,1,Alpha,2003-05-05
0353,S16E33,-16,-33,74,20,Axx,2,2,Alpha,2003-05-05
0354,N19E58,19,-58,49,40,Hsx,1,1,Alpha,2003-05-05
0345,S17W72,-17,72,166,60,Dao,3,3,Beta,2003-05-06
0346,N14W67,14,67,161,60,Hsx,1,1,Alpha,2003-05-06
0348,S35W55,-35,55,149,330,Fai,17,27,Beta-Gamma,2003-05-06
0349,S14W60,-14,60,154,730,Fkc,16,40,Beta-Gamma,2003-05-06
0351,N08E12,8,-12,82,180,Hsx,3,1,Alpha,2003-05-06
0354,N19E47,19,-47,47,20,Hsx,1,1,Alpha,2003-05-06
0355,N12E45,12,-45,49,20,Hsx,1,1,Alpha,2003-05-06
0345,S17W86,-17,86,167,30,Hsx,2,1,Alpha,2003-05-07
0346,N14W77,14,77,158,50,Hsx,2,1,Alpha,2003-05-07
0348,S34W68,-34,68,149,560,Fki,19,18,Beta-Gamma,2003-05-07
0349,S15W71,-15,71,152,610,Fkc,16,24,Beta-Gamma,2003-05-07
0351,N08W02,8,2,83,190,Hax,3,1,Alpha,2003-05-07
0354,N19E33,19,-33,48,30,Hsx,1,1,Alpha,2003-05-07
0355,N12E31,12,-31,50,10,Hsx,1,1,Alpha,2003-05-07
0346,N13W90,13,90,157,60,Hsx,2,1,Alpha,2003-05-08
0348,S34W80,-34,80,147,420,Fai,19,15,Beta-Gamma,2003-05-08
0349,S14W86,-14,86,153,450,Eki,13,14,Beta-Gamma,2003-05-08
0351,N08W15,8,15,82,200,Hsx,3,1,Alpha,2003-05-08
0353,S16W09,-16,9,76,10,Bxo,4,6,Beta,2003-05-08
0354,N19E21,19,-21,46,10,Axx,1,1,Alpha,2003-05-08
0355,N13E17,13,-17,50,10,Hrx,1,1,Alpha,2003-05-08
0348,S36W90,-36,90,143,80,Hsx,3,1,Alpha,2003-05-09
0351,N08W27,8,27,80,200,Hsx,3,1,Alpha,2003-05-09
0354,N19E07,19,-7,46,20,Hsx,1,1,Alpha,2003-05-09
0351,N10W41,10,41,81,210,Hsx,3,1,Alpha,2003-05-10
0356,N15E63,15,-63,337,110,Dso,6,2,Beta,2003-05-10
0351,N09W55,9,55,82,150,Hsx,2,1,Alpha,2003-05-11
0356,N15E47,15,-47,340,30,Hsx,1,1,Alpha,2003-05-11
0351,N09W67,9,67,81,150,Hsx,2,1,Alpha,2003-05-12
0354,N17W32,17,32,46,0,Axx,0,1,Alpha,2003-05-12
0356,N16E36,16,-36,338,60,Cso,5,2,Beta,2003-05-12
0357,S16E70,-16,-70,304,40,Cso,9,3,Beta,2003-05-12
0351,N08W82,8,82,83,170,Hsx,3,1,Alpha,2003-05-13
0356,N17E22,17,-22,339,50,Cso,7,4,Beta,2003-05-13
0357,S16E56,-16,-56,305,70,Eso,11,6,Beta,2003-05-13
0358,N10E23,10,-23,338,0,Axx,1,2,Alpha,2003-05-13
0359,S16W18,-16,18,19,20,Cso,4,3,Beta,2003-05-13
0356,N17E09,17,-9,338,60,Cao,4,6,Beta,2003-05-14
0357,S16E43,-16,-43,304,80,Dso,10,4,Beta,2003-05-14
0358,N09E10,9,-10,337,40,Dso,4,8,Beta,2003-05-14
0359,S16W32,-16,32,19,10,Axx,0,1,Alpha,2003-05-14
0356,N17W04,17,4,338,60,Cao,4,6,Beta,2003-05-15
0357,S16E30,-16,-30,304,50,Dso,9,4,Beta,2003-05-15
0358,N09W03,9,3,337,80,Dao,6,9,Beta,2003-05-15
0359,S17W46,-17,46,20,20,Bxo,3,5,Beta,2003-05-15
0360,S04W20,-4,20,354,0,Axx,1,1,Alpha,2003-05-15
0356,N18W17,18,17,338,60,Dao,5,9,Beta,2003-05-16
0357,S17E18,-17,-18,304,40,Dso,8,3,Beta,2003-05-16
0358,N08W17,8,17,338,70,Dao,7,7,Beta,2003-05-16
0359,S10W58,-10,58,19,20,Hrx,1,2,Alpha,2003-05-16
0360,S05W34,-5,34,355,10,Axx,0,1,Alpha,2003-05-16
0361,N09E39,9,-39,282,20,Hrx,1,2,Alpha,2003-05-16
0362,S10E77,-10,-77,244,70,Dao,10,3,Beta,2003-05-16
0356,N18W29,18,29,337,30,Cso,7,10,Beta,2003-05-17
0357,S17E07,-17,-7,301,50,Dao,3,4,Beta,2003-05-17
0358,N08W30,8,30,339,30,Cso,7,3,Beta,2003-05-17
0359,S14W75,-14,75,23,20,Axx,2,2,Alpha,2003-05-17
0361,N08E25,8,-25,283,30,Hsx,2,7,Alpha,2003-05-17
0362,S11E64,-11,-64,244,240,Dao,10,11,Beta,2003-05-17
0356,N18W44,18,44,339,10,Bxo,3,4,Beta,2003-05-18
0357,S15W06,-15,6,301,50,Dao,4,11,Beta,2003-05-18
0358,N08W46,8,46,341,10,Hrx,1,3,Alpha,2003-05-18
0361,N09E10,9,-10,285,10,Axx,2,3,Alpha,2003-05-18
0362,S11E50,-11,-50,245,210,Dao,10,10,Beta,2003-05-18
0356,N17W54,17,54,336,20,Cso,3,3,Beta,2003-05-19
0357,S16W20,-16,20,302,50,Dsi,5,14,Beta,2003-05-19
0361,N10W01,10,1,283,0,Axx,0,1,Alpha,2003-05-19
0362,S11E37,-11,-37,245,110,Dso,8,10,Beta-Gamma,2003-05-19
0363,S08W04,-8,4,286,0,Axx,1,1,Alpha,2003-05-19
0356,N18W67,18,67,335,20,Bxo,3,2,Beta,2003-05-20
0357,S16W34,-16,34,302,60,Cao,7,18,Beta,2003-05-20
0362,S11E23,-11,-23,245,70,Cao,9,8,Beta,2003-05-20
0364,S26W29,-26,29,297,40,Cso,5,7,Beta,2003-05-20
0357,S15W48,-15,48,303,50,Cso,8,10,Beta,2003-05-21
0362,S10E10,-10,-10,245,90,Dso,8,11,Beta-Gamma,2003-05-21
0364,S24W40,-24,40,295,100,Dso,7,12,Beta,2003-05-21
0365,S06E68,-6,-68,187,130,Dso,4,4,Beta,2003-05-21
0357,S16W61,-16,61,303,40,Cao,9,8,Beta,2003-05-22
0362,S12W03,-12,3,245,110,Dao,8,19,Beta-Gamma,2003-05-22
0364,S26W54,-26,54,296,70,Dao,7,8,Beta,2003-05-22
0365,S07E52,-7,-52,190,80,Dao,3,4,Beta,2003-05-22
0357,S16W73,-16,73,302,60,Cso,7,8,Beta,2003-05-23
0362,S11W15,-11,15,244,100,Dso,8,15,Beta,2003-05-23
0364,S26W67,-26,67,296,50,Dao,8,9,Beta,2003-05-23
0365,S07E38,-7,-38,191,40,Cso,3,4,Beta,2003-05-23
0366,N11E62,11,-62,167,20,Axx,1,2,Alpha,2003-05-23
0367,S14E69,-14,-69,160,50,Cao,2,1,Beta,2003-05-23
0368,S32E76,-32,-76,153,180,Hax,2,1,Alpha,2003-05-23
0362,S11W30,-11,30,246,50,Dao,7,7,Beta,2003-05-24
0365,S09E25,-9,-25,191,20,Hsx,1,1,Alpha,2003-05-24
0366,N10E50,10,-50,166,20,Bxo,3,2,Beta,2003-05-24
0367,S14E55,-14,-55,161,30,Hsx,1,1,Alpha,2003-05-24
0368,S32E62,-32,-62,154,170,Hax,3,1,Alpha,2003-05-24
0369,N12E08,12,-8,208,20,Cao,3,4,Beta,2003-05-24
0370,N16E53,16,-53,163,20,Axx,1,1,Alpha,2003-05-24
0362,S10W44,-10,44,246,30,Cro,7,4,Beta,2003-05-25
0365,S08E11,-8,-11,191,20,Bxo,3,5,Beta,2003-05-25
0366,N11E36,11,-36,166,10,Axx,1,1,Alpha,2003-05-25
0367,S14E42,-14,-42,160,70,Hsx,2,1,Alpha,2003-05-25
0368,S33E50,-33,-50,152,170,Hsx,2,1,Alpha,2003-05-25
0369,N12W08,12,8,210,10,Axx,1,1,Alpha,2003-05-25
0370,N16E38,16,-38,164,10,Axx,1,1,Alpha,2003-05-25
0365,S08E08,-8,-8,181,190,Dai,6,16,Beta,2003-05-26
0367,S14E29,-14,-29,160,40,Cso,4,4,Beta,2003-05-26
0368,S33E37,-33,-37,152,130,Hax,2,1,Alpha,2003-05-26
0365,S06W06,-6,6,182,210,Dai,7,18,Beta,2003-05-27
0367,S14E17,-14,-17,159,50,Cao,3,3,Beta,2003-05-27
0368,S32E24,-32,-24,152,120,Hax,3,1,Alpha,2003-05-27
0370,N16E13,16,-13,163,20,Cro,2,3,Beta,2003-05-27
0365,S07W19,-7,19,182,400,Dkc,7,38,Beta-Gamma-Delta,2003-05-28
0367,S14E04,-14,-4,159,30,Cao,3,4,Beta,2003-05-28
0368,S32E11,-32,-11,152,100,Cso,5,8,Beta,2003-05-28
0371,S13W10,-13,10,173,10,Hsx,0,1,Alpha,2003-05-28
0372,S14W03,-14,3,166,20,Bxo,2,4,Beta,2003-05-28
0373,N08E81,8,-81,82,120,Hax,2,1,Alpha,2003-05-28
0365,S07W32,-7,32,182,840,Dkc,8,40,Beta-Gamma-Delta,2003-05-29
0367,S14W09,-14,9,159,20,Cso,3,4,Beta,2003-05-29
0368,S32W02,-32,2,152,120,Cso,5,6,Beta,2003-05-29
0372,S14W16,-14,16,166,10,Bxo,4,3,Beta,2003-05-29
0373,N08E66,8,-66,82,130,Hsx,2,2,Alpha,2003-05-29
0374,S22W59,-22,59,209,10,Axx,1,1,Alpha,2003-05-29
0365,S07W45,-7,45,182,880,Dkc,8,32,Beta-Gamma-Delta,2003-05-30
0367,S14W22,-14,22,159,10,Hsx,1,1,Alpha,2003-05-30
0368,S32W15,-32,15,152,140,Dao,6,11,Beta,2003-05-30
0373,N08E53,8,-53,84,110,Cso,4,3,Beta,2003-05-30
0374,S22W72,-22,72,209,10,Axx,1,1,Alpha,2003-05-30
0365,S07W59,-7,59,182,800,Dkc,8,25,Beta-Gamma-Delta,2003-05-31
0368,S32W26,-32,26,149,60,Dao,4,6,Beta,2003-05-31
0373,N08E41,8,-41,82,80,Hsx,2,1,Alpha,2003-05-31
0365,S07W72,-7,72,182,540,Dkc,8,22,Beta-Gamma-Delta,2003-06-01
0368,S33W38,-33,38,148,20,Cro,3,4,Beta,2003-06-01
0373,N08E28,8,-28,82,110,Hsx,2,1,Alpha,2003-06-01
0365,S07W84,-7,84,181,450,Dkc,8,15,Beta-Gamma-Delta,2003-06-02
0368,S33W51,-33,51,148,10,Axx,1,2,Alpha,2003-06-02
0373,N07E15,7,-15,82,120,Cso,4,7,Beta,2003-06-02
0375,N11E74,11,-74,23,140,Dao,10,2,Beta,2003-06-02
0368,S32W63,-32,63,147,10,Axx,1,1,Alpha,2003-06-03
0373,N06E00,6,0,84,160,Cso,6,10,Beta,2003-06-03
0375,N12E64,12,-64,20,370,Dso,6,6,Beta,2003-06-03
0376,S12E13,-12,-13,71,30,Cro,4,4,Beta,2003-06-03
0373,N07W14,7,14,85,130,Dso,5,7,Beta,2003-06-04
0375,N12E50,12,-50,21,390,Dko,10,11,Beta-Gamma,2003-06-04
0376,S11E00,-11,0,71,60,Dao,5,6,Beta,2003-06-04
0373,N07W28,7,28,85,130,Dao,6,5,Beta,2003-06-05
0375,N11E39,11,-39,18,370,Eai,12,19,Beta-Gamma,2003-06-05
0376,S11W14,-11,14,71,70,Dso,5,7,Beta,2003-06-05
0377,N04E71,4,-71,346,30,Cso,9,3,Beta,2003-06-05
0373,N07W40,7,40,84,110,Cso,6,4,Beta,2003-06-06
0375,N12E24,12,-24,20,360,Eai,12,30,Beta-Gamma,2003-06-06
0376,S11W30,-11,30,74,30,Hsx,2,1,Alpha,2003-06-06
0377,N05E57,5,-57,347,70,Dso,8,7,Beta,2003-06-06
0378,N16E69,16,-69,335,20,Cso,6,3,Beta,2003-06-06
0373,N07W52,7,52,83,80,Cso,2,2,Beta,2003-06-07
0375,N12E09,12,-9,22,490,Dki,7,25,Beta-Gamma-Delta,2003-06-07
0376,S11W44,-11,44,75,20,Hsx,1,1,Alpha,2003-06-07
0377,N04E43,4,-43,348,90,Dso,7,5,Beta,2003-06-07
0378,N16E57,16,-57,334,40,Cro,5,2,Beta,2003-06-07
0379,S19W68,-19,68,99,40,Cso,5,3,Beta,2003-06-07
0373,N08W65,8,65,83,70,Hsx,2,1,Alpha,2003-06-08
0375,N12W04,12,4,22,570,Eki,14,41,Beta-Gamma-Delta,2003-06-08
0376,S14W43,-14,43,61,60,Cho,4,4,Beta,2003-06-08
0377,N04E29,4,-29,349,70,Dso,10,7,Beta,2003-06-08
0378,N17E44,17,-44,334,30,Cro,7,2,Beta,2003-06-08
0380,S16E68,-16,-68,310,400,Eho,13,10,Beta,2003-06-08
0373,N07W78,7,78,82,100,Hsx,2,1,Alpha,2003-06-09
0375,N13W18,13,18,22,800,Ekc,12,64,Beta-Gamma-Delta,2003-06-09
0376,S14W57,-14,57,61,20,Cso,3,3,Beta,2003-06-09
0377,N04E14,4,-14,350,140,Esi,11,14,Beta,2003-06-09
0378,N16E28,16,-28,336,20,Cso,3,5,Beta,2003-06-09
0380,S15E56,-15,-56,308,550,Eki,11,20,Beta-Gamma,2003-06-09
0373,N04W92,4,92,82,70,Hsx,4,1,Alpha,2003-06-10
0375,N12W32,12,32,22,870,Fkc,16,54,Beta-Gamma-Delta,2003-06-10
0377,N04E00,4,0,350,130,Eso,12,19,Beta-Gamma,2003-06-10
0378,N16E14,16,-14,336,10,Axx,1,1,Alpha,2003-06-10
0380,S14E41,-14,-41,308,680,Eki,13,36,Beta-Gamma,2003-06-10
0381,S18E19,-18,-19,331,10,Bxo,3,5,Beta,2003-06-10
0375,N12W46,12,46,23,1200,Fkc,17,65,Beta-Gamma-Delta,2003-06-11
0377,N04W14,4,14,351,130,Dso,10,18,Beta,2003-06-11
0378,N15E00,15,0,337,10,Axx,1,1,Alpha,2003-06-11
0380,S15E29,-15,-29,308,560,Eki,14,49,Beta-Gamma-Delta,2003-06-11
0381,S18E07,-18,-7,330,30,Dso,4,7,Beta,2003-06-11
0382,S18W16,-18,16,353,20,Cao,3,7,Beta,2003-06-11
0375,N12W62,12,62,26,1250,Fkc,18,41,Beta-Gamma-Delta,2003-06-12
0377,N03W28,3,28,352,170,Eso,12,18,Beta,2003-06-12
0380,S15E15,-15,-15,309,640,Eki,13,41,Beta-Gamma,2003-06-12
0381,S19W06,-19,6,330,70,Dao,6,7,Beta,2003-06-12
0382,S17W30,-17,30,354,20,Bxo,5,9,Beta,2003-06-12
0383,N19E22,19,-22,302,10,Axx,4,2,Alpha,2003-06-12
0375,N11W73,11,73,24,1170,Fkc,19,31,Beta-Gamma-Delta,2003-06-13
0377,N03W41,3,41,352,150,Dao,10,17,Beta,2003-06-13
0380,S15E03,-15,-3,308,570,Ekc,13,31,Beta,2003-06-13
0381,S18W19,-18,19,330,110,Csi,6,17,Beta,2003-06-13
0382,S18W45,-18,45,356,70,Dso,6,7,Beta,2003-06-13
0384,N16W42,16,42,353,40,Cso,3,5,Beta,2003-06-13
0375,N12W84,12,84,22,550,Ekc,15,12,Beta-Gamma-Delta,2003-06-14
0377,N03W58,3,58,356,140,Cso,7,5,Beta,2003-06-14
0380,S16W11,-16,11,309,500,Fki,16,48,Beta-Gamma,2003-06-14
0381,S20W34,-20,34,332,110,Dai,6,15,Beta,2003-06-14
0382,S18W60,-18,60,358,40,Dro,7,3,Beta,2003-06-14
0384,N15W56,15,56,354,60,Dao,5,6,Beta,2003-06-14
0377,N03W72,3,72,357,150,Cso,6,2,Beta,2003-06-15
0380,S16W25,-16,25,310,250,Eki,13,27,Beta,2003-06-15
0381,S18W48,-18,48,333,30,Cso,5,6,Beta,2003-06-15
0382,S17W76,-17,76,1,10,Bxo,7,2,Beta,2003-06-15
0384,N15W70,15,70,355,20,Bxo,3,4,Beta,2003-06-15
0377,N03W84,3,84,355,160,Cao,8,4,Beta,2003-06-16
0378,N14W66,14,66,337,0,Axx,1,1,Alpha,2003-06-16
0380,S17W36,-17,36,307,180,Dai,10,18,Beta,2003-06-16
0381,S18W61,-18,61,332,50,Cso,4,7,Beta,2003-06-16
0382,S17W84,-17,84,355,20,Bxo,7,2,Beta,2003-06-16
0384,N15W82,15,82,353,30,Bxo,1,2,Beta,2003-06-16
0385,N30E30,30,-30,241,40,Dso,6,7,Beta,2003-06-16
0380,S16W51,-16,51,309,160,Dai,8,16,Beta-Gamma,2003-06-17
0381,S18W75,-18,75,333,40,Hrx,1,1,Alpha,2003-06-17
0383,N19W40,19,40,298,0,Axx,1,1,Alpha,2003-06-17
0385,N29E17,29,-17,241,70,Dao,6,10,Beta,2003-06-17
0386,S07E71,-7,-71,187,190,Dao,8,13,Beta,2003-06-17
0380,S15W64,-15,64,309,140,Dso,8,8,Beta,2003-06-18
0383,N20W56,20,56,301,20,Bxo,6,7,Beta,2003-06-18
0385,N28E04,28,-4,241,50,Cso,7,8,Beta,2003-06-18
0386,S07E58,-7,-58,187,310,Dai,7,17,Beta-Gamma,2003-06-18
0380,S15W77,-15,77,309,140,Cso,6,4,Beta,2003-06-19
0383,N20W69,20,69,301,10,Bxo,4,3,Beta,2003-06-19
0385,N28W09,28,9,241,70,Dso,7,11,Beta,2003-06-19
0386,S07E43,-7,-43,187,290,Ekc,11,24,Beta-Gamma-Delta,2003-06-19
0387,N18E62,18,-62,170,100,Cso,8,7,Beta,2003-06-19
0380,S15W90,-15,90,309,80,Cso,4,4,Beta,2003-06-20
0385,N28W22,28,22,241,30,Bxo,8,5,Beta,2003-06-20
0386,S07E30,-7,-30,189,200,Ekc,11,34,Beta-Gamma-Delta,2003-06-20
0387,N18E49,18,-49,170,200,Dko,10,7,Beta-Gamma,2003-06-20
0388,S03E08,-3,-8,211,30,Cso,9,8,Beta,2003-06-20
0385,N28W36,28,36,241,30,Cso,7,4,Beta,2003-06-21
0386,S07E17,-7,-17,188,230,Dkc,6,25,Beta-Gamma-Delta,2003-06-21
0387,N18E36,18,-36,169,250,Dai,9,19,Beta-Gamma,2003-06-21
0388,S03W06,-3,6,211,60,Dai,8,20,Beta,2003-06-21
0389,S12E14,-12,-14,191,20,Cao,4,3,Beta,2003-06-21
0385,N28W49,28,49,241,20,Cso,8,3,Beta,2003-06-22
0386,S07E04,-7,-4,188,100,Dac,7,20,Beta-Gamma-Delta,2003-06-22
0387,N18E23,18,-23,169,260,Eso,11,21,Beta-Gamma,2003-06-22
0388,S03W19,-3,19,211,140,Eai,11,22,Beta,2003-06-22
0389,S12E01,-12,-1,191,10,Axx,2,2,Alpha,2003-06-22
0386,S06W08,-6,8,187,90,Dai,4,14,Beta-Gamma-Delta,2003-06-23
0387,N18E10,18,-10,169,270,Eao,11,21,Beta-Gamma,2003-06-23
0388,S02W32,-2,32,211,130,Dao,7,17,Beta,2003-06-23
0390,N15E76,15,-76,103,80,Dai,8,2,Beta,2003-06-23
0386,S07W22,-7,22,188,80,Dai,6,11,Beta-Gamma,2003-06-24
0387,N17W03,17,3,169,230,Eko,14,22,Beta-Gamma,2003-06-24
0388,S01W47,-1,47,213,100,Eao,11,10,Beta-Gamma,2003-06-24
0390,N13E64,13,-64,102,70,Hax,1,2,Alpha,2003-06-24
0391,N15E03,15,-3,163,60,Dao,6,9,Beta,2003-06-24
0386,S06W35,-6,35,188,60,Cao,4,9,Beta-Gamma,2003-06-25
0387,N19W16,19,16,169,160,Eao,11,16,Beta,2003-06-25
0388,S02W57,-2,57,210,60,Dao,9,8,Beta,2003-06-25
0390,N13E51,13,-51,102,90,Cao,4,7,Beta,2003-06-25
0391,N14W09,14,9,162,110,Dao,7,17,Beta,2003-06-25
0392,N07E69,7,-69,84,30,Hax,2,2,Alpha,2003-06-25
0393,S15E72,-15,-72,81,60,Dao,6,2,Beta,2003-06-25
0386,S05W48,-5,48,188,40,Cao,3,5,Beta,2003-06-26
0387,N18W29,18,29,169,230,Eao,11,12,Beta,2003-06-26
0388,N02W79,2,79,219,40,Bxo,3,3,Beta,2003-06-26
0390,N13E37,13,-37,103,90,Hsx,2,2,Alpha,2003-06-26
0391,N14W23,14,23,163,170,Dao,8,18,Beta,2003-06-26
0392,N05E57,5,-57,83,20,Hsx,1,1,Alpha,2003-06-26
0393,S18E57,-18,-57,83,90,Dao,7,4,Beta,2003-06-26
0386,S06W62,-6,62,188,30,Hrx,2,3,Alpha,2003-06-27
0387,N19W42,19,42,168,170,Eso,11,9,Beta,2003-06-27
0390,N14E23,14,-23,103,70,Cso,5,5,Beta,2003-06-27
0391,N14W38,14,38,164,190,Dao,8,16,Beta,2003-06-27
0392,N06E43,6,-43,83,10,Hrx,1,1,Alpha,2003-06-27
0393,S18E43,-18,-43,83,50,Cao,8,5,Beta,2003-06-27
0394,N08E22,8,-22,104,10,Axx,2,2,Beta,2003-06-27
0395,N10E62,10,-62,64,60,Hsx,2,1,Alpha,2003-06-27
0387,N18W55,18,55,168,120,Dao,10,4,Beta,2003-06-28
0390,N14E10,14,-10,103,60,Hsx,3,3,Alpha,2003-06-28
0391,N14W51,14,51,164,150,Dao,8,13,Beta,2003-06-28
0392,N06E30,6,-30,83,20,Hsx,1,1,Alpha,2003-06-28
0393,S17E28,-17,-28,85,30,Cso,4,3,Beta,2003-06-28
0394,N10E09,10,-9,104,20,Cro,4,5,Beta,2003-06-28
0395,N10E49,10,-49,64,50,Hax,2,2,Alpha,2003-06-28
0396,S04W12,-4,12,125,50,Dao,5,6,Beta,2003-06-28
0397,N09E72,9,-72,41,170,Hax,5,1,Alpha,2003-06-28
0387,N19W70,19,70,170,130,Cso,11,4,Beta,2003-06-29
0390,N16W03,16,3,103,70,Cso,3,5,Beta,2003-06-29
0391,N14W64,14,64,164,170,Dao,10,9,Beta,2003-06-29
0392,N10E17,10,-17,83,10,Hsx,1,1,Alpha,2003-06-29
0393,S16E13,-16,-13,87,20,Hsx,2,5,Alpha,2003-06-29
0394,N10W06,10,6,106,70,Dao,5,10,Beta,2003-06-29
0395,N11E36,11,-36,64,20,Hsx,2,3,Alpha,2003-06-29
0396,S04W26,-4,26,126,120,Dso,7,17,Beta,2003-06-29
0397,N10E65,10,-65,35,510,Fkc,16,7,Beta,2003-06-29
0387,N16W83,16,83,170,110,Hsx,2,1,Alpha,2003-06-30
0390,N16W16,16,16,103,90,Hsx,3,1,Alpha,2003-06-30
0392,N06E04,6,-4,83,0,Axx,0,1,Alpha,2003-06-30
0394,N10W19,10,19,106,60,Dao,6,5,Beta,2003-06-30
0395,N11E23,11,-23,64,0,Axx,0,1,Alpha,2003-06-30
0396,S04W38,-4,38,125,150,Dao,10,19,Beta,2003-06-30
0397,N12E53,12,-53,34,790,Fho,18,14,Beta,2003-06-30
0387,N15W92,15,92,166,60,Cao,7,2,Beta,2003-07-01
0390,N18W30,18,30,104,80,Hsx,2,2,Alpha,2003-07-01
0392,N06W09,6,9,83,10,Axx,1,2,Alpha,2003-07-01
0394,N08W34,8,34,108,40,Cso,4,5,Beta,2003-07-01
0395,N12E11,12,-11,63,20,Cro,9,4,Beta,2003-07-01
0396,S06W54,-6,54,128,160,Eao,12,17,Beta,2003-07-01
0397,N11E40,11,-40,34,850,Fhi,18,30,Gamma-Delta,2003-07-01
0398,N04E66,4,-66,8,10,Axx,1,2,Alpha,2003-07-01
0399,N15E52,15,-52,22,30,Hsx,2,5,Alpha,2003-07-01
0390,N16W43,16,43,103,70,Hsx,2,1,Alpha,2003-07-02
0392,N06W26,6,26,86,10,Bxo,5,2,Beta,2003-07-02
0394,N08W49,8,49,109,20,Hsx,1,2,Alpha,2003-07-02
0395,N11W04,11,4,64,10,Bxo,3,2,Beta,2003-07-02
0396,S05W69,-5,69,129,130,Dso,10,8,Beta,2003-07-02
0397,N12E26,12,-26,34,770,Eki,15,28,Gamma-Delta,2003-07-02
0398,N04E52,4,-52,8,10,Axx,1,1,Alpha,2003-07-02
0399,N16E40,16,-40,20,30,Cso,3,3,Beta,2003-07-02
0400,N05E69,5,-69,351,80,Hsx,2,1,Alpha,2003-07-02
0390,N15W56,15,56,103,30,Hsx,2,1,Alpha,2003-07-03
0392,N04W35,4,35,82,10,Axx,1,1,Alpha,2003-07-03
0394,N07W62,7,62,109,10,Axx,1,1,Alpha,2003-07-03
0395,N09W17,9,17,64,10,Axx,1,1,Alpha,2003-07-03
0396,S05W83,-5,83,130,70,Cso,9,3,Beta,2003-07-03
0397,N10E13,10,-13,34,630,Fki,17,35,Beta-Gamma,2003-07-03
0398,N02E40,2,-40,7,10,Bxo,3,3,Beta,2003-07-03
0399,N16E27,16,-27,20,20,Cro,3,5,Beta,2003-07-03
0400,N04E58,4,-58,349,90,Dso,8,13,Beta,2003-07-03
0390,N15W70,15,70,104,30,Hsx,1,1,Alpha,2003-07-04
0392,N04W50,4,50,84,10,Axx,1,1,Alpha,2003-07-04
0395,N10W31,10,31,65,10,Axx,1,1,Alpha,2003-07-04
0397,N12E00,12,0,34,660,Eki,15,45,Beta-Gamma,2003-07-04
0398,N03E29,3,-29,5,10,Bxo,3,3,Beta,2003-07-04
0399,N14E16,14,-16,18,20,Cro,4,4,Beta,2003-07-04
0400,N05E44,5,-44,350,100,Dsi,10,22,Beta,2003-07-04
0390,N17W85,17,85,106,30,Hsx,2,1,Alpha,2003-07-05
0397,N12W14,12,14,35,790,Fkc,17,49,Beta-Gamma,2003-07-05
0398,N02E16,2,-16,5,10,Axx,1,2,Alpha,2003-07-05
0399,N14W01,14,1,22,20,Bxo,5,5,Beta,2003-07-05
0400,N05E31,5,-31,350,230,Dao,9,23,Beta,2003-07-05
0397,N11W26,11,26,33,890,Fkc,18,41,Beta-Gamma-Delta,2003-07-06
0398,N03E03,3,-3,4,10,Bxo,3,2,Beta,2003-07-06
0400,N05E18,5,-18,349,280,Dki,9,15,Beta-Delta,2003-07-06
0397,N11W39,11,39,33,930,Fkc,17,40,Beta-Gamma-Delta,2003-07-07
0398,N03W14,3,14,8,10,Bxo,2,5,Beta,2003-07-07
0400,N05E03,5,-3,351,290,Eki,11,26,Beta-Gamma,2003-07-07
0401,S10E66,-10,-66,288,20,Axx,2,3,Alpha,2003-07-07
0397,N12W52,12,52,32,810,Fkc,17,38,Beta-Gamma-Delta,2003-07-08
0400,N05W10,5,10,350,210,Eai,11,22,Beta-Gamma,2003-07-08
0401,S10E52,-10,-52,288,30,Cso,4,6,Beta,2003-07-08
0402,S12W44,-12,44,24,20,Cso,4,5,Beta,2003-07-08
0403,S18E54,-18,-54,286,50,Dso,4,3,Beta,2003-07-08
0404,S10E64,-10,-64,276,60,Dso,8,6,Beta,2003-07-08
0397,N12W65,12,65,32,790,Fki,17,30,Beta-Gamma,2003-07-09
0400,N05W23,5,23,350,220,Eki,11,28,Beta-Gamma,2003-07-09
0401,S10E37,-10,-37,290,40,Bxo,4,8,Beta,2003-07-09
0402,S12W58,-12,58,25,180,Dso,8,14,Beta,2003-07-09
0403,S17E39,-17,-39,288,40,Hsx,3,3,Alpha,2003-07-09
0404,S10E51,-10,-51,276,60,Dro,10,6,Beta,2003-07-09
0397,N14W76,14,76,34,360,Fsi,16,18,Beta-Gamma,2003-07-10
0400,N05W37,5,37,351,150,Eao,12,25,Beta-Gamma,2003-07-10
0401,S09E22,-9,-22,292,20,Dso,5,6,Beta,2003-07-10
0402,S12W70,-12,70,24,150,Dso,10,10,Beta-Gamma,2003-07-10
0403,S17E26,-17,-26,288,20,Hrx,1,3,Alpha,2003-07-10
0404,S10E37,-10,-37,277,30,Dso,8,3,Beta,2003-07-10
0397,N12W87,12,87,28,260,Dao,10,13,Beta,2003-07-11
0400,N06W51,6,51,352,120,Eai,12,25,Beta-Gamma,2003-07-11
0401,S09E09,-9,-9,292,100,Dao,7,23,Beta,2003-07-11
0402,S12W82,-12,82,23,170,Cao,11,10,Beta,2003-07-11
0403,S16E13,-16,-13,288,10,Bxo,4,3,Beta,2003-07-11
0404,S10E22,-10,-22,279,20,Cso,5,3,Beta,2003-07-11
0400,N06W65,6,65,352,110,Eai,11,12,Beta-Gamma,2003-07-12
0401,S09W05,-9,5,292,210,Dao,8,21,Beta,2003-07-12
0402,S12W96,-12,96,25,80,Hax,4,3,Alpha,2003-07-12
0403,S16W00,-16,0,288,10,Axx,1,4,Alpha,2003-07-12
0404,S10E08,-10,-8,279,20,Hsx,1,1,Alpha,2003-07-12
0405,S10E66,-10,-66,221,80,Hax,3,2,Alpha,2003-07-12
0406,S19W11,-19,11,298,20,Hsx,2,2,Alpha,2003-07-12
0407,N09E31,9,-31,256,10,Hsx,4,2,Alpha,2003-07-12
0400,N05W78,5,78,351,50,Bxo,10,7,Beta,2003-07-13
0401,S10W17,-10,17,290,190,Dao,8,20,Beta,2003-07-13
0404,S09W06,-9,6,279,10,Axx,2,2,Alpha,2003-07-13
0405,S10E52,-10,-52,221,120,Cao,7,3,Beta,2003-07-13
0406,S18W24,-18,24,297,40,Cao,4,6,Beta,2003-07-13
0407,N10E19,10,-19,254,20,Cso,4,4,Beta,2003-07-13
0401,S10W31,-10,31,291,170,Dao,8,19,Beta,2003-07-14
0404,S08W20,-8,20,280,20,Cso,3,2,Beta,2003-07-14
0405,S11E41,-11,-41,219,90,Cao,7,10,Beta,2003-07-14
0406,S18W38,-18,38,298,30,Cso,4,5,Beta,2003-07-14
0407,N10E03,10,-3,257,10,Cso,3,3,Beta,2003-07-14
0408,N13E23,13,-23,237,20,Cso,5,5,Beta,2003-07-14
0409,N16E66,16,-66,194,250,Eao,11,11,Beta,2003-07-14
0410,S13E63,-13,-63,197,40,Cso,5,2,Beta,2003-07-14
0401,S09W45,-9,45,292,140,Dao,8,14,Beta,2003-07-15
0404,S08W34,-8,34,281,20,Cro,4,3,Beta,2003-07-15
0405,S11E28,-11,-28,219,70,Dao,7,19,Beta,2003-07-15
0406,S18W51,-18,51,298,30,Cso,4,4,Beta,2003-07-15
0407,N09W12,9,12,259,30,Cso,6,8,Beta,2003-07-15
0408,N13E08,13,-8,239,20,Cao,3,5,Beta,2003-07-15
0409,N15E55,15,-55,192,350,Eko,15,23,Beta-Gamma,2003-07-15
0410,S13E49,-13,-49,198,30,Cso,5,3,Beta,2003-07-15
0401,S10W57,-10,57,291,100,Dso,8,7,Beta,2003-07-16
0404,S11W41,-11,41,275,0,Axx,1,1,Alpha,2003-07-16
0405,S11E13,-11,-13,221,100,Dso,7,11,Beta,2003-07-16
0406,S18W66,-18,66,300,30,Hsx,1,1,Alpha,2003-07-16
0407,N09W24,9,24,258,30,Cao,5,6,Beta,2003-07-16
0408,N13W04,13,4,238,20,Cso,3,4,Beta,2003-07-16
0409,N15E41,15,-41,193,490,Fkc,18,29,Beta,2003-07-16
0410,S12E38,-12,-38,196,20,Cso,5,3,Beta,2003-07-16
0411,N16E62,16,-62,172,110,Dso,5,2,Beta,2003-07-16
0401,S09W73,-9,73,294,40,Hsx,2,1,Alpha,2003-07-17
0405,S11E01,-11,-1,220,50,Cso,7,5,Beta,2003-07-17
0406,S17W78,-17,78,299,10,Axx,1,1,Alpha,2003-07-17
0407,N10W36,10,36,257,10,Cro,3,3,Beta,2003-07-17
0408,N14W17,14,17,238,10,Hrx,1,1,Alpha,2003-07-17
0409,N16E30,16,-30,191,300,Fki,16,34,Beta,2003-07-17
0410,S12E28,-12,-28,193,70,Dso,6,8,Beta-Gamma,2003-07-17
0411,N15E53,15,-53,168,60,Hsx,2,2,Alpha,2003-07-17
0412,N16E19,16,-19,202,30,Cso,4,8,Beta,2003-07-17
0413,N18E49,18,-49,172,30,Hsx,1,1,Alpha,2003-07-17
0401,S09W90,-9,90,297,10,Axx,1,2,Alpha,2003-07-18
0405,S10W16,-10,16,223,20,Cso,2,3,Beta,2003-07-18
0408,N12W31,12,31,238,20,Cso,3,2,Beta,2003-07-18
0409,N15E18,15,-18,189,210,Eai,14,45,Beta-Gamma,2003-07-18
0410,S12E12,-12,-12,195,160,Dac,8,29,Beta-Gamma,2003-07-18
0411,N14E38,14,-38,169,40,Hsx,2,1,Alpha,2003-07-18
0412,N16E05,16,-5,202,60,Dai,5,15,Beta,2003-07-18
0413,N18E35,18,-35,172,20,Hsx,1,1,Alpha,2003-07-18
0414,S02E71,-2,-71,136,90,Hax,3,1,Alpha,2003-07-18
0405,S10W29,-10,29,223,40,Hsx,4,4,Alpha,2003-07-19
0408,N13W45,13,45,239,10,Hsx,0,1,Alpha,2003-07-19
0409,N15E05,15,-5,189,160,Eao,11,36,Beta,2003-07-19
0410,S11W01,-11,1,195,220,Dai,10,42,Beta-Gamma,2003-07-19
0411,N14E26,14,-26,168,60,Hax,2,1,Alpha,2003-07-19
0412,N17W06,17,6,200,100,Dai,9,27,Beta-Gamma,2003-07-19
0413,N20E22,20,-22,172,10,Axx,1,1,Alpha,2003-07-19
0414,S02E58,-2,-58,136,120,Hax,2,1,Alpha,2003-07-19
0405,S10W43,-10,43,224,30,Hsx,2,2,Alpha,2003-07-20
0409,N15W08,15,8,189,120,Eao,12,26,Beta,2003-07-20
0410,S12W13,-12,13,194,310,Eac,11,38,Beta-Gamma,2003-07-20
0411,N15E13,15,-13,168,40,Hsx,2,1,Alpha,2003-07-20
0412,N16W20,16,20,201,110,Dac,9,17,Beta-Gamma,2003-07-20
0413,N18E09,18,-9,172,20,Axx,1,1,Alpha,2003-07-20
0414,S01E45,-1,-45,136,110,Hax,2,2,Alpha,2003-07-20
0415,N13E30,13,-30,151,40,Dao,6,11,Beta,2003-07-20
0405,S11W57,-11,57,225,20,Hsx,1,1,Alpha,2003-07-21
0409,N15W22,15,22,190,160,Dao,6,15,Beta,2003-07-21
0410,S12W26,-12,26,194,620,Eac,11,44,Beta-Gamma-Delta,2003-07-21
0411,N15E01,15,-1,167,30,Hsx,2,1,Alpha,2003-07-21
0412,N16W34,16,34,202,200,Dsi,8,14,Beta-Gamma,2003-07-21
0413,N19W03,19,3,171,10,Axx,1,1,Alpha,2003-07-21
0414,S02E32,-2,-32,136,130,Hsx,3,1,Alpha,2003-07-21
0415,N13E16,13,-16,152,110,Dso,7,9,Beta,2003-07-21
0416,S09W42,-9,42,210,30,Dso,4,4,Beta,2003-07-21
0417,S22W36,-22,36,204,110,Dso,6,21,Beta,2003-07-21
0418,S05W08,-5,8,176,20,Cso,3,3,Beta,2003-07-21
0405,S12W72,-12,72,227,10,Axx,0,1,Alpha,2003-07-22
0409,N15W37,15,37,192,60,Dao,9,18,Beta,2003-07-22
0410,S12W40,-12,40,195,680,Ekc,11,36,Beta-Gamma,2003-07-22
0411,N15W15,15,15,170,40,Hsx,2,1,Alpha,2003-07-22
0412,N15W47,15,47,202,180,Dai,10,12,Beta-Gamma,2003-07-22
0413,N20W19,20,19,174,10,Axx,1,1,Alpha,2003-07-22
0414,S03E19,-3,-19,136,110,Hsx,3,2,Alpha,2003-07-22
0415,N12E02,12,-2,153,80,Dso,10,10,Beta,2003-07-22
0416,S07W58,-7,58,213,60,Cao,6,4,Beta,2003-07-22
0417,S21W49,-21,49,204,150,Dso,8,19,Beta-Gamma,2003-07-22
0418,S06W23,-6,23,178,40,Cso,4,5,Beta,2003-07-22
0405,S09W84,-9,84,226,10,Hsx,0,1,Alpha,2003-07-23
0409,N16W48,16,48,190,60,Cso,7,11,Beta,2003-07-23
0410,S13W53,-13,53,195,800,Eki,12,34,Beta-Gamma,2003-07-23
0411,N14W27,14,27,169,60,Hax,1,1,Alpha,2003-07-23
0412,N16W59,16,59,201,180,Dao,10,9,Beta,2003-07-23
0413,N20W32,20,32,174,0,Hrx,0,1,Alpha,2003-07-23
0414,S03E05,-3,-5,137,100,Hsx,3,1,Alpha,2003-07-23
0415,N12W11,12,11,153,70,Cao,10,8,Beta,2003-07-23
0416,S07W68,-7,68,210,40,Cro,6,3,Beta,2003-07-23
0417,S21W64,-21,64,206,360,Dai,10,18,Beta-Gamma,2003-07-23
0418,S05W37,-5,37,179,20,Cso,3,3,Beta,2003-07-23
0409,N15W61,15,61,189,70,Cao,8,8,Beta,2003-07-24
0410,S13W66,-13,66,194,700,Eki,12,21,Beta,2003-07-24
0411,N14W40,14,40,168,40,Hax,1,1,Alpha,2003-07-24
0412,N16W73,16,73,201,140,Dao,8,5,Beta,2003-07-24
0414,S03W08,-3,8,136,110,Hsx,3,1,Alpha,2003-07-24
0415,N12W26,12,26,154,50,Cso,8,6,Beta,2003-07-24
0416,S07W82,-7,82,210,20,Bxo,6,3,Beta,2003-07-24
0417,S22W76,-22,76,204,260,Eai,11,15,Beta-Gamma,2003-07-24
0418,S05W51,-5,51,179,20,Hsx,1,2,Alpha,2003-07-24
0419,N10E62,10,-62,66,10,Axx,1,2,Alpha,2003-07-24
0409,N14W76,14,76,191,40,Cso,4,4,Beta,2003-07-25
0410,S13W79,-13,79,194,580,Eko,13,12,Beta-Gamma,2003-07-25
0411,N13W54,13,54,169,30,Hsx,1,1,Alpha,2003-07-25
0412,N15W85,15,85,200,40,Hax,1,1,Alpha,2003-07-25
0414,S04W20,-4,20,135,130,Cao,6,4,Beta,2003-07-25
0415,N11W39,11,39,154,40,Hax,2,2,Alpha,2003-07-25
0417,S22W91,-22,91,204,110,Cso,9,5,Beta,2003-07-25
0418,S05W64,-5,64,179,10,Axx,1,1,Alpha,2003-07-25
0419,N11E50,11,-50,65,10,Bxo,4,3,Beta,2003-07-25
0420,N11E79,11,-79,36,40,Hax,1,1,Alpha,2003-07-25
0409,N16W88,16,88,190,20,Hrx,2,2,Alpha,2003-07-26
0410,S13W91,-13,91,193,70,Hax,9,1,Alpha,2003-07-26
0411,N14W67,14,67,169,20,Hsx,1,1,Alpha,2003-07-26
0412,N17W96,17,96,198,30,Hsx,1,1,Alpha,2003-07-26
0414,S04W34,-4,34,136,110,Cso,6,3,Beta,2003-07-26
0415,N13W50,13,50,152,10,Bxo,4,2,Beta,2003-07-26
0419,N10E35,10,-35,67,10,Axx,2,3,Alpha,2003-07-26
0420,N10E64,10,-64,38,70,Hsx,2,1,Alpha,2003-07-26
0411,N14W81,14,81,170,30,Hrx,1,1,Alpha,2003-07-27
0414,S04W49,-4,49,138,110,Hsx,3,2,Alpha,2003-07-27
0419,N11E22,11,-22,67,20,Cao,8,8,Beta,2003-07-27
0420,N11E51,11,-51,38,100,Hsx,3,1,Alpha,2003-07-27
0414,S04W62,-4,62,138,110,Hsx,2,1,Alpha,2003-07-28
0419,N11E09,11,-9,67,10,Bxo,3,2,Beta,2003-07-28
0420,N11E38,11,-38,38,70,Hsx,2,1,Alpha,2003-07-28
0421,S08E77,-8,-77,359,30,Hax,2,1,Alpha,2003-07-28
0414,S04W76,-4,76,138,110,Hsx,2,1,Alpha,2003-07-29
0420,N11E24,11,-24,38,70,Hsx,2,1,Alpha,2003-07-29
0421,S08E67,-8,-67,356,280,Eao,13,5,Beta,2003-07-29
0422,N14W41,14,41,103,160,Dao,5,9,Beta-Gamma,2003-07-29
0414,S04W91,-4,91,140,60,Hsx,1,1,Alpha,2003-07-30
0420,N11E11,11,-11,38,80,Hsx,2,1,Alpha,2003-07-30
0421,S08E54,-8,-54,355,310,Eao,12,13,Beta-Gamma,2003-07-30
0422,N14W54,14,54,103,200,Dao,8,8,Beta-Gamma,2003-07-30
0419,N11W29,11,29,65,10,Axx,1,1,Alpha,2003-07-31
0420,N11W02,11,2,38,80,Hsx,2,1,Alpha,2003-07-31
0421,S08E41,-8,-41,355,230,Eai,12,15,Beta-Gamma,2003-07-31
0422,N14W67,14,67,103,130,Dao,8,6,Beta,2003-07-31
0420,N11W15,11,15,38,80,Hsx,2,1,Alpha,2003-08-01
0421,S08E28,-8,-28,355,230,Eao,11,17,Beta,2003-08-01
0422,N14W80,14,80,103,100,Dao,10,5,Beta,2003-08-01
0423,S19W03,-19,3,26,20,Cro,3,2,Beta,2003-08-01
0420,N11W30,11,30,40,60,Hsx,2,2,Alpha,2003-08-02
0421,S08E15,-8,-15,355,260,Fki,16,25,Beta,2003-08-02
0422,N15W93,15,93,103,40,Cso,7,3,Beta,2003-08-02
0423,S18W17,-18,17,27,10,Bxo,3,3,Beta,2003-08-02
0424,S18E77,-18,-77,293,120,Dao,6,2,Beta,2003-08-02
0420,N11W43,11,43,40,60,Hsx,2,1,Alpha,2003-08-03
0421,S08E01,-8,-1,356,180,Eao,12,19,Beta,2003-08-03
0423,S17W32,-17,32,29,10,Axx,1,1,Alpha,2003-08-03
0424,S18E64,-18,-64,293,310,Dki,10,6,Beta,2003-08-03
0425,S08E61,-8,-61,296,120,Cso,7,3,Beta,2003-08-03
0426,S12E32,-12,-32,325,30,Cso,4,5,Beta,2003-08-03
0420,N11W57,11,57,40,60,Hsx,1,1,Alpha,2003-08-04
0421,S08W14,-8,14,357,170,Eao,12,26,Beta-Gamma,2003-08-04
0423,S15W38,-15,38,21,20,Dao,2,2,Beta,2003-08-04
0424,S18E52,-18,-52,291,580,Dki,10,16,Beta,2003-08-04
0425,S08E50,-8,-50,293,140,Cso,7,11,Beta,2003-08-04
0426,S12E18,-12,-18,325,30,Cso,4,7,Beta,2003-08-04
0427,N04W16,4,16,359,60,Dao,4,11,Beta,2003-08-04
0420,N11W71,11,71,41,70,Hsx,2,1,Alpha,2003-08-05
0421,S07W30,-7,30,360,130,Dso,7,10,Beta,2003-08-05
0423,S15W49,-15,49,19,10,Hrx,0,1,Alpha,2003-08-05
0424,S18E39,-18,-39,291,730,Eki,11,17,Beta-Gamma,2003-08-05
0425,S09E36,-9,-36,294,240,Dao,9,10,Beta,2003-08-05
0426,S12E03,-12,-3,327,10,Axx,1,1,Alpha,2003-08-05
0427,N05W30,5,30,360,110,Dao,7,13,Beta,2003-08-05
0428,N16W10,16,10,340,20,Bxo,3,5,Beta,2003-08-05
0420,N11W83,11,83,40,50,Hsx,2,1,Alpha,2003-08-06
0421,S07W43,-7,43,360,100,Cso,5,4,Beta,2003-08-06
0424,S18E26,-18,-26,291,720,Eki,11,17,Beta-Gamma,2003-08-06
0425,S09E23,-9,-23,294,210,Dai,9,20,Beta,2003-08-06
0426,S12W11,-12,11,328,10,Axx,1,1,Alpha,2003-08-06
0427,N05W44,5,44,1,80,Dao,9,7,Beta,2003-08-06
0428,N16W24,16,24,341,50,Dso,5,5,Beta,2003-08-06
0429,S24E55,-24,-55,262,50,Hsx,1,1,Alpha,2003-08-06
0420,N12W97,12,97,40,50,Hax,1,1,Alpha,2003-08-07
0421,S07W58,-7,58,1,110,Cao,4,5,Beta,2003-08-07
0424,S18E13,-18,-13,290,760,Ekc,11,30,Beta-Gamma-Delta,2003-08-07
0425,S09E10,-9,-10,293,190,Dso,9,17,Beta,2003-08-07
0426,S12W25,-12,25,328,10,Bxo,2,2,Beta,2003-08-07
0427,N05W60,5,60,3,90,Dso,10,7,Beta,2003-08-07
0428,N16W38,16,38,341,20,Cso,5,7,Beta,2003-08-07
0429,S24E43,-24,-43,260,40,Cao,7,6,Beta,2003-08-07
0421,S07W72,-7,72,2,60,Hsx,2,1,Alpha,2003-08-08
0424,S18W01,-18,1,291,710,Dki,10,21,Beta-Delta,2003-08-08
0425,S09W04,-9,4,294,170,Dso,9,16,Beta,2003-08-08
0427,N05W77,5,77,7,30,Hsx,1,1,Alpha,2003-08-08
0428,N14W54,14,54,344,10,Axx,0,1,Alpha,2003-08-08
0429,S24E30,-24,-30,260,90,Dao,8,7,Beta,2003-08-08
0430,S08W13,-8,13,303,10,Bxo,2,4,Beta,2003-08-08
0421,S07W84,-7,84,360,60,Hsx,2,1,Alpha,2003-08-09
0424,S18W14,-18,14,290,650,Dkc,10,24,Beta-Gamma,2003-08-09
0425,S09W17,-9,17,293,180,Dso,8,13,Beta,2003-08-09
0427,N66W91,66,91,7,70,Hsx,1,1,Alpha,2003-08-09
0429,S24E17,-24,-17,259,170,Dao,8,9,Beta,2003-08-09
0430,S08W29,-8,29,305,20,Cso,3,3,Beta,2003-08-09
0424,S18W28,-18,28,291,670,Ekc,11,26,Beta-Gamma,2003-08-10
0425,S09W31,-9,31,294,140,Dso,8,9,Beta,2003-08-10
0429,S24E04,-24,-4,259,160,Dao,9,11,Beta,2003-08-10
0430,S08W43,-8,43,306,40,Dso,4,5,Beta,2003-08-10
0431,S12E68,-12,-68,195,110,Eso,11,6,Beta,2003-08-10
0424,S18W41,-18,41,291,450,Ekc,11,21,Beta-Gamma,2003-08-11
0425,S09W43,-9,43,293,130,Dso,7,8,Beta,2003-08-11
0429,S24W08,-24,8,258,120,Dao,9,13,Beta,2003-08-11
0430,S08W56,-8,56,306,30,Cso,5,4,Beta,2003-08-11
0431,S13E56,-13,-56,194,250,Eac,11,16,Beta-Gamma,2003-08-11
0424,S18W54,-18,54,291,390,Ekc,12,21,Beta-Gamma,2003-08-12
0425,S09W56,-9,56,293,110,Cso,9,3,Beta,2003-08-12
0429,S24W21,-24,21,258,80,Dao,9,13,Beta,2003-08-12
0430,S08W66,-8,66,303,20,Bxo,3,2,Beta,2003-08-12
0431,S13E43,-13,-43,194,160,Eac,12,29,Beta-Gamma,2003-08-12
0424,S18W67,-18,67,291,330,Eac,15,13,Beta-Gamma,2003-08-13
0425,S09W71,-9,71,295,70,Dso,3,3,Beta,2003-08-13
0429,S24W34,-24,34,258,60,Dsi,10,14,Beta,2003-08-13
0430,S08W79,-8,79,303,50,Cao,3,3,Beta,2003-08-13
0431,S13E30,-13,-30,194,130,Dac,10,31,Beta-Gamma,2003-08-13
0424,S18W80,-18,80,291,100,Dao,10,5,Beta,2003-08-14
0425,S09W86,-9,86,297,120,Dai,3,2,Beta,2003-08-14
0429,S24W47,-24,47,258,50,Dso,9,15,Beta,2003-08-14
0431,S13E17,-13,-17,194,500,Ekc,12,39,Beta-Gamma-Delta,2003-08-14
0432,S05E71,-5,-71,140,30,Hsx,1,1,Alpha,2003-08-14
0424,S18W93,-18,93,291,90,Dao,4,2,Beta,2003-08-15
0429,S24W60,-24,60,258,30,Cao,7,7,Beta,2003-08-15
0431,S13E03,-13,-3,194,500,Ekc,11,46,Beta-Gamma-Delta,2003-08-15
0432,S05E57,-5,-57,140,30,Hsx,1,1,Alpha,2003-08-15
0433,S23E18,-23,-18,179,10,Bxo,8,2,Beta,2003-08-15
0431,S11W13,-11,13,197,470,Eac,12,40,Beta-Gamma-Delta,2003-08-16
0432,S04E43,-4,-43,141,20,Hsx,1,1,Alpha,2003-08-16
0433,S19E10,-19,-10,174,20,Cso,3,3,Beta,2003-08-16
0434,S23E02,-23,-2,182,30,Bxo,3,2,Beta,2003-08-16
0431,S12W26,-12,26,197,400,Eac,13,35,Beta-Gamma-Delta,2003-08-17
0432,S04E29,-4,-29,142,20,Hrx,2,1,Alpha,2003-08-17
0433,S20W04,-20,4,175,20,Hrx,2,1,Alpha,2003-08-17
0434,S23W10,-23,10,181,20,Dro,4,4,Beta,2003-08-17
0435,S18W41,-18,41,212,10,Axx,1,1,Alpha,2003-08-17
0431,S10W38,-10,38,196,360,Eai,11,41,Beta-Gamma,2003-08-18
0432,S04E18,-4,-18,140,20,Hsx,1,1,Alpha,2003-08-18
0433,S20W16,-20,16,174,20,Hax,1,1,Alpha,2003-08-18
0434,S23W20,-23,20,178,10,Bxo,5,2,Beta,2003-08-18
0435,S18W52,-18,52,210,20,Cro,5,5,Beta,2003-08-18
0436,N07E69,7,-69,89,110,Eso,11,3,Beta,2003-08-18
0431,S10W52,-10,52,197,180,Eai,14,40,Beta-Gamma,2003-08-19
0432,S02E03,-2,-3,142,20,Hrx,1,1,Alpha,2003-08-19
0433,S20W31,-20,31,176,10,Hrx,1,1,Alpha,2003-08-19
0435,S17W67,-17,67,212,20,Dso,2,2,Beta,2003-08-19
0436,N08E57,8,-57,88,160,Eao,14,10,Beta,2003-08-19
0431,S11W67,-11,67,198,180,Eai,13,12,Beta-Gamma,2003-08-20
0432,S03W12,-3,12,143,10,Hsx,1,1,Alpha,2003-08-20
0433,S19W45,-19,45,176,10,Hrx,1,1,Alpha,2003-08-20
0436,N08E42,8,-42,89,160,Eao,14,12,Beta,2003-08-20
0437,S22W27,-22,27,158,10,Hrx,1,1,Alpha,2003-08-20
0431,S10W84,-10,84,202,100,Cso,6,5,Beta,2003-08-21
0433,S20W58,-20,58,176,0,Axx,1,1,Alpha,2003-08-21
0436,N07E29,7,-29,89,120,Eao,13,15,Beta,2003-08-21
0437,S22W39,-22,39,157,10,Axx,1,1,Alpha,2003-08-21
0436,N07E17,7,-17,88,170,Esi,13,21,Beta,2003-08-22
0438,S31W31,-31,31,136,10,Axx,1,1,Alpha,2003-08-22
0439,N08W23,8,23,128,40,Dso,3,5,Beta,2003-08-22
0440,S08E12,-8,-12,93,20,Cso,3,5,Beta,2003-08-22
0441,N12E48,12,-48,57,40,Dso,5,4,Beta,2003-08-22
0436,N07E03,7,-3,89,230,Eac,13,32,Beta-Gamma,2003-08-23
0439,N08W38,8,38,130,40,Dso,4,5,Beta,2003-08-23
0440,S07W06,-7,6,98,90,Dso,6,15,Beta,2003-08-23
0441,N12E33,12,-33,59,30,Dso,6,7,Beta,2003-08-23
0442,S12E65,-12,-65,27,110,Dao,10,3,Beta,2003-08-23
0443,N15E09,15,-9,83,10,Axx,2,4,Alpha,2003-08-23
0436,N07W12,7,12,91,210,Eac,13,23,Beta,2003-08-24
0439,N07W51,7,51,130,30,Dso,5,6,Beta,2003-08-24
0440,S08W20,-8,20,99,90,Dso,7,12,Beta,2003-08-24
0441,N11E19,11,-19,60,80,Dso,5,17,Beta,2003-08-24
0442,S12E54,-12,-54,25,160,Dso,8,4,Beta,2003-08-24
0444,N09E60,9,-60,19,40,Hsx,2,3,Beta,2003-08-24
0436,N08W26,8,26,91,210,Eac,15,28,Beta,2003-08-25
0439,N07W64,7,64,129,40,Cso,3,3,Beta,2003-08-25
0440,S08W33,-8,33,98,60,Dso,7,9,Beta,2003-08-25
0441,N12E06,12,-6,59,100,Dao,7,24,Beta,2003-08-25
0442,S12E43,-12,-43,22,130,Dao,9,6,Beta,2003-08-25
0444,N09E44,9,-44,21,10,Axx,1,2,Alpha,2003-08-25
0436,N07W39,7,39,91,180,Eac,15,23,Beta,2003-08-26
0439,N07W80,7,80,132,30,Hsx,1,1,Alpha,2003-08-26
0440,S07W47,-7,47,99,30,Cso,6,4,Beta,2003-08-26
0441,N12W07,12,7,59,80,Dsi,6,23,Beta,2003-08-26
0442,S13E30,-13,-30,22,120,Dao,8,4,Beta,2003-08-26
0443,N14W30,14,30,82,10,Cro,2,2,Beta,2003-08-26
0444,N12E39,12,-39,13,20,Cso,3,5,Beta,2003-08-26
0445,N04E38,4,-38,14,30,Dso,4,4,Beta,2003-08-26
0436,N08W51,8,51,90,80,Eai,13,10,Beta,2003-08-27
0440,S07W64,-7,64,103,10,Axx,1,1,Alpha,2003-08-27
0441,N12W20,12,20,59,140,Dai,7,24,Beta,2003-08-27
0442,S13E16,-13,-16,23,110,Dso,8,4,Beta,2003-08-27
0443,N14W46,14,46,85,10,Axx,1,1,Alpha,2003-08-27
0444,N10E22,10,-22,17,10,Bxo,3,2,Beta,2003-08-27
0445,N03E24,3,-24,15,80,Dao,5,12,Beta,2003-08-27
0436,N07W60,7,60,86,40,Bxo,8,7,Beta,2003-08-28
0440,S07W77,-7,77,103,20,Axx,2,1,Alpha,2003-08-28
0441,N13W33,13,33,59,100,Dao,7,13,Beta,2003-08-28
0442,S13E04,-13,-4,22,90,Cso,9,5,Beta,2003-08-28
0444,N10E08,10,-8,18,30,Cso,5,6,Beta,2003-08-28
0445,N03E10,3,-10,16,110,Dao,7,12,Beta,2003-08-28
0446,S22E36,-22,-36,350,20,Cro,3,2,Beta,2003-08-28
0436,N07W80,7,80,98,60,Cro,6,4,Beta,2003-08-29
0441,N14W47,14,47,60,40,Dao,7,11,Beta,2003-08-29
0442,S13W06,-13,6,19,80,Cso,7,3,Beta,2003-08-29
0444,N09W06,9,6,19,60,Dso,6,10,Beta,2003-08-29
0445,N03W04,3,4,17,60,Dao,8,11,Beta,2003-08-29
0446,S23E23,-23,-23,350,20,Cro,2,2,Beta,2003-08-29
0447,N16W05,16,5,18,20,Cso,4,5,Beta,2003-08-29
0448,N19E34,19,-34,339,50,Cso,5,7,Beta,2003-08-29
0449,S16E69,-16,-69,304,80,Dao,4,3,Beta,2003-08-29
0441,N12W63,12,63,63,20,Hrx,1,1,Alpha,2003-08-30
0442,S13W19,-13,19,19,90,Hsx,3,1,Alpha,2003-08-30
0444,N09W20,9,20,20,20,Dso,8,5,Beta,2003-08-30
0445,N03W19,3,19,19,70,Dao,8,6,Beta,2003-08-30
0447,N15W21,15,21,21,10,Cso,4,4,Beta,2003-08-30
0448,N19E18,19,-18,342,80,Dao,5,8,Beta,2003-08-30
0449,S15E53,-15,-53,307,140,Dso,5,3,Beta,2003-08-30
0450,S18E66,-18,-66,294,60,Hsx,2,1,Alpha,2003-08-30
0451,S10W65,-10,65,65,20,Bxo,3,2,Beta,2003-08-30
0452,S09E05,-9,-5,355,10,Axx,1,1,Alpha,2003-08-30
0441,N15W80,15,80,66,20,Axx,1,1,Alpha,2003-08-31
0442,S12W35,-12,35,21,80,Cso,5,2,Beta,2003-08-31
0444,N09W33,9,33,19,40,Dso,9,6,Beta,2003-08-31
0445,N03W32,3,32,18,40,Dso,8,4,Beta,2003-08-31
0447,N15W37,15,37,23,10,Hrx,1,2,Alpha,2003-08-31
0448,N20E06,20,-6,340,90,Dso,7,9,Beta,2003-08-31
0449,S15E39,-15,-39,307,130,Dao,4,4,Beta,2003-08-31
0450,S18E52,-18,-52,294,70,Hsx,2,1,Alpha,2003-08-31
0452,S06W05,-6,5,351,0,Axx,1,1,Alpha,2003-08-31
0442,S13W47,-13,47,20,70,Cso,2,2,Beta,2003-09-01
0444,N08W47,8,47,20,50,Cso,11,10,Beta,2003-09-01
0445,N04W47,4,47,20,30,Cso,6,4,Beta,2003-09-01
0447,N14W50,14,50,23,10,Axx,0,1,Alpha,2003-09-01
0448,N20W07,20,7,340,70,Dao,6,10,Beta,2003-09-01
0449,S16E27,-16,-27,306,120,Dao,4,3,Beta,2003-09-01
0450,S18E39,-18,-39,294,40,Hsx,2,1,Alpha,2003-09-01
0442,S13W61,-13,61,21,80,Cso,3,4,Beta,2003-09-02
0448,N20W20,20,20,340,40,Dao,5,10,Beta,2003-09-02
0449,S16E13,-16,-13,307,80,Dso,3,4,Beta,2003-09-02
0450,S17E27,-17,-27,293,20,Hsx,1,1,Alpha,2003-09-02
0442,S13W74,-13,74,21,110,Hsx,2,1,Alpha,2003-09-03
0444,N11W74,11,74,21,20,Cso,2,2,Beta,2003-09-03
0448,N19W34,19,34,341,30,Cso,5,14,Beta,2003-09-03
0449,S16E00,-16,0,307,70,Dso,4,4,Beta,2003-09-03
0450,S18E14,-18,-14,293,40,Dso,4,7,Beta,2003-09-03
0452,S07W54,-7,54,351,10,Bxo,2,2,Beta,2003-09-03
0442,S12W86,-12,86,20,110,Hsx,3,1,Alpha,2003-09-04
0448,N19W48,19,48,342,20,Cro,4,3,Beta,2003-09-04
0450,S16W07,-16,7,301,120,Fso,16,13,Beta,2003-09-04
0452,S07W71,-7,71,5,20,Axx,2,2,Alpha,2003-09-04
0448,N19W61,19,61,341,10,Bxo,5,3,Beta,2003-09-05
0450,S17W20,-17,20,300,70,Eso,15,9,Beta,2003-09-05
0452,S08W84,-8,84,4,60,Hax,1,1,Alpha,2003-09-05
0453,S23W44,-23,44,324,90,Dso,6,10,Beta,2003-09-05
0454,S10E22,-10,-22,258,30,Cso,4,6,Beta,2003-09-05
0450,S17W35,-17,35,302,40,Cso,11,6,Beta,2003-09-06
0453,S23W56,-23,56,323,190,Dao,8,14,Beta,2003-09-06
0454,S10E09,-10,-9,258,60,Dao,5,7,Beta,2003-09-06
0450,S17W52,-17,52,306,30,Dso,8,4,Beta,2003-09-07
0453,S23W69,-23,69,323,200,Dso,10,10,Beta,2003-09-07
0454,S10W04,-10,4,258,50,Dso,6,5,Beta,2003-09-07
0455,S16E32,-16,-32,222,10,Hsx,1,1,Alpha,2003-09-07
0450,S17W63,-17,63,304,30,Bxo,4,4,Beta,2003-09-08
0453,S24W78,-24,78,319,140,Dho,8,3,Beta,2003-09-08
0454,S10W18,-10,18,259,20,Dro,6,5,Beta,2003-09-08
0455,S20E24,-20,-24,217,20,Cso,2,2,Beta,2003-09-08
0450,S17W78,-17,78,306,10,Axx,0,1,Alpha,2003-09-09
0453,S24W91,-24,91,319,90,Hsx,2,1,Alpha,2003-09-09
0455,S20E11,-20,-11,217,20,Dro,4,6,Beta,2003-09-09
0456,S09E08,-9,-8,220,30,Dso,7,10,Beta,2003-09-09
0456,S09W05,-9,5,220,50,Dao,7,15,Beta,2003-09-10
0457,S11E08,-11,-8,207,10,Bxo,4,8,Beta,2003-09-10
0456,S09W19,-9,19,220,150,Dai,7,17,Beta-Gamma,2003-09-11
0457,S11W06,-11,6,207,10,Bxo,3,5,Beta,2003-09-11
0456,S08W32,-8,32,220,180,Dai,8,29,Beta,2003-09-12
0457,S11W17,-11,17,205,30,Cso,6,6,Beta,2003-09-12
0456,S07W45,-7,45,220,190,Dai,10,32,Beta,2003-09-13
0457,S11W27,-11,27,202,40,Cro,6,6,Beta,2003-09-13
0456,S07W59,-7,59,221,240,Dai,10,20,Beta-Gamma-Delta,2003-09-14
0457,S12W38,-12,38,200,10,Hsx,1,1,Alpha,2003-09-14
0458,S08W32,-8,32,194,20,Cso,4,6,Beta,2003-09-14
0456,S08W73,-8,73,222,170,Eai,12,19,Beta,2003-09-15
0458,S09W46,-9,46,195,30,Cro,4,6,Beta,2003-09-15
0459,S11E38,-11,-38,111,10,Bxo,2,3,Beta,2003-09-15
0456,S08W88,-8,88,223,110,Cso,9,10,Beta,2003-09-16
0457,S12W69,-12,69,204,20,Hrx,1,1,Alpha,2003-09-16
0458,S08W60,-8,60,195,10,Axx,1,2,Alpha,2003-09-16
0459,S11E24,-11,-24,111,20,Dso,4,4,Beta,2003-09-16
0460,N16E75,16,-75,60,40,Hsx,1,1,Alpha,2003-09-16
0457,S12W83,-12,83,205,0,Axx,0,1,Alpha,2003-09-17
0458,S10W73,-10,73,195,20,Hsx,2,1,Alpha,2003-09-17
0459,S11E12,-11,-12,110,30,Dso,6,8,Beta,2003-09-17
0460,N17E62,17,-62,60,50,Cso,7,4,Beta,2003-09-17
0461,N12W38,12,38,160,30,Cso,4,7,Beta,2003-09-17
0462,S09W30,-9,30,152,30,Cso,5,8,Beta,2003-09-17
0459,S11W01,-11,1,110,50,Dso,8,12,Beta,2003-09-18
0460,N17E51,17,-51,58,40,Cso,9,2,Beta,2003-09-18
0461,N12W52,12,52,161,140,Dao,6,12,Beta,2003-09-18
0462,S10W43,-10,43,152,30,Cso,5,6,Beta,2003-09-18
0463,N09E74,9,-74,35,90,Hax,2,1,Alpha,2003-09-18
0459,S11W14,-11,14,109,70,Dao,6,13,Beta,2003-09-19
0460,N17E38,17,-38,57,40,Cao,7,3,Beta,2003-09-19
0461,N13W64,13,64,159,250,Dao,9,19,Beta,2003-09-19
0462,S10W59,-10,59,154,30,Cso,5,6,Beta,2003-09-19
0463,N09E59,9,-59,36,80,Hsx,2,1,Alpha,2003-09-19
0459,S11W27,-11,27,109,100,Dao,7,9,Beta,2003-09-20
0460,N17E21,17,-21,61,20,Hax,1,2,Alpha,2003-09-20
0461,N13W76,13,76,158,160,Dao,10,8,Beta,2003-09-20
0462,S09W74,-9,74,156,70,Hsx,2,1,Alpha,2003-09-20
0463,N09E46,9,-46,36,70,Hsx,2,1,Alpha,2003-09-20
0459,S12W41,-12,41,109,100,Dao,8,11,Beta,2003-09-21
0460,N17E07,17,-7,61,10,Hsx,1,3,Alpha,2003-09-21
0462,S10W90,-10,90,158,50,Hsx,2,1,Alpha,2003-09-21
0463,N08E33,8,-33,35,70,Hsx,2,1,Alpha,2003-09-21
0464,N05E77,5,-77,351,360,Eko,12,6,Beta,2003-09-21
0459,S11W56,-11,56,111,80,Cso,7,7,Beta,2003-09-22
0460,N17W05,17,5,60,10,Bxo,3,6,Beta,2003-09-22
0463,N09E18,9,-18,37,70,Hsx,2,1,Alpha,2003-09-22
0464,N03E62,3,-62,353,460,Eko,12,10,Beta,2003-09-22
0459,S12W69,-12,69,111,30,Cao,7,3,Beta,2003-09-23
0460,N16W19,16,19,61,10,Bxo,3,2,Beta,2003-09-23
0463,N09E06,9,-6,36,50,Hax,2,1,Alpha,2003-09-23
0464,N06E49,6,-49,353,560,Eko,14,17,Beta-Gamma,2003-09-23
0465,S02E50,-2,-50,352,60,Cao,4,7,Beta,2003-09-23
0466,S04E72,-4,-72,330,30,Hsx,1,1,Alpha,2003-09-23
0459,S11W84,-11,84,113,30,Bxo,4,2,Beta,2003-09-24
0460,N17W34,17,34,63,10,Hrx,1,3,Alpha,2003-09-24
0463,N09W09,9,9,38,60,Hsx,2,1,Alpha,2003-09-24
0464,N04E35,4,-35,354,600,Eki,14,30,Beta-Gamma,2003-09-24
0465,N00E36,0,-36,353,40,Cso,5,8,Beta,2003-09-24
0466,S05E60,-5,-60,329,110,Dao,6,7,Beta,2003-09-24
0467,S10E46,-10,-46,343,10,Hrx,0,1,Alpha,2003-09-24
0468,N16W16,16,16,45,0,Axx,0,1,Alpha,2003-09-24
0463,N09W22,9,22,38,40,Hsx,2,1,Alpha,2003-09-25
0464,N04E22,4,-22,354,570,Fki,16,37,Beta-Gamma,2003-09-25
0465,N00E23,0,-23,353,30,Cso,4,5,Beta,2003-09-25
0466,S05E47,-5,-47,329,90,Dso,6,10,Beta,2003-09-25
0467,S10E33,-10,-33,343,20,Cso,6,7,Beta,2003-09-25
0468,N16W29,16,29,45,0,Axx,1,1,Alpha,2003-09-25
0463,N09W35,9,35,38,50,Cso,3,2,Beta,2003-09-26
0464,N04E09,4,-9,354,580,Fkc,18,50,Beta-Gamma,2003-09-26
0465,N00E10,0,-10,353,20,Dro,4,9,Beta,2003-09-26
0466,S05E34,-5,-34,329,100,Dso,6,7,Beta,2003-09-26
0467,S10E20,-10,-20,343,30,Cso,6,4,Beta,2003-09-26
0463,N08W50,8,50,39,30,Hsx,1,1,Alpha,2003-09-27
0464,N04W07,4,7,356,610,Fki,18,57,Beta-Gamma,2003-09-27
0465,S01W03,-1,3,352,10,Bxo,2,7,Beta,2003-09-27
0466,S07E19,-7,-19,330,60,Cso,5,5,Beta,2003-09-27
0467,S10E06,-10,-6,343,20,Cso,5,7,Beta,2003-09-27
0463,N09W63,9,63,39,20,Hsx,1,1,Alpha,2003-09-28
0464,N05W20,5,20,356,580,Fsi,20,54,Beta-Gamma,2003-09-28
0465,S01W19,-1,19,355,10,Cro,3,3,Beta,2003-09-28
0466,S05E05,-5,-5,331,70,Cso,5,7,Beta,2003-09-28
0467,S10W06,-10,6,342,30,Dso,6,6,Beta,2003-09-28
0469,S09W24,-9,24,360,20,Bxo,3,6,Beta,2003-09-28
0463,N09W77,9,77,40,10,Axx,1,1,Alpha,2003-09-29
0464,N03W34,3,34,357,540,Fkc,19,55,Beta-Gamma,2003-09-29
0465,S02W32,-2,32,355,10,Bxo,5,3,Beta,2003-09-29
0466,S05W09,-5,9,332,80,Dso,6,9,Beta,2003-09-29
0467,S11W20,-11,20,343,20,Cso,5,3,Beta,2003-09-29
0469,S09W38,-9,38,1,50,Dso,4,8,Beta,2003-09-29
0464,N03W48,3,48,358,530,Fkc,19,43,Beta-Gamma,2003-09-30
0466,S05W23,-5,23,333,50,Dso,4,5,Beta,2003-09-30
0467,S11W32,-11,32,342,10,Hsx,1,1,Alpha,2003-09-30
0469,S10W52,-10,52,2,30,Hsx,2,3,Alpha,2003-09-30
0470,S13E32,-13,-32,278,30,Dso,3,6,Beta,2003-09-30
0464,N04W62,4,62,359,510,Fkc,19,34,Beta-Gamma,2003-10-01
0466,S05W36,-5,36,333,40,Cso,5,6,Beta,2003-10-01
0469,S08W66,-8,66,3,70,Dso,6,4,Beta,2003-10-01
0470,S12E18,-12,-18,279,40,Dso,6,7,Beta,2003-10-01
0471,S07E63,-7,-63,234,190,Dsi,9,15,Beta,2003-10-01
0464,N05W73,5,73,356,480,Fki,21,16,Beta-Gamma,2003-10-02
0466,S04W50,-4,50,333,30,Cso,4,4,Beta,2003-10-02
0467,S05W51,-5,51,334,30,Dso,3,3,Beta,2003-10-02
0469,S09W82,-9,82,5,40,Hsx,2,1,Alpha,2003-10-02
0470,S13E04,-13,-4,279,30,Dso,7,7,Beta,2003-10-02
0471,S08E53,-8,-53,230,330,Fsi,23,20,Beta,2003-10-02
0472,S23W02,-23,2,285,20,Dso,3,5,Beta,2003-10-02
0464,N05W81,5,81,351,230,Hhx,5,1,Alpha,2003-10-03
0466,S05W64,-5,64,334,20,Hsx,1,1,Alpha,2003-10-03
0470,S14W08,-14,8,278,20,Hsx,1,2,Alpha,2003-10-03
0471,S08E42,-8,-42,228,520,Fko,22,16,Beta-Gamma,2003-10-03
0472,S22W16,-22,16,286,40,Dso,6,5,Beta,2003-10-03
0464,N06W91,6,91,348,170,Hsx,2,1,Alpha,2003-10-04
0466,S06W78,-6,78,335,10,Axx,1,1,Alpha,2003-10-04
0470,S17W26,-17,26,283,20,Cso,8,5,Beta,2003-10-04
0471,S08E35,-8,-35,222,200,Eai,12,31,Beta-Gamma,2003-10-04
0472,S22W31,-22,31,288,20,Cao,8,5,Beta,2003-10-04
0473,S07E20,-7,-20,237,100,Hsx,2,1,Alpha,2003-10-04
0471,S08E22,-8,-22,222,210,Eac,13,34,Beta-Gamma,2003-10-05
0472,S22W47,-22,47,291,20,Cso,1,2,Beta,2003-10-05
0473,S09E07,-9,-7,237,140,Cso,4,9,Beta,2003-10-05
0474,S14W49,-14,49,293,20,Cso,6,4,Beta,2003-10-05
0470,S17W52,-17,52,283,20,Cso,3,2,Beta,2003-10-06
0471,S08E09,-8,-9,222,150,Ekc,14,38,Beta-Gamma,2003-10-06
0473,S09W06,-9,6,237,130,Cho,4,7,Beta,2003-10-06
0474,S14W62,-14,62,293,10,Axx,1,1,Alpha,2003-10-06
0475,S22E47,-22,-47,184,20,Cso,3,3,Beta,2003-10-06
0471,S08W04,-8,4,222,170,Eai,13,33,Beta-Gamma,2003-10-07
0473,S09W19,-9,19,237,120,Cao,7,6,Beta,2003-10-07
0475,S22E34,-22,-34,184,20,Cso,3,2,Beta,2003-10-07
0476,S16E12,-16,-12,206,10,Hax,1,1,Alpha,2003-10-07
0477,S15E63,-15,-63,155,60,Hsx,1,1,Alpha,2003-10-07
0471,S08W18,-8,18,222,190,Eac,12,26,Beta-Gamma,2003-10-08
0473,S09W33,-9,33,237,120,Cso,5,5,Beta,2003-10-08
0476,S16W02,-16,2,206,10,Bxo,3,2,Beta,2003-10-08
0477,S15E60,-15,-60,144,50,Hax,2,3,Alpha,2003-10-08
0471,S08W31,-8,31,222,270,Eac,11,32,Beta-Gamma,2003-10-09
0473,S09W46,-9,46,237,100,Cso,4,3,Beta,2003-10-09
0477,S15E47,-15,-47,144,40,Cso,3,4,Beta,2003-10-09
0471,S08W44,-8,44,222,140,Dai,9,19,Beta,2003-10-10
0473,S08W62,-8,62,240,80,Hhx,3,1,Alpha,2003-10-10
0477,S15E32,-15,-32,146,50,Cho,4,5,Beta,2003-10-10
0478,N10W06,10,6,184,10,Bxo,3,3,Beta,2003-10-10
0471,S08W57,-8,57,222,90,Dai,10,22,Beta,2003-10-11
0473,S08W74,-8,74,239,90,Hhx,3,1,Alpha,2003-10-11
0477,S15E19,-15,-19,146,40,Cso,3,4,Beta,2003-10-11
0478,N09W20,9,20,185,10,Axx,1,1,Alpha,2003-10-11
0479,N24E63,24,-63,102,20,Axx,1,1,Alpha,2003-10-11
0471,S07W70,-7,70,222,110,Dao,10,18,Beta,2003-10-12
0473,S08W89,-8,89,241,80,Hax,3,1,Alpha,2003-10-12
0477,S14E04,-14,-4,148,50,Cso,4,6,Beta,2003-10-12
0478,N12W31,12,31,183,10,Axx,1,1,Alpha,2003-10-12
0479,N23E52,23,-52,100,30,Hsx,2,1,Alpha,2003-10-12
0471,S08W85,-8,85,223,70,Hsx,1,1,Alpha,2003-10-13
0477,S15W08,-15,8,146,40,Cso,4,3,Beta,2003-10-13
0479,N23E40,23,-40,99,20,Hsx,1,1,Alpha,2003-10-13
0477,S15W22,-15,22,147,20,Hax,2,3,Alpha,2003-10-14
0479,N23E26,23,-26,99,20,Hax,1,2,Alpha,2003-10-14
0477,S15W35,-15,35,147,10,Axx,1,1,Alpha,2003-10-15
0479,N24E07,24,-7,100,10,Bxo,2,3,Beta,2003-10-15
0477,S14W49,-14,49,148,10,Bxo,3,2,Beta,2003-10-16
0480,N20W26,20,26,125,30,Bxo,4,7,Beta,2003-10-16
0477,S14W63,-14,63,149,50,Dro,6,5,Beta,2003-10-17
0480,N20W40,20,40,126,40,Dro,6,3,Beta,2003-10-17
0477,S15W78,-15,78,151,40,Hsx,8,3,Alpha,2003-10-18
0479,N24W31,24,31,104,10,Hax,2,2,Alpha,2003-10-18
0480,N21W51,21,51,124,10,Axx,1,2,Alpha,2003-10-18
0481,S08W17,-8,17,90,30,Cao,4,5,Beta,2003-10-18
0482,N16E62,16,-62,11,60,Cso,5,4,Beta,2003-10-18
0479,N25W44,25,44,103,20,Cso,4,4,Beta,2003-10-19
0481,S08W32,-8,32,91,30,Cso,4,8,Beta,2003-10-19
0482,N17E50,17,-50,9,70,Cao,7,8,Beta,2003-10-19
0483,S08E55,-8,-55,4,10,Axx,0,1,Alpha,2003-10-19
0484,N05E68,5,-68,351,240,Dac,4,20,Beta,2003-10-19
0479,N25W58,25,58,104,10,Axx,1,1,Alpha,2003-10-20
0481,S09W48,-9,48,94,10,Axx,2,3,Alpha,2003-10-20
0482,N16E34,16,-34,12,50,Dao,3,5,Beta,2003-10-20
0483,S09E40,-9,-40,6,10,Bxo,5,2,Beta,2003-10-20
0484,N06E53,6,-53,353,1030,Dkc,10,28,Beta-Gamma-Delta,2003-10-20
0479,N25W72,25,72,105,10,Bxo,5,2,Beta,2003-10-21
0481,S09W63,-9,63,96,20,Axx,1,1,Alpha,2003-10-21
0482,N15E20,15,-20,13,30,Hax,2,7,Alpha,2003-10-21
0483,S11E27,-11,-27,6,20,Dao,3,7,Beta,2003-10-21
0484,N05E40,5,-40,353,1420,Ekc,11,46,Beta-Gamma-Delta,2003-10-21
0479,S25W85,-25,85,105,10,Axx,1,1,Alpha,2003-10-22
0482,N14E05,14,-5,15,20,Cro,3,2,Beta,2003-10-22
0483,S10E13,-10,-13,7,70,Dac,4,15,Beta,2003-10-22
0484,N04E26,4,-26,354,1720,Dkc,16,69,Beta-Gamma-Delta,2003-10-22
0485,S06E47,-6,-47,333,30,Dro,6,7,Beta,2003-10-22
0482,N14W08,14,8,15,10,Hsx,1,1,Alpha,2003-10-23
0483,S10E00,-10,0,7,20,Bxo,3,5,Beta,2003-10-23
0484,N04E13,4,-13,354,1750,Ekc,11,56,Beta-Gamma-Delta,2003-10-23
0485,S06E34,-6,-34,333,20,Bxo,5,4,Beta,2003-10-23
0486,S16E81,-16,-81,286,150,Hkx,5,1,Alpha,2003-10-23
0483,S10W13,-10,13,6,10,Bxo,3,3,Beta,2003-10-24
0484,N04W00,4,0,354,1750,Ekc,13,53,Beta-Gamma-Delta,2003-10-24
0485,S06E21,-6,-21,332,10,Hrx,2,2,Alpha,2003-10-24
0486,S16E70,-16,-70,285,1160,Ekc,14,24,Beta-Gamma-Delta,2003-10-24
0482,N17W31,17,31,11,0,Axx,0,1,Alpha,2003-10-25
0484,N05W15,5,15,355,1460,Ekc,12,67,Beta-Gamma-Delta,2003-10-25
0485,S07E08,-7,-8,332,0,Bxo,2,3,Beta,2003-10-25
0486,S16E57,-16,-57,283,1540,Fkc,16,49,Beta-Gamma-Delta,2003-10-25
0484,N04W28,4,28,355,1700,Dkc,10,52,Beta-Gamma-Delta,2003-10-26
0486,S15E45,-15,-45,282,2200,Fkc,18,52,Beta-Gamma-Delta,2003-10-26
0487,N13E72,13,-72,255,160,Cso,7,5,Beta,2003-10-26
0484,N03W41,3,41,355,1350,Ekc,11,57,Beta-Gamma-Delta,2003-10-27
0486,S15E31,-15,-31,283,2170,Fkc,19,94,Beta-Gamma-Delta,2003-10-27
0487,N14E60,14,-60,254,250,Dao,8,10,Beta,2003-10-27
0484,N03W54,3,54,355,1440,Dkc,10,29,Beta-Gamma-Delta,2003-10-28
0486,S16E18,-16,-18,283,2180,Fkc,19,74,Beta-Gamma-Delta,2003-10-28
0487,N14E46,14,-46,255,240,Dao,7,13,Beta,2003-10-28
0488,N09E09,9,-9,292,270,Dko,8,20,Beta,2003-10-28
0489,S11E05,-11,-5,296,30,Cro,4,8,Beta,2003-10-28
0490,S10E25,-10,-25,276,50,Cso,5,6,Beta,2003-10-28
0491,S06E09,-6,-9,292,50,Dao,4,3,Beta,2003-10-28
0492,S22W20,-22,20,321,10,Bxo,3,5,Beta,2003-10-28
0484,N03W68,3,68,355,1240,Dkc,9,15,Beta-Gamma-Delta,2003-10-29
0486,S17E04,-17,-4,283,2120,Fkc,19,55,Beta-Gamma-Delta,2003-10-29
0487,N13E32,13,-32,255,170,Dao,6,10,Beta,2003-10-29
0488,N08W04,8,4,291,800,Dkc,10,34,Beta-Gamma-Delta,2003-10-29
0489,S11W08,-11,8,295,20,Cro,5,7,Beta,2003-10-29
0490,S11E11,-11,-11,276,30,Hrx,1,1,Alpha,2003-10-29
0491,S07W05,-7,5,292,50,Dao,5,6,Beta,2003-10-29
0492,S23W34,-23,34,321,80,Dso,6,10,Beta,2003-10-29
0493,N09E04,9,-4,283,10,Bxo,4,2,Beta,2003-10-29
0484,N03W82,3,82,356,530,Eki,11,14,Beta-Gamma,2003-10-30
0486,S16W11,-16,11,285,2610,Fkc,18,108,Beta-Gamma-Delta,2003-10-30
0487,N12E20,12,-20,254,150,Dao,6,16,Beta,2003-10-30
0488,N07W17,7,17,291,1460,Fkc,16,61,Beta-Gamma-Delta,2003-10-30
0489,S12W22,-12,22,296,50,Dso,5,10,Beta,2003-10-30
0490,S11W03,-11,3,277,10,Cro,5,5,Beta,2003-10-30
0491,S06W19,-6,19,293,100,Dao,6,13,Beta,2003-10-30
0492,S22W48,-22,48,322,250,Dai,9,23,Beta,2003-10-30
0484,N01W95,1,95,356,210,Dao,10,6,Beta-Gamma,2003-10-31
0486,S18W23,-18,23,284,2600,Fkc,18,80,Beta-Gamma-Delta,2003-10-31
0487,N12E06,12,-6,255,280,Dko,7,23,Beta,2003-10-31
0488,N08W28,8,28,289,1750,Fkc,17,34,Beta-Gamma-Delta,2003-10-31
0489,S12W36,-12,36,297,130,Dao,6,9,Beta,2003-10-31
0490,S12W14,-12,14,275,10,Hrx,1,3,Alpha,2003-10-31
0491,S06W32,-6,32,293,120,Dso,7,10,Beta,2003-10-31
0492,S23W62,-23,62,323,340,Eko,11,17,Beta,2003-10-31
0494,S23E08,-23,-8,253,10,Axx,0,1,Alpha,2003-10-31
0495,S22E20,-22,-20,241,240,Dso,8,10,Beta,2003-10-31
0486,S17W36,-17,36,284,2030,Fkc,20,69,Beta-Gamma-Delta,2003-11-01
0487,N12W08,12,8,256,130,Dai,6,20,Beta,2003-11-01
0488,N08W42,8,42,290,1570,Fkc,17,45,Beta-Gamma-Delta,2003-11-01
0489,S12W50,-12,50,298,120,Dao,6,7,Beta,2003-11-01
0491,S07W47,-7,47,295,60,Dao,7,12,Beta,2003-11-01
0492,S23W74,-23,74,322,280,Dao,10,13,Beta,2003-11-01
0495,S22E05,-22,-5,243,210,Dso,8,16,Beta,2003-11-01
0496,S12E09,-12,-9,239,20,Cso,4,4,Beta,2003-11-01
0486,S17W49,-17,49,284,1900,Fkc,16,99,Beta-Gamma-Delta,2003-11-02
0487,N12W21,12,21,256,110,Dao,7,20,Beta,2003-11-02
0488,N08W55,8,55,290,1610,Fkc,17,40,Beta-Gamma-Delta,2003-11-02
0489,S12W63,-12,63,298,30,Dro,6,4,Beta,2003-11-02
0491,S07W60,-7,60,295,40,Dso,7,7,Beta,2003-11-02
0492,S23W87,-23,87,322,240,Eao,11,5,Beta,2003-11-02
0495,S22W08,-22,8,243,220,Dsi,9,14,Beta,2003-11-02
0496,S12W04,-12,4,239,20,Cro,7,8,Beta,2003-11-02
0486,S17W62,-17,62,284,2160,Fkc,16,60,Beta-Gamma-Delta,2003-11-03
0487,N12W34,12,34,256,80,Dao,4,15,Beta,2003-11-03
0488,N08W68,8,68,290,1600,Fkc,16,23,Beta-Gamma-Delta,2003-11-03
0489,S12W76,-12,76,298,50,Cso,6,3,Beta,2003-11-03
0491,S08W73,-8,73,295,30,Axx,2,2,Alpha,2003-11-03
0495,S22W21,-22,21,243,130,Dso,9,11,Beta,2003-11-03
0486,S17W75,-17,75,284,1430,Fkc,15,16,Beta-Gamma-Delta,2003-11-04
0487,N12W48,12,48,256,40,Cso,3,6,Beta,2003-11-04
0488,N08W82,8,82,290,1250,Fkc,19,9,Beta-Gamma-Delta,2003-11-04
0495,S22W35,-22,35,243,110,Dso,9,5,Beta,2003-11-04
0486,S17W89,-17,89,284,630,Ekc,13,15,Beta-Gamma-Delta,2003-11-05
0487,N12W61,12,61,256,20,Cso,3,3,Beta,2003-11-05
0488,N08W95,8,95,290,320,Hax,8,1,Alpha,2003-11-05
0495,S22W48,-22,48,243,120,Dho,10,7,Beta,2003-11-05
0497,N10W45,10,45,240,10,Bxo,6,3,Beta,2003-11-05
0487,N11W73,11,73,255,20,Axx,3,7,Alpha,2003-11-06
0495,S22W60,-22,60,242,110,Cso,9,5,Beta,2003-11-06
0495,S21W76,-21,76,245,100,Cso,3,2,Beta,2003-11-07
0495,S18W89,-18,89,245,120,Hsx,3,1,Alpha,2003-11-08
0498,S03W26,-3,26,168,20,Dro,3,4,Beta,2003-11-09
0499,S17W19,-17,19,161,30,Dso,4,5,Beta,2003-11-09
0498,S04W39,-4,39,168,30,Dso,3,6,Beta,2003-11-10
0499,S16W33,-16,33,162,40,Dao,7,4,Beta,2003-11-10
0500,S08W22,-8,22,151,30,Cao,4,7,Beta,2003-11-10
0498,S04W49,-4,49,165,120,Dao,4,7,Beta,2003-11-11
0499,S17W46,-17,46,162,50,Dso,8,3,Beta,2003-11-11
0500,S09W36,-9,36,152,40,Cso,6,7,Beta,2003-11-11
0498,S04W67,-4,67,170,220,Dao,6,5,Beta,2003-11-12
0499,S18W62,-18,62,165,30,Cro,5,3,Beta,2003-11-12
0500,S09W50,-9,50,153,30,Cro,7,5,Beta,2003-11-12
0498,S02W80,-2,80,170,190,Dso,5,5,Beta,2003-11-13
0499,S16W74,-16,74,164,20,Dro,9,2,Beta,2003-11-13
0500,S07W61,-7,61,151,10,Bxo,1,2,Beta,2003-11-13
0498,S02W91,-2,91,168,110,Dao,5,2,Beta,2003-11-14
0501,N05E65,5,-65,12,340,Fso,20,3,Beta,2003-11-14
0501,N04E61,4,-61,2,340,Dki,8,11,Beta-Gamma,2003-11-15
0502,N05E41,5,-41,22,10,Bxo,3,3,Beta,2003-11-15
0501,N03E48,3,-48,2,340,Dki,6,14,Beta-Gamma,2003-11-16
0502,N04E27,4,-27,23,0,Axx,1,1,Alpha,2003-11-16
0503,N17E09,17,-9,41,20,Dao,3,7,Beta,2003-11-16
0501,N03E35,3,-35,2,380,Dki,5,20,Beta-Gamma,2003-11-17
0503,N17W05,17,5,42,10,Cso,5,3,Beta,2003-11-17
0504,N04W51,4,51,88,0,Axx,1,1,Alpha,2003-11-17
0501,N03E22,3,-22,2,370,Dki,8,25,Beta-Gamma,2003-11-18
0502,N07E04,7,-4,20,0,Axx,1,1,Alpha,2003-11-18
0503,N17W18,17,18,42,10,Bxo,5,3,Beta,2003-11-18
0505,S22E58,-22,-58,326,20,Cso,3,3,Beta,2003-11-18
0501,N03E09,3,-9,2,410,Dhc,10,26,Beta-Gamma-Delta,2003-11-19
0504,N04W73,4,73,84,10,Bxo,3,4,Beta,2003-11-19
0505,S22E45,-22,-45,326,30,Cro,3,3,Beta,2003-11-19
0506,S23E72,-23,-72,299,90,Dao,6,3,Beta,2003-11-19
0507,N10E78,10,-78,293,360,Eko,5,4,Beta-Delta,2003-11-19
0501,N03W05,3,5,2,380,Dko,9,22,Beta-Gamma,2003-11-20
0504,N05W85,5,85,82,30,Cro,2,3,Beta,2003-11-20
0505,S22E32,-22,-32,325,30,Cro,2,3,Beta,2003-11-20
0506,S21E59,-21,-59,298,110,Dso,10,10,Beta,2003-11-20
0507,N10E62,10,-62,295,890,Eki,11,11,Beta-Gamma-Delta,2003-11-20
0508,S17E75,-17,-75,282,700,Eko,11,5,Beta,2003-11-20
0501,N02W18,2,18,2,340,Dki,5,15,Beta-Gamma-Delta,2003-11-21
0505,S23E19,-23,-19,325,30,Cro,2,3,Beta,2003-11-21
0506,S23E44,-23,-44,300,120,Dso,6,10,Beta,2003-11-21
0507,N07E49,7,-49,295,840,Dki,10,22,Beta-Gamma-Delta,2003-11-21
0508,S20E58,-20,-58,286,680,Dko,10,18,Beta-Gamma,2003-11-21
0501,N04W32,4,32,4,310,Dki,6,14,Beta-Gamma-Delta,2003-11-22
0505,S22E07,-22,-7,325,20,Axx,1,2,Alpha,2003-11-22
0506,S21E32,-21,-32,300,60,Cao,5,10,Beta,2003-11-22
0507,N09E36,9,-36,296,800,Eki,11,28,Beta-Gamma,2003-11-22
0508,S18E47,-18,-47,285,510,Fai,16,27,Beta-Gamma,2003-11-22
0501,N03W44,3,44,3,250,Dki,6,8,Beta-Gamma,2003-11-23
0505,S22W06,-22,6,325,10,Bxo,3,3,Beta,2003-11-23
0506,S21E18,-21,-18,301,70,Cao,4,8,Beta,2003-11-23
0507,N09E22,9,-22,297,810,Eki,12,29,Beta-Gamma,2003-11-23
0508,S17E34,-17,-34,285,520,Eki,12,25,Beta-Gamma,2003-11-23
0501,N03W57,3,57,3,250,Dki,8,6,Beta-Gamma,2003-11-24
0505,S22W21,-22,21,327,10,Bxo,3,2,Beta,2003-11-24
0506,S22E05,-22,-5,301,20,Bxo,5,11,Beta,2003-11-24
0507,N09E10,9,-10,296,810,Ekc,12,42,Beta-Gamma-Delta,2003-11-24
0508,S17E20,-17,-20,286,480,Ekc,12,47,Beta-Gamma,2003-11-24
0501,N03W72,3,72,5,150,Dao,4,3,Beta,2003-11-25
0506,S23W07,-23,7,300,10,Cso,3,2,Beta,2003-11-25
0507,N09W03,9,3,296,740,Ekc,12,40,Beta-Gamma-Delta,2003-11-25
0508,S17E08,-17,-8,285,450,Ekc,13,41,Beta-Gamma,2003-11-25
0509,S10E56,-10,-56,237,110,Cso,5,2,Beta,2003-11-25
0510,S22E62,-22,-62,231,60,Hsx,2,1,Alpha,2003-11-25
0501,N04W85,4,85,4,120,Hsx,2,1,Alpha,2003-11-26
0506,S22W18,-22,18,297,10,Bxo,3,2,Beta,2003-11-26
0507,N09W14,9,14,293,660,Ekc,14,41,Beta-Gamma-Delta,2003-11-26
0508,S16W06,-16,6,285,270,Eac,11,52,Beta-Gamma,2003-11-26
0509,S10E43,-10,-43,236,120,Cso,6,10,Beta,2003-11-26
0510,S22E50,-22,-50,229,80,Dso,7,7,Beta,2003-11-26
0511,S14E24,-14,-24,255,40,Dso,6,6,Beta,2003-11-26
0512,N06E31,6,-31,248,20,Cso,3,3,Beta,2003-11-26
0507,N08W30,8,30,296,650,Ekc,13,44,Beta-Gamma-Delta,2003-11-27
0508,S18W18,-18,18,284,360,Eki,11,40,Beta-Gamma,2003-11-27
0509,S11E28,-11,-28,238,80,Cao,5,7,Beta,2003-11-27
0510,S23E36,-23,-36,230,110,Dao,7,19,Beta,2003-11-27
0511,S14E11,-14,-11,255,60,Dao,7,22,Beta,2003-11-27
0512,N06E18,6,-18,248,20,Cso,5,6,Beta,2003-11-27
0513,N09E71,9,-71,195,40,Hsx,3,1,Alpha,2003-11-27
0506,S23W43,-23,43,295,0,Axx,1,1,Alpha,2003-11-28
0507,N07W43,7,43,295,540,Dki,8,14,Beta-Gamma,2003-11-28
0508,S19W31,-19,31,283,180,Dao,7,16,Beta-Gamma,2003-11-28
0509,S11E15,-11,-15,237,50,Dso,3,6,Beta,2003-11-28
0510,S23E24,-23,-24,228,80,Cso,8,13,Beta,2003-11-28
0511,S15W02,-15,2,254,50,Dso,7,6,Beta,2003-11-28
0512,N06E04,6,-4,248,30,Cso,7,6,Beta,2003-11-28
0513,N13E58,13,-58,194,50,Hsx,2,1,Alpha,2003-11-28
0514,S16W46,-16,46,298,0,Axx,1,1,Alpha,2003-11-28
0507,N07W56,7,56,295,570,Dko,8,15,Beta-Gamma,2003-11-29
0508,S19W44,-19,44,283,200,Dai,8,21,Beta-Gamma,2003-11-29
0509,S11E02,-11,-2,237,70,Dao,4,4,Beta,2003-11-29
0510,S23E11,-23,-11,228,150,Dai,10,26,Beta,2003-11-29
0511,S15W15,-15,15,254,50,Dso,8,6,Beta,2003-11-29
0512,N06W09,6,9,248,300,Bxo,6,8,Beta,2003-11-29
0513,N13E45,13,-45,194,50,Hsx,2,1,Alpha,2003-11-29
0514,S15W59,-15,59,298,10,Axx,1,1,Alpha,2003-11-29
0515,S02E68,-2,-68,171,50,Hrx,1,2,Alpha,2003-11-29
0516,S17E70,-17,-70,169,50,Hsx,2,1,Alpha,2003-11-29
0507,N07W69,7,69,295,460,Dko,8,11,Beta-Gamma-Delta,2003-11-30
0508,S19W57,-19,57,283,260,Eac,11,22,Beta-Gamma,2003-11-30
0509,S11W11,-11,11,237,70,Dso,6,4,Beta,2003-11-30
0510,S23W02,-23,2,228,100,Eai,11,28,Beta,2003-11-30
0511,S15W30,-15,30,256,30,Cso,6,7,Beta,2003-11-30
0512,N06W22,6,22,248,10,Axx,1,2,Alpha,2003-11-30
0513,N13E32,13,-32,194,80,Hsx,2,1,Alpha,2003-11-30
0515,S02E55,-2,-55,171,80,Dso,5,7,Beta,2003-11-30
0516,S17E57,-17,-57,169,70,Cso,3,5,Beta,2003-11-30
0507,N07W82,7,82,294,320,Dao,7,8,Beta-Gamma-Delta,2003-12-01
0508,S19W71,-19,71,283,230,Dai,8,15,Beta-Gamma,2003-12-01
0509,S11W24,-11,24,236,40,Hax,2,2,Alpha,2003-12-01
0510,S23W16,-23,16,228,90,Dai,10,27,Beta,2003-12-01
0511,S15W44,-15,44,256,30,Bxo,5,6,Beta,2003-12-01
0512,N06W36,6,36,248,10,Hsx,1,1,Alpha,2003-12-01
0513,N13E18,13,-18,194,70,Hsx,2,2,Alpha,2003-12-01
0515,S02E42,-2,-42,171,30,Bxo,6,8,Beta,2003-12-01
0516,S17E44,-17,-44,168,90,Dao,5,7,Beta,2003-12-01
0517,S07E67,-7,-67,145,160,Cao,7,2,Beta,2003-12-01
0507,N07W95,7,95,294,150,Dao,5,2,Beta,2003-12-02
0508,S19W84,-19,84,283,140,Cso,6,8,Beta,2003-12-02
0509,S11W37,-11,37,236,40,Cso,5,4,Beta,2003-12-02
0510,S23W29,-23,29,229,40,Cro,11,22,Beta,2003-12-02
0511,S15W57,-15,57,256,40,Dso,9,6,Beta,2003-12-02
0513,N13E05,13,-5,194,70,Hsx,2,1,Alpha,2003-12-02
0515,S02E28,-2,-28,171,50,Dso,4,9,Beta,2003-12-02
0516,S17E31,-17,-31,168,60,Dso,7,12,Beta,2003-12-02
0517,S07E60,-7,-60,139,260,Dko,10,5,Beta,2003-12-02
0509,S11W52,-11,52,238,30,Hsx,1,2,Alpha,2003-12-03
0510,S22W45,-22,45,231,20,Bxo,7,10,Beta,2003-12-03
0511,S14W71,-14,71,257,40,Bxo,6,6,Beta,2003-12-03
0513,N12W07,12,7,193,60,Hsx,2,1,Alpha,2003-12-03
0515,S02E13,-2,-13,173,40,Dso,4,9,Beta,2003-12-03
0516,S16E18,-16,-18,168,50,Dso,7,15,Beta,2003-12-03
0517,S06E47,-6,-47,139,350,Dao,9,6,Beta,2003-12-03
0509,S11W67,-11,67,240,10,Axx,1,1,Alpha,2003-12-04
0510,S23W58,-23,58,231,30,Bxo,6,5,Beta,2003-12-04
0513,N12W21,12,21,194,60,Hsx,2,1,Alpha,2003-12-04
0515,S03W01,-3,1,174,40,Cro,3,6,Beta,2003-12-04
0516,S16E04,-16,-4,169,60,Dso,6,9,Beta,2003-12-04
0517,S06E33,-6,-33,140,270,Dso,8,7,Beta,2003-12-04
0518,S22E10,-22,-10,163,0,Axx,1,1,Alpha,2003-12-04
0509,S10W80,-10,80,240,20,Hrx,0,1,Alpha,2003-12-05
0510,S24W69,-24,69,229,110,Cso,9,6,Beta,2003-12-05
0513,N12W34,12,34,194,40,Hsx,12,1,Alpha,2003-12-05
0515,S03W16,-3,16,176,10,Axx,1,1,Alpha,2003-12-05
0516,S16W11,-16,11,171,40,Cso,5,5,Beta,2003-12-05
0517,S06E20,-6,-20,140,290,Dao,10,12,Beta,2003-12-05
0518,S21W03,-21,3,163,0,Axx,1,1,Alpha,2003-12-05
0519,S08W15,-8,15,175,70,Cao,5,8,Beta,2003-12-05
0510,S24W81,-24,81,227,70,Hax,2,1,Alpha,2003-12-06
0513,N12W47,12,47,193,70,Hsx,2,1,Alpha,2003-12-06
0516,S17W24,-17,24,170,90,Dao,5,10,Beta,2003-12-06
0517,S06E07,-6,-7,139,260,Dao,10,18,Beta,2003-12-06
0519,S08W28,-8,28,174,10,Bxo,4,8,Beta,2003-12-06
0510,S23W96,-23,96,229,10,Bxo,5,5,Beta,2003-12-07
0513,N11W62,11,62,195,60,Hsx,2,1,Alpha,2003-12-07
0516,S17W37,-17,37,170,100,Dao,6,11,Beta,2003-12-07
0517,S07W06,-7,6,139,220,Dso,10,19,Beta,2003-12-07
0519,S05W45,-5,45,178,10,Axx,1,1,Alpha,2003-12-07
0513,N11W75,11,75,195,60,Hax,1,1,Alpha,2003-12-08
0516,S17W52,-17,52,172,90,Dao,5,6,Beta,2003-12-08
0517,S08W20,-8,20,140,160,Dao,10,16,Beta,2003-12-08
0513,N11W85,11,85,192,90,Hsx,2,1,Alpha,2003-12-09
0516,S16W63,-16,63,170,60,Cso,2,2,Beta,2003-12-09
0517,S07W32,-7,32,139,120,Dao,8,16,Beta,2003-12-09
0516,S16W80,-16,80,174,50,Hsx,2,1,Alpha,2003-12-10
0517,S08W51,-8,51,145,60,Hsx,1,2,Alpha,2003-12-10
0516,S16W92,-16,92,173,60,Hsx,2,1,Alpha,2003-12-11
0517,S08W64,-8,64,145,70,Hax,2,1,Alpha,2003-12-11
0520,N03E75,3,-75,6,120,Hax,2,2,Alpha,2003-12-11
0521,S11E82,-11,-82,359,60,Dao,4,2,Beta,2003-12-11
0517,S08W78,-8,78,145,60,Hax,2,1,Alpha,2003-12-12
0520,N02E62,2,-62,5,100,Hax,3,1,Alpha,2003-12-12
0521,S11E63,-11,-63,4,110,Dso,8,3,Beta,2003-12-12
0517,S07W92,-7,92,146,30,Hsx,2,1,Alpha,2003-12-13
0520,N02E47,2,-47,7,100,Hsx,2,1,Alpha,2003-12-13
0521,S12E48,-12,-48,4,90,Cso,6,4,Beta,2003-12-13
0520,N02E33,2,-33,8,110,Hsx,2,1,Alpha,2003-12-14
0521,S12E34,-12,-34,7,80,Dso,6,4,Beta,2003-12-14
0522,N16W50,16,50,91,20,Cso,5,5,Beta,2003-12-14
0520,N02E19,2,-19,9,140,Dso,6,10,Beta,2003-12-15
0521,S12E21,-12,-21,7,50,Dso,6,4,Beta,2003-12-15
0522,N16W63,16,63,91,30,Cso,5,4,Beta,2003-12-15
0520,N02E06,2,-6,9,80,Dso,6,5,Beta,2003-12-16
0521,S12E09,-12,-9,6,40,Dso,6,3,Beta,2003-12-16
0522,N15W76,15,76,91,30,Cso,8,4,Beta,2003-12-16
0520,N01W07,1,7,8,170,Dso,7,9,Beta-Gamma,2003-12-17
0521,S11W05,-11,5,6,50,Dso,6,6,Beta-Gamma,2003-12-17
0523,S15E72,-15,-72,289,60,Hsx,1,2,Alpha,2003-12-17
0524,S08E67,-8,-67,294,30,Axx,1,2,Alpha,2003-12-17
0525,N10E68,10,-68,293,30,Axx,1,2,Beta,2003-12-17
0520,N03W22,3,22,10,110,Dso,7,4,Beta,2003-12-18
0521,S11W20,-11,20,8,20,Cro,7,5,Beta,2003-12-18
0523,S15E58,-15,-58,290,20,Axx,0,2,Alpha,2003-12-18
0524,S08E54,-8,-54,294,50,Hsx,2,1,Alpha,2003-12-18
0525,N09E56,9,-56,292,70,Cso,4,5,Beta,2003-12-18
0526,N12W54,12,54,42,30,Hrx,1,1,Alpha,2003-12-18
0527,S15W41,-15,41,29,30,Bxo,4,4,Beta,2003-12-18
0520,N03W35,3,35,10,120,Dao,7,3,Beta,2003-12-19
0521,S12W34,-12,34,9,20,Hsx,1,3,Alpha,2003-12-19
0523,S13E45,-13,-45,290,40,Hax,3,2,Alpha,2003-12-19
0524,S07E39,-7,-39,296,30,Hsx,2,2,Alpha,2003-12-19
0525,N09E44,9,-44,291,90,Dao,7,14,Beta,2003-12-19
0526,N12W66,12,66,41,20,Hsx,1,1,Alpha,2003-12-19
0527,S16W56,-16,56,31,20,Bxo,4,3,Beta,2003-12-19
0528,N08E71,8,-71,264,170,Hax,3,6,Alpha,2003-12-19
0520,N03W48,3,48,10,100,Cso,7,3,Beta,2003-12-20
0521,S12W47,-12,47,9,10,Bxo,4,2,Beta,2003-12-20
0523,S17E34,-17,-34,288,40,Cso,3,4,Beta,2003-12-20
0524,S08E25,-8,-25,297,20,Cso,3,4,Beta,2003-12-20
0525,N10E31,10,-31,291,180,Dki,10,14,Beta,2003-12-20
0527,S15W71,-15,71,33,10,Axx,1,1,Alpha,2003-12-20
0528,N09E62,9,-62,260,290,Fac,16,15,Beta,2003-12-20
0520,N03W61,3,61,10,120,Cso,7,2,Beta,2003-12-21
0523,S17E23,-17,-23,286,20,Cso,3,2,Beta,2003-12-21
0524,S08E13,-8,-13,296,10,Cso,3,2,Beta,2003-12-21
0525,N09E17,9,-17,292,120,Dai,9,17,Beta,2003-12-21
0528,N09E49,9,-49,260,360,Fsi,18,20,Beta,2003-12-21
0529,N09W18,9,18,327,0,Axx,1,1,Alpha,2003-12-21
0520,N02W71,2,71,7,80,Hsx,2,1,Alpha,2003-12-22
0523,S17E09,-17,-9,287,0,Axx,0,2,Alpha,2003-12-22
0524,S08W03,-8,3,299,0,Bxo,1,2,Beta,2003-12-22
0525,N09E05,9,-5,291,130,Dsi,9,20,Beta-Gamma,2003-12-22
0528,N09E37,9,-37,259,390,Fho,18,19,Beta-Gamma,2003-12-22
0530,S20E64,-20,-64,232,30,Hax,2,1,Alpha,2003-12-22
0520,N03W84,3,84,6,90,Hhx,3,1,Alpha,2003-12-23
0523,S18W01,-18,1,283,20,Bxo,4,12,Beta,2003-12-23
0525,N08W10,8,10,292,80,Dao,9,28,Beta,2003-12-23
0528,N09E23,9,-23,259,410,Fko,18,45,Beta-Gamma,2003-12-23
0530,S21E50,-21,-50,232,20,Hax,1,1,Alpha,2003-12-23
0531,N01W21,1,21,303,10,Bxo,7,5,Beta,2003-12-23
0520,N04W99,4,99,8,20,Hrx,1,1,Alpha,2003-12-24
0523,S19W13,-19,13,282,10,Bxo,5,5,Beta,2003-12-24
0525,N08W22,8,22,291,80,Dao,7,11,Beta,2003-12-24
0528,N09E09,9,-9,260,520,Fkc,18,43,Beta-Gamma,2003-12-24
0529,N09W60,9,60,329,10,Axx,1,1,Alpha,2003-12-24
0530,S22E37,-22,-37,232,40,Dso,4,5,Beta,2003-12-24
0531,N02W37,2,37,306,30,Cso,4,8,Beta,2003-12-24
0523,S19W26,-19,26,282,10,Axx,1,1,Alpha,2003-12-25
0525,N09W34,9,34,290,80,Dao,8,14,Beta-Gamma,2003-12-25
0528,N09W04,9,4,260,540,Fai,17,38,Beta-Gamma,2003-12-25
0530,S22E24,-22,-24,232,10,Bxo,4,3,Beta,2003-12-25
0531,N03W50,3,50,306,10,Bxo,3,4,Beta,2003-12-25
0525,N09W49,9,49,292,10,Axx,2,2,Alpha,2003-12-26
0528,N10W18,10,18,261,740,Fkc,17,22,Beta-Gamma,2003-12-26
0532,S11E02,-11,-2,241,30,Cso,4,4,Beta,2003-12-26
0528,N10W31,10,31,261,690,Fkc,18,36,Beta-Gamma,2003-12-27
0532,S11W11,-11,11,241,50,Dao,4,9,Beta,2003-12-27
0528,N10W44,10,44,261,640,Fkc,18,19,Beta-Gamma,2003-12-28
0532,S11W25,-11,25,241,40,Dao,4,8,Beta,2003-12-28
0528,N10W57,10,57,261,500,Fkc,17,12,Beta-Gamma,2003-12-29
0532,S11W38,-11,38,241,20,Cso,4,3,Beta,2003-12-29
0533,N16E54,16,-54,149,40,Dso,3,2,Beta,2003-12-29
0528,N08W69,8,69,259,430,Fkc,17,12,Beta,2003-12-30
0530,S22W50,-22,50,241,10,Bxo,3,2,Beta,2003-12-30
0532,S12W51,-12,51,241,20,Hsx,1,1,Alpha,2003-12-30
0533,N16E38,16,-38,152,10,Axx,1,1,Alpha,2003-12-30
0528,N10W81,10,81,258,100,Fao,16,5,Beta,2003-12-31
0528,N09W93,9,93,258,120,Cao,6,3,Beta,2004-01-01
0534,S05E40,-5,-40,124,10,Bxo,3,2,Beta,2004-01-01
0534,S06E28,-6,-28,123,90,Dso,8,13,Beta,2004-01-02
0535,S19W38,-19,38,189,20,Cro,3,3,Beta,2004-01-02
0536,S11E73,-11,-73,78,380,Hkx,5,1,Alpha,2004-01-02
0534,S06E15,-6,-15,122,100,Dsi,9,13,Beta,2004-01-03
0535,S19W51,-19,51,188,80,Dso,4,5,Beta,2004-01-03
0536,S11E63,-11,-63,74,770,Eko,11,3,Beta,2004-01-03
0534,S05E02,-5,-2,122,110,Dao,10,15,Beta,2004-01-04
0535,S18W64,-18,64,188,130,Dao,5,8,Beta,2004-01-04
0536,S12E51,-12,-51,73,910,Eko,11,12,Beta,2004-01-04
0534,S05W13,-5,13,125,70,Dao,10,14,Beta,2004-01-05
0535,S21W76,-21,76,188,110,Dao,6,7,Beta,2004-01-05
0536,S10E38,-10,-38,74,740,Eki,11,29,Beta,2004-01-05
0534,S06W23,-6,23,122,70,Dso,8,13,Beta,2004-01-06
0535,S22W86,-22,86,185,20,Hsx,3,2,Alpha,2004-01-06
0536,S11E25,-11,-25,74,960,Ekc,11,35,Beta-Gamma,2004-01-06
0534,S07W40,-7,40,126,20,Dro,6,8,Beta,2004-01-07
0536,S10E12,-10,-12,74,980,Ekc,11,34,Beta-Gamma-Delta,2004-01-07
0537,N04E76,4,-76,10,60,Hax,7,6,Alpha,2004-01-07
0536,S12W04,-12,4,76,800,Ekc,14,38,Beta-Gamma-Delta,2004-01-08
0537,N05E64,5,-64,8,190,Cso,7,10,Beta,2004-01-08
0538,N07E04,7,-4,68,10,Cro,3,3,Beta,2004-01-08
0539,N09E29,9,-29,43,10,Cro,4,2,Beta,2004-01-08
0536,S11W16,-11,16,75,780,Dkc,10,55,Beta-Gamma-Delta,2004-01-09
0537,N04E50,4,-50,9,210,Dao,7,19,Beta-Gamma-Delta,2004-01-09
0538,N05W04,5,4,63,10,Bxo,2,2,Beta,2004-01-09
0539,N09E15,9,-15,44,10,Bxo,3,2,Beta,2004-01-09
0536,S12W28,-12,28,74,600,Ekc,11,49,Beta-Gamma,2004-01-10
0537,N05E37,5,-37,9,270,Cko,7,19,Beta-Gamma-Delta,2004-01-10
0536,S12W41,-12,41,74,550,Ekc,11,30,Beta-Gamma,2004-01-11
0537,N05E24,5,-24,9,210,Dkc,7,16,Beta-Gamma-Delta,2004-01-11
0536,S12W54,-12,54,74,480,Ekc,11,22,Beta-Gamma,2004-01-12
0537,N05E11,5,-11,9,210,Dkc,7,11,Beta-Gamma-Delta,2004-01-12
0536,S12W68,-12,68,74,250,Eki,11,25,Beta-Gamma,2004-01-13
0537,N05W03,5,3,9,240,Dkc,6,16,Beta-Gamma-Delta,2004-01-13
0540,S11E76,-11,-76,290,60,Hhx,6,6,Alpha,2004-01-13
0536,S12W81,-12,81,74,240,Eao,11,6,Beta-Gamma,2004-01-14
0537,N05W16,5,16,9,190,Dac,5,10,Beta-Gamma-Delta,2004-01-14
0540,S11E68,-11,-68,285,500,Eao,15,7,Beta,2004-01-14
0537,N04W29,4,29,10,190,Hsx,3,4,Beta-Gamma-Delta,2004-01-15
0540,S13E59,-13,-59,286,180,Eao,11,4,Beta,2004-01-15
0537,N04W43,4,43,10,180,Ckc,5,12,Beta-Gamma-Delta,2004-01-16
0540,S13E43,-13,-43,284,300,Eso,14,10,Beta,2004-01-16
0541,S09W03,-9,3,330,30,Dso,5,5,Beta,2004-01-16
0537,N04W57,4,57,11,160,Dac,4,10,Beta-Delta,2004-01-17
0540,S13E28,-13,-28,286,350,Eao,13,13,Beta,2004-01-17
0541,S09W18,-9,18,332,10,Bxo,2,3,Beta,2004-01-17
0542,N11E54,11,-54,260,60,Cso,3,2,Beta,2004-01-17
0537,N04W70,4,70,11,170,Dao,5,3,Beta,2004-01-18
0540,S14E15,-14,-15,286,350,Eso,14,9,Beta,2004-01-18
0541,S09W31,-9,31,332,60,Dao,3,3,Beta,2004-01-18
0542,N11E43,11,-43,258,30,Hsx,1,1,Alpha,2004-01-18
0537,N04W83,4,83,10,50,Cao,5,3,Beta,2004-01-19
0540,S14E02,-14,-2,285,330,Fko,16,36,Beta,2004-01-19
0541,S10W44,-10,44,331,10,Bxo,2,3,Beta,2004-01-19
0540,S14W10,-14,10,284,300,Fko,16,30,Beta-Gamma-Delta,2004-01-20
0541,S09W58,-9,58,332,10,Axx,1,1,Alpha,2004-01-20
0542,N08E15,8,-15,259,110,Bxo,15,11,Beta,2004-01-20
0543,S18E05,-18,-5,269,70,Cai,4,5,Beta-Gamma,2004-01-20
0540,S14W22,-14,22,283,220,Eao,15,23,Beta-Gamma-Delta,2004-01-21
0542,N10W03,10,3,264,110,Dai,8,12,Beta-Gamma,2004-01-21
0543,S17W08,-17,8,269,80,Dao,5,5,Beta-Gamma,2004-01-21
0544,N08E09,8,-9,252,130,Dai,8,14,Beta-Gamma,2004-01-21
0540,S14W35,-14,35,283,220,Eso,13,22,Beta-Gamma,2004-01-22
0542,N10W16,10,16,264,110,Dai,11,21,Beta-Gamma,2004-01-22
0543,S16W21,-16,21,269,100,Dao,5,10,Beta-Gamma,2004-01-22
0544,N08W04,8,4,252,130,Dso,8,11,Beta-Gamma,2004-01-22
0540,S14W48,-14,48,283,100,Eso,12,5,Beta-Gamma,2004-01-23
0542,N10W29,10,29,264,90,Dsi,8,14,Beta,2004-01-23
0543,S16W34,-16,34,269,80,Dso,4,6,Beta-Gamma,2004-01-23
0544,N08W17,8,17,252,130,Cso,9,11,Beta,2004-01-23
0540,S14W61,-14,61,283,80,Cso,13,3,Beta,2004-01-24
0542,N10W42,10,42,264,40,Cso,6,7,Beta,2004-01-24
0543,S16W47,-16,47,269,40,Cso,4,4,Beta,2004-01-24
0544,N08W30,8,30,252,100,Dao,10,8,Beta,2004-01-24
0540,S14W81,-14,81,289,110,Hsx,2,1,Alpha,2004-01-25
0542,N10W61,10,61,269,30,Hsx,1,1,Alpha,2004-01-25
0543,S16W60,-16,60,268,50,Hsx,2,1,Alpha,2004-01-25
0544,N08W44,8,44,252,40,Bxo,7,4,Beta,2004-01-25
0540,S15W91,-15,91,286,60,Hsx,1,1,Alpha,2004-01-26
0542,N09W71,9,71,266,40,Cso,4,3,Beta,2004-01-26
0543,S16W72,-16,72,267,20,Hsx,1,1,Alpha,2004-01-26
0544,N08W57,8,57,252,10,Bxo,6,3,Beta,2004-01-26
0542,N06W82,6,82,264,10,Axx,2,2,Alpha,2004-01-27
0543,S17W89,-17,89,271,10,Axx,1,1,Alpha,2004-01-27
0544,N03W76,3,76,258,10,Bxo,3,5,Beta,2004-01-27
0545,S20W19,-20,19,161,20,Dso,5,4,Beta,2004-01-30
0546,S12E68,-12,-68,74,50,Hsx,2,1,Alpha,2004-01-30
0545,S20W32,-20,32,161,40,Dso,5,5,Beta,2004-01-31
0546,S11E55,-11,-55,74,50,Cso,4,3,Beta,2004-01-31
0547,S09E14,-9,-14,115,30,Cso,5,4,Beta,2004-01-31
0546,S12E41,-12,-41,75,40,Hsx,1,1,Alpha,2004-02-01
0547,S10E01,-10,-1,115,20,Dso,4,4,Beta,2004-02-01
0548,N06E30,6,-30,86,10,Hsx,1,1,Alpha,2004-02-01
0549,N13E70,13,-70,46,90,Dso,8,3,Beta,2004-02-01
0546,S12E27,-12,-27,76,30,Cso,4,3,Beta,2004-02-02
0547,S10W12,-10,12,115,60,Dso,4,6,Beta,2004-02-02
0548,N06E17,6,-17,86,10,Bxo,3,3,Beta,2004-02-02
0549,N14E57,14,-57,46,180,Eao,11,5,Beta,2004-02-02
0546,S12E15,-12,-15,75,20,Hsx,1,2,Alpha,2004-02-03
0547,S09W27,-9,27,117,80,Dai,8,12,Beta-Gamma,2004-02-03
0549,N14E41,14,-41,49,240,Eai,11,20,Beta,2004-02-03
0550,S08W14,-8,14,104,30,Dso,4,4,Beta,2004-02-03
0551,S06E64,-6,-64,26,40,Hax,2,1,Alpha,2004-02-03
0552,S08E18,-8,-18,72,30,Cso,5,7,Beta,2004-02-03
0546,S12E02,-12,-2,74,20,Hsx,7,1,Alpha,2004-02-04
0547,S09W40,-9,40,116,150,Dai,8,12,Beta-Gamma,2004-02-04
0549,N14E30,14,-30,46,220,Eai,11,18,Beta,2004-02-04
0550,S09W26,-9,26,102,30,Dso,4,2,Beta,2004-02-04
0551,S05E51,-5,-51,25,50,Cao,6,3,Beta,2004-02-04
0552,S07E06,-7,-6,70,50,Cso,4,7,Beta,2004-02-04
0547,S08W55,-8,55,118,60,Dao,3,6,Beta,2004-02-05
0549,N14E17,14,-17,46,200,Eao,12,14,Beta,2004-02-05
0550,S09W39,-9,39,102,20,Cao,2,2,Beta,2004-02-05
0551,S06E39,-6,-39,24,110,Dao,9,8,Beta,2004-02-05
0552,S08W06,-8,6,69,50,Cso,4,5,Beta,2004-02-05
0547,S08W70,-8,70,120,40,Hsx,1,2,Alpha,2004-02-06
0549,N14E04,14,-4,46,120,Eao,12,26,Beta,2004-02-06
0551,S06E26,-6,-26,24,220,Dko,8,21,Beta,2004-02-06
0552,S08W20,-8,20,70,30,Dao,4,6,Beta,2004-02-06
0553,S05E01,-5,-1,49,30,Dso,4,4,Beta,2004-02-06
0547,S08W83,-8,83,120,30,Hsx,1,1,Alpha,2004-02-07
0549,N14W09,14,9,46,70,Eao,12,20,Beta,2004-02-07
0551,S06E13,-6,-13,24,260,Dao,10,21,Beta-Gamma,2004-02-07
0552,S08W33,-8,33,70,10,Axx,1,1,Alpha,2004-02-07
0553,S05W12,-5,12,49,10,Bxo,3,5,Beta,2004-02-07
0549,N14W22,14,22,46,90,Eac,12,22,Beta,2004-02-08
0551,S06W00,-6,0,24,300,Dao,9,26,Beta-Gamma,2004-02-08
0553,S04W25,-4,25,49,10,Axx,1,3,Alpha,2004-02-08
0554,S08E76,-8,-76,308,0,Axx,1,1,Alpha,2004-02-08
0549,N13W36,13,36,46,80,Esc,12,15,Beta,2004-02-09
0551,S06W14,-6,14,24,370,Eko,12,23,Beta-Gamma,2004-02-09
0554,S08E62,-8,-62,308,170,Dkc,6,6,Beta,2004-02-09
0549,N13W49,13,49,46,60,Dso,9,9,Beta,2004-02-10
0551,S06W27,-6,27,24,330,Eki,12,23,Beta-Gamma,2004-02-10
0554,S08E52,-8,-52,305,310,Dhc,9,8,Beta-Gamma-Delta,2004-02-10
0555,S14E72,-14,-72,285,20,Hax,1,1,Alpha,2004-02-10
0549,N13W62,13,62,46,30,Bxo,5,3,Beta,2004-02-11
0551,S08W41,-8,41,25,210,Eso,11,20,Beta,2004-02-11
0554,S10E38,-10,-38,306,250,Dsc,9,14,Beta-Gamma,2004-02-11
0555,S14E58,-14,-58,286,30,Hsx,1,1,Alpha,2004-02-11
0549,N12W79,12,79,50,10,Axx,1,1,Alpha,2004-02-12
0551,S08W55,-8,55,26,130,Eao,11,14,Beta,2004-02-12
0554,S09E24,-9,-24,307,240,Eho,11,15,Beta,2004-02-12
0555,S14E45,-14,-45,286,20,Hax,1,1,Alpha,2004-02-12
0556,N16E22,16,-22,309,30,Cao,5,10,Beta,2004-02-12
0551,S08W68,-8,68,26,90,Dso,7,5,Beta,2004-02-13
0554,S10E12,-10,-12,306,290,Dho,9,7,Beta,2004-02-13
0555,S14E32,-14,-32,286,10,Axx,1,1,Alpha,2004-02-13
0556,N16E06,16,-6,312,30,Bxi,8,12,Beta,2004-02-13
0551,S07W79,-7,79,24,50,Hxx,2,2,Alpha,2004-02-14
0554,S08W01,-8,1,306,150,Dso,8,4,Beta,2004-02-14
0556,N16W04,16,4,309,20,Cso,6,7,Beta,2004-02-14
0557,S11W32,-11,32,337,30,Cao,3,6,Beta,2004-02-14
0558,S15E36,-15,-36,269,20,Cso,4,2,Beta,2004-02-14
0554,S09W13,-9,13,304,170,Dso,8,8,Beta,2004-02-15
0556,N17W19,17,19,310,10,Cso,5,6,Beta,2004-02-15
0558,S16E21,-16,-21,270,10,Hrx,1,1,Alpha,2004-02-15
0559,N07W42,7,42,333,20,Cso,4,9,Beta,2004-02-15
0554,S09W28,-9,28,306,130,Cso,8,6,Beta,2004-02-16
0556,N16W37,16,37,315,20,Bxo,2,2,Beta,2004-02-16
0558,S16E07,-16,-7,271,10,Axx,1,1,Alpha,2004-02-16
0559,N08W56,8,56,334,60,Dso,4,4,Beta,2004-02-16
0560,S16E30,-16,-30,248,20,Axx,1,1,Alpha,2004-02-16
0561,N02E64,2,-64,214,30,Hrx,2,1,Alpha,2004-02-16
0554,S08W43,-8,43,308,100,Cso,7,2,Beta,2004-02-17
0555,S16W22,-16,22,287,0,Axx,0,1,Alpha,2004-02-17
0556,N15W54,15,54,319,20,Cso,3,3,Beta,2004-02-17
0558,S16W06,-16,6,271,0,Axx,0,1,Alpha,2004-02-17
0559,N07W68,7,68,333,30,Hsx,1,1,Alpha,2004-02-17
0560,S17E17,-17,-17,248,10,Cso,3,2,Beta,2004-02-17
0561,N02E52,2,-52,213,30,Hsx,1,1,Alpha,2004-02-17
0554,S08W56,-8,56,308,50,Hsx,3,1,Alpha,2004-02-18
0561,N02E39,2,-39,213,30,Hsx,2,1,Alpha,2004-02-18
0554,S08W69,-8,69,308,60,Hsx,2,1,Alpha,2004-02-19
0561,N02E26,2,-26,213,20,Hsx,2,2,Alpha,2004-02-19
0554,S08W83,-8,83,308,60,Hsx,1,1,Alpha,2004-02-20
0561,N02E12,2,-12,213,30,Hsx,1,1,Alpha,2004-02-20
0562,S11E73,-11,-73,152,10,Axx,1,1,Alpha,2004-02-20
0561,N02W01,2,1,213,10,Hsx,1,1,Alpha,2004-02-21
0562,S11E59,-11,-59,153,60,Dao,8,2,Beta,2004-02-21
0563,S21E66,-21,-66,146,30,Axx,1,1,Alpha,2004-02-21
0561,N02W15,2,15,214,20,Axx,1,2,Alpha,2004-02-22
0562,S13E45,-13,-45,154,20,Bxo,7,2,Beta,2004-02-22
0563,S24E51,-24,-51,148,20,Axx,1,1,Alpha,2004-02-22
0564,N14E42,14,-42,157,20,Bxo,6,7,Beta,2004-02-22
0561,N02W30,2,30,216,10,Axx,1,1,Alpha,2004-02-23
0562,S12E29,-12,-29,157,10,Axx,1,1,Alpha,2004-02-23
0563,S23E40,-23,-40,146,30,Hsx,1,1,Alpha,2004-02-23
0564,N13E26,13,-26,160,180,Eai,11,15,Beta-Gamma,2004-02-23
0562,S13E13,-13,-13,160,0,Axx,0,1,Alpha,2004-02-24
0563,S24E26,-24,-26,147,10,Hrx,1,1,Alpha,2004-02-24
0564,N13E13,13,-13,160,300,Eko,12,20,Beta-Gamma,2004-02-24
0565,S05E35,-5,-35,138,50,Dro,6,6,Beta,2004-02-24
0563,S24E13,-24,-13,147,30,Hsx,2,2,Alpha,2004-02-25
0564,N15E00,15,0,160,470,Eki,11,27,Beta-Gamma,2004-02-25
0565,S04E22,-4,-22,138,120,Cao,7,13,Beta,2004-02-25
0566,N05E21,5,-21,139,20,Cro,4,3,Beta,2004-02-25
0562,S12W09,-12,9,155,10,Bxo,3,2,Beta,2004-02-26
0563,S23E01,-23,-1,145,30,Hsx,2,2,Alpha,2004-02-26
0564,N14W14,14,14,160,540,Ekc,11,39,Beta-Gamma,2004-02-26
0565,S05E07,-5,-7,139,180,Cao,8,13,Beta,2004-02-26
0566,N05E05,5,-5,141,10,Axx,1,1,Alpha,2004-02-26
0563,S23W12,-23,12,145,10,Hsx,1,1,Alpha,2004-02-27
0564,N14W27,14,27,160,650,Ekc,11,51,Beta-Gamma-Delta,2004-02-27
0565,S05W07,-5,7,140,130,Dai,7,23,Beta,2004-02-27
0563,S23W27,-23,27,147,10,Axx,1,1,Alpha,2004-02-28
0564,N14W42,14,42,162,870,Ekc,11,29,Beta-Gamma,2004-02-28
0565,S04W21,-4,21,141,190,Dko,8,15,Beta,2004-02-28
0567,S13E50,-13,-50,70,40,Cso,6,5,Beta,2004-02-28
0563,S23W39,-23,39,146,20,Cso,2,2,Beta,2004-02-29
0564,N15W54,15,54,161,780,Ekc,11,28,Beta-Gamma,2004-02-29
0565,S04W33,-4,33,140,180,Dao,9,11,Beta,2004-02-29
0567,S13E37,-13,-37,70,70,Dao,8,9,Beta,2004-02-29
0568,S16W20,-16,20,127,20,Bxo,4,4,Beta,2004-02-29
0564,N13W67,13,67,161,650,Eai,12,16,Beta-Gamma,2004-03-01
0565,S04W51,-4,51,145,100,Dao,5,6,Beta,2004-03-01
0567,S13E24,-13,-24,70,120,Dao,9,16,Beta,2004-03-01
0568,S17W32,-17,32,126,10,Bxo,3,3,Beta,2004-03-01
0564,N13W80,13,80,160,130,Dso,10,12,Beta,2004-03-02
0565,S04W64,-4,64,144,80,Cso,5,7,Beta-Gamma,2004-03-02
0567,S13E11,-13,-11,69,120,Dai,9,17,Beta-Gamma,2004-03-02
0565,S03W78,-3,78,145,100,Dso,4,2,Beta,2004-03-03
0567,S12W04,-12,4,71,140,Esi,11,28,Beta,2004-03-03
0565,S02W93,-2,93,147,80,Hsx,3,1,Alpha,2004-03-04
0567,S12W16,-12,16,70,160,Eai,12,21,Beta-Gamma,2004-03-04
0567,S12W29,-12,29,70,160,Eac,12,29,Beta-Gamma-Delta,2004-03-05
0569,S11E34,-11,-34,11,20,Bxo,4,4,Beta,2004-03-05
0567,S12W42,-12,42,70,160,Eao,14,16,Beta-Gamma-Delta,2004-03-06
0569,S11E16,-11,-16,12,40,Cso,4,8,Beta,2004-03-06
0570,S13E84,-13,-84,304,100,Hkx,3,1,Alpha,2004-03-06
0567,S12W55,-12,55,70,210,Eao,13,17,Beta-Gamma,2004-03-07
0569,S11E03,-11,-3,12,70,Dao,6,7,Beta,2004-03-07
0570,S13E70,-13,-70,305,340,Cko,17,7,Beta,2004-03-07
0567,S14W66,-14,66,67,80,Eao,11,8,Beta,2004-03-08
0569,S11W11,-11,11,12,30,Dao,6,6,Beta,2004-03-08
0570,S14E59,-14,-59,302,570,Ekc,14,9,Beta,2004-03-08
0567,S14W79,-14,79,67,30,Bxo,10,4,Beta,2004-03-09
0569,S12W26,-12,26,14,20,Hsx,1,2,Alpha,2004-03-09
0570,S14E46,-14,-46,302,750,Fko,20,19,Beta-Gamma,2004-03-09
0569,S12W40,-12,40,15,10,Hsx,1,1,Alpha,2004-03-10
0570,S14E34,-14,-34,301,640,Fho,18,19,Beta-Gamma,2004-03-10
0569,S12W54,-12,54,16,30,Bxo,3,3,Beta,2004-03-11
0570,S14E20,-14,-20,302,730,Fko,10,21,Beta-Gamma,2004-03-11
0571,S14W13,-14,13,335,10,Bxo,1,2,Beta,2004-03-11
0569,S11W68,-11,68,18,10,Axx,1,1,Alpha,2004-03-12
0570,S13E07,-13,-7,303,580,Fko,20,33,Beta-Gamma-Delta,2004-03-12
0571,S14W27,-14,27,337,10,Bxo,3,3,Beta,2004-03-12
0569,S13W80,-13,80,16,10,Axx,1,1,Alpha,2004-03-13
0570,S14W05,-14,5,301,550,Fao,18,23,Beta-Gamma-Delta,2004-03-13
0572,N19W05,19,5,301,20,Cso,4,6,Beta,2004-03-13
0573,S14E71,-14,-71,225,80,Hsx,4,1,Alpha,2004-03-13
0570,S13W20,-13,20,303,390,Fho,18,19,Beta-Gamma-Delta,2004-03-14
0572,N19W19,19,19,302,110,Dao,5,10,Beta,2004-03-14
0573,S12E57,-12,-57,226,70,Hax,2,2,Alpha,2004-03-14
0570,S13W32,-13,32,302,340,Fko,19,18,Beta-Gamma,2004-03-15
0572,N19W32,19,32,302,100,Dso,5,11,Beta,2004-03-15
0573,S13E44,-13,-44,226,50,Hax,2,2,Alpha,2004-03-15
0570,S14W46,-14,46,303,230,Fko,17,9,Beta-Gamma,2004-03-16
0572,N19W45,19,45,302,90,Cso,5,8,Beta,2004-03-16
0573,S12E33,-12,-33,224,30,Hax,1,2,Alpha,2004-03-16
0570,S14W66,-14,66,310,220,Dso,7,4,Beta-Gamma,2004-03-17
0572,N19W58,19,58,302,40,Hsx,1,1,Alpha,2004-03-17
0573,S12E20,-12,-20,224,20,Cso,4,4,Beta,2004-03-17
0574,S02E70,-2,-70,174,40,Cso,5,4,Beta,2004-03-17
0570,S14W80,-14,80,310,200,Dko,9,3,Beta-Gamma,2004-03-18
0572,N19W72,19,72,302,40,Hsx,2,1,Alpha,2004-03-18
0573,S12E06,-12,-6,224,10,Bxo,3,2,Beta,2004-03-18
0574,S02E56,-2,-56,174,110,Dsi,8,18,Beta-Gamma,2004-03-18
0575,S18W02,-18,2,232,10,Bxo,3,3,Beta,2004-03-18
0576,S18W38,-18,38,268,20,Cso,4,3,Beta,2004-03-18
0577,S01E77,-1,-77,153,60,Hsx,2,1,Alpha,2004-03-18
0570,S14W93,-14,93,310,120,Dso,6,2,Beta-Gamma,2004-03-19
0573,S12W07,-12,7,224,10,Axx,1,1,Alpha,2004-03-19
0574,S02E43,-2,-43,174,160,Dac,9,21,Beta-Gamma,2004-03-19
0575,S18W15,-18,15,232,20,Cao,4,4,Beta,2004-03-19
0576,S18W51,-18,51,268,40,Dao,6,6,Beta,2004-03-19
0577,N00E09,0,-9,208,40,Hax,2,1,Alpha,2004-03-19
0578,N15E76,15,-76,141,60,Hax,2,2,Alpha,2004-03-19
0573,S12W22,-12,22,226,10,Axx,1,1,Alpha,2004-03-20
0574,S04E28,-4,-28,176,140,Dac,10,20,Beta-Gamma,2004-03-20
0576,S18W65,-18,65,269,50,Dao,5,6,Beta,2004-03-20
0577,S01E52,-1,-52,152,70,Hsx,2,1,Alpha,2004-03-20
0578,N15E60,15,-60,144,80,Dao,9,11,Beta,2004-03-20
0574,S04E14,-4,-14,177,120,Esi,11,22,Beta-Gamma,2004-03-21
0576,S07W78,-7,78,269,30,Cro,5,3,Beta,2004-03-21
0577,S01E39,-1,-39,152,70,Hsx,2,1,Alpha,2004-03-21
0578,N15E47,15,-47,144,160,Dsc,10,16,Beta,2004-03-21
0574,S04E01,-4,-1,177,100,Esi,11,20,Beta-Gamma,2004-03-22
0577,N00E27,0,-27,151,40,Hsx,2,1,Alpha,2004-03-22
0578,N15E34,15,-34,144,180,Eao,12,14,Beta,2004-03-22
0574,S03W13,-3,13,178,80,Eao,12,24,Beta,2004-03-23
0577,N00E13,0,-13,152,40,Hsx,2,1,Alpha,2004-03-23
0578,N16E20,16,-20,145,120,Eao,12,21,Beta,2004-03-23
0579,S11E48,-11,-48,117,20,Axx,1,1,Alpha,2004-03-23
0574,S04W25,-4,25,176,130,Esc,12,33,Beta-Gamma,2004-03-24
0577,N00W01,0,1,152,50,Cso,3,4,Beta,2004-03-24
0578,N15E05,15,-5,146,190,Fsc,16,31,Beta-Gamma,2004-03-24
0579,S13E35,-13,-35,116,10,Bxo,2,2,Beta,2004-03-24
0574,S04W40,-4,40,178,130,Eac,13,24,Beta,2004-03-25
0577,S01W14,-1,14,152,60,Cso,4,4,Beta,2004-03-25
0578,N15W07,15,7,145,190,Eao,15,27,Beta,2004-03-25
0580,S07W07,-7,7,145,10,Axx,1,3,Alpha,2004-03-25
0581,S03E81,-3,-81,57,60,Hax,3,1,Alpha,2004-03-25
0574,S04W52,-4,52,177,140,Eao,12,17,Beta-Gamma,2004-03-26
0577,N00W25,0,25,150,50,Cso,4,5,Beta,2004-03-26
0578,N15W21,15,21,146,180,Eao,15,24,Beta,2004-03-26
0579,S13E07,-13,-7,118,0,Axx,1,1,Alpha,2004-03-26
0580,S06W21,-6,21,146,10,Hsx,1,2,Alpha,2004-03-26
0581,S03E66,-3,-66,59,100,Hsx,2,1,Alpha,2004-03-26
0582,N16E72,16,-72,53,170,Dsi,9,8,Beta,2004-03-26
0574,S04W65,-4,65,177,70,Eao,12,13,Beta,2004-03-27
0577,N00W38,0,38,150,60,Cso,6,6,Beta,2004-03-27
0578,N15W34,15,34,146,150,Eao,14,18,Beta-Gamma,2004-03-27
0581,S03E53,-3,-53,59,140,Cso,5,4,Beta,2004-03-27
0582,N16E59,16,-59,53,250,Dai,9,9,Beta-Gamma,2004-03-27
0574,S05W83,-5,83,182,10,Axx,1,1,Alpha,2004-03-28
0577,S02W54,-2,54,153,20,Hsx,1,1,Alpha,2004-03-28
0578,N15W47,15,47,146,60,Eao,13,9,Beta,2004-03-28
0581,S04E39,-4,-39,60,120,Hsx,3,1,Alpha,2004-03-28
0582,N14E45,14,-45,54,380,Eko,11,12,Beta,2004-03-28
0583,N07W66,7,66,165,10,Bxo,7,2,Beta,2004-03-28
0584,S13E21,-13,-21,78,30,Cso,5,6,Beta,2004-03-28
0585,S15E50,-15,-50,49,50,Dso,7,5,Beta,2004-03-28
0586,S18W80,-18,80,179,10,Bxo,5,2,Beta,2004-03-28
0577,S03W68,-3,68,153,20,Hax,2,1,Alpha,2004-03-29
0578,N14W57,14,57,142,20,Hsx,1,2,Alpha,2004-03-29
0581,S03E24,-3,-24,61,140,Hax,3,1,Alpha,2004-03-29
0582,N15E30,15,-30,55,390,Dki,9,23,Beta,2004-03-29
0583,N08W81,8,81,166,40,Bxo,5,3,Beta,2004-03-29
0584,S13E08,-13,-8,77,30,Cao,6,4,Beta,2004-03-29
0585,S14E40,-14,-40,45,50,Dai,5,7,Beta,2004-03-29
0587,S13E73,-13,-73,12,110,Dai,8,4,Beta,2004-03-29
0577,S03W81,-3,81,153,20,Hrx,1,1,Alpha,2004-03-30
0578,N13W69,13,69,141,10,Bxo,3,3,Beta,2004-03-30
0581,S04E11,-4,-11,61,160,Hsx,3,1,Alpha,2004-03-30
0582,N14E18,14,-18,54,420,Eki,11,54,Beta-Gamma,2004-03-30
0584,S13W03,-13,3,75,10,Bxo,2,3,Beta,2004-03-30
0585,S14E25,-14,-25,47,50,Dro,5,19,Beta,2004-03-30
0587,S12E63,-12,-63,9,80,Cao,11,18,Beta,2004-03-30
0581,S05W02,-5,2,61,110,Hsx,3,2,Alpha,2004-03-31
0582,N14E04,14,-4,55,300,Eki,12,59,Beta-Gamma,2004-03-31
0585,S15E12,-15,-12,47,10,Axx,1,2,Alpha,2004-03-31
0587,S13E50,-13,-50,9,120,Eao,11,18,Beta,2004-03-31
0581,S05W15,-5,15,61,100,Hsx,2,2,Alpha,2004-04-01
0582,N14W09,14,9,55,250,Eki,12,28,Beta-Gamma,2004-04-01
0585,S15W01,-15,1,47,10,Bxo,3,3,Beta,2004-04-01
0587,S13E37,-13,-37,9,200,Eao,11,22,Beta,2004-04-01
0581,S05W28,-5,28,61,90,Hsx,2,1,Alpha,2004-04-02
0582,N14W22,14,22,55,220,Eso,12,24,Beta-Gamma,2004-04-02
0585,S15W14,-15,14,47,0,Axx,1,1,Alpha,2004-04-02
0587,S13E24,-13,-24,9,170,Cao,9,23,Beta,2004-04-02
0588,S12E74,-12,-74,319,60,Hsx,1,1,Alpha,2004-04-02
0581,S05W41,-5,41,61,100,Hsx,2,2,Alpha,2004-04-03
0582,N14W35,14,35,55,140,Eso,12,15,Beta,2004-04-03
0585,S15W27,-15,27,47,10,Axx,1,1,Alpha,2004-04-03
0587,S13E11,-13,-11,9,160,Eao,11,30,Beta,2004-04-03
0588,S12E64,-12,-64,316,60,Hsx,2,1,Alpha,2004-04-03
0581,S05W55,-5,55,61,100,Hsx,2,1,Alpha,2004-04-04
0582,N14W51,14,51,57,140,Cso,11,7,Beta,2004-04-04
0587,S13W03,-13,3,9,130,Eao,11,16,Beta,2004-04-04
0588,S12E51,-12,-51,316,70,Dso,3,4,Beta,2004-04-04
0581,S04W68,-4,68,61,90,Hsx,2,1,Alpha,2004-04-05
0582,N14W66,14,66,59,130,Hsx,3,1,Alpha,2004-04-05
0587,S14W17,-14,17,10,150,Dao,7,16,Beta,2004-04-05
0588,S16E40,-16,-40,313,120,Cso,8,11,Beta,2004-04-05
0581,S04W83,-4,83,63,40,Hsx,2,1,Alpha,2004-04-06
0582,N14W81,14,81,61,120,Hsx,3,1,Alpha,2004-04-06
0587,S14W31,-14,31,11,140,Cai,9,17,Beta,2004-04-06
0588,S15E25,-15,-25,315,170,Dao,7,12,Beta-Gamma,2004-04-06
0589,N10E54,10,-54,286,50,Bxo,4,4,Beta,2004-04-06
0582,N14W96,14,96,63,60,Hsx,3,1,Alpha,2004-04-07
0587,S13W45,-13,45,12,70,Cao,5,7,Beta,2004-04-07
0588,S15E14,-15,-14,313,130,Dai,9,15,Beta,2004-04-07
0589,N10E43,10,-43,284,20,Axx,2,3,Alpha,2004-04-07
0587,S13W59,-13,59,13,30,Cao,6,5,Beta,2004-04-08
0588,S17E01,-17,-1,313,150,Dao,8,9,Beta-Gamma,2004-04-08
0589,N11E29,11,-29,285,10,Axx,1,1,Alpha,2004-04-08
0590,S09W71,-9,71,25,20,Bxo,4,2,Beta,2004-04-08
0587,S13W72,-13,72,12,20,Axx,1,2,Alpha,2004-04-09
0588,S16W13,-16,13,313,140,Dao,9,11,Beta,2004-04-09
0588,S15W26,-15,26,313,120,Cso,6,8,Beta,2004-04-10
0588,S15W38,-15,38,312,150,Cso,8,10,Beta,2004-04-11
0588,S15W55,-15,55,316,90,Cso,5,6,Beta,2004-04-12
0588,S15W68,-15,68,316,100,Cao,5,5,Beta,2004-04-13
0591,S15E01,-15,-1,247,40,Cao,8,12,Beta,2004-04-13
0588,S13W80,-13,80,315,60,Hax,3,1,Alpha,2004-04-14
0591,S16W13,-16,13,248,50,Cao,7,9,Beta,2004-04-14
0592,S12E59,-12,-59,176,20,Hsx,2,1,Alpha,2004-04-14
0588,S13W92,-13,92,313,40,Hrx,2,1,Alpha,2004-04-15
0591,S16W25,-16,25,245,80,Eai,11,13,Beta-Gamma-Delta,2004-04-15
0592,S12E46,-12,-46,174,30,Hrx,2,3,Alpha,2004-04-15
0593,S20E43,-20,-43,177,20,Hsx,1,1,Alpha,2004-04-15
0594,N15E69,15,-69,151,60,Hsx,2,1,Alpha,2004-04-15
0591,S16W38,-16,38,245,90,Dso,9,14,Beta-Gamma-Delta,2004-04-16
0592,S12E33,-12,-33,174,30,Hsx,1,3,Alpha,2004-04-16
0593,S20E30,-20,-30,177,0,Axx,1,1,Alpha,2004-04-16
0594,N15E56,15,-56,151,60,Hsx,2,2,Alpha,2004-04-16
0591,S16W52,-16,52,246,70,Dao,9,6,Beta,2004-04-17
0592,S11E19,-11,-19,175,20,Hsx,1,1,Alpha,2004-04-17
0594,N15E40,15,-40,154,70,Hax,2,2,Alpha,2004-04-17
0595,S09E68,-9,-68,126,40,Cso,6,4,Beta,2004-04-17
0591,S16W65,-16,65,246,60,Dao,7,7,Beta,2004-04-18
0592,S11E06,-11,-6,175,10,Hsx,1,1,Alpha,2004-04-18
0594,N15E27,15,-27,154,50,Hax,2,4,Alpha,2004-04-18
0595,S09E55,-9,-55,126,10,Bxo,6,3,Beta,2004-04-18
0591,S17W79,-17,79,247,50,Bxo,7,4,Beta,2004-04-19
0592,S10W08,-10,8,176,10,Axx,1,1,Alpha,2004-04-19
0593,S18W11,-18,11,179,40,Bxo,6,7,Beta,2004-04-19
0594,N15E14,15,-14,154,20,Bxo,6,6,Beta,2004-04-19
0595,S08E40,-8,-40,128,30,Ero,11,6,Beta,2004-04-19
0596,S08E60,-8,-60,108,160,Dso,9,8,Beta,2004-04-19
0592,S10W21,-10,21,175,10,Axx,1,1,Alpha,2004-04-20
0593,S18W24,-18,24,178,50,Dai,6,10,Beta,2004-04-20
0594,N15E00,15,0,154,10,Hsx,1,1,Alpha,2004-04-20
0595,S07E27,-7,-27,127,80,Dai,8,25,Beta,2004-04-20
0596,S09E44,-9,-44,110,290,Eki,11,21,Beta,2004-04-20
0593,S19W37,-19,37,178,60,Dso,8,9,Beta,2004-04-21
0594,N15W13,15,13,154,20,Hsx,1,1,Alpha,2004-04-21
0595,S07E13,-7,-13,128,70,Dao,7,10,Beta,2004-04-21
0596,S09E31,-9,-31,110,340,Dko,10,20,Beta,2004-04-21
0597,S06W60,-6,60,201,70,Dao,4,6,Beta,2004-04-21
0593,S18W51,-18,51,179,30,Cso,9,5,Beta,2004-04-22
0595,S06E00,-6,0,128,50,Cao,8,11,Beta,2004-04-22
0596,S07E19,-7,-19,109,340,Eai,12,22,Beta-Gamma,2004-04-22
0597,S06W72,-6,72,200,50,Dso,5,4,Beta,2004-04-22
0598,S05W30,-5,30,158,20,Cso,5,6,Beta,2004-04-22
0593,S19W64,-19,64,179,20,Cso,7,3,Beta,2004-04-23
0595,S07W14,-7,14,129,30,Cso,6,6,Beta,2004-04-23
0596,S08E04,-8,-4,110,400,Eko,13,24,Beta-Gamma,2004-04-23
0597,S07W84,-7,84,199,50,Cso,7,3,Beta,2004-04-23
0598,S07W45,-7,45,160,20,Bxo,5,4,Beta,2004-04-23
0595,S07W26,-7,26,128,40,Cso,7,9,Beta,2004-04-24
0596,S08W09,-8,9,111,320,Eko,11,20,Beta-Gamma,2004-04-24
0597,S08W91,-8,91,193,90,Dso,8,4,Beta,2004-04-24
0595,S08W38,-8,38,126,10,Bxo,4,11,Beta,2004-04-25
0596,S09W21,-9,21,109,240,Eso,11,15,Beta,2004-04-25
0599,N14E51,14,-51,37,120,Dai,6,8,Beta,2004-04-25
0596,S08W36,-8,36,111,230,Eao,11,8,Beta,2004-04-26
0599,N16E28,16,-28,47,170,Dai,8,17,Beta-Gamma,2004-04-26
0596,S08W52,-8,52,114,240,Cao,5,3,Beta,2004-04-27
0599,N15E14,15,-14,48,200,Dao,9,12,Beta-Gamma,2004-04-27
0600,N18W06,18,6,68,30,Cso,3,2,Beta,2004-04-27
0596,S08W67,-8,67,116,170,Hax,4,1,Beta,2004-04-28
0599,N14E02,14,-2,47,140,Dso,10,7,Beta,2004-04-28
0596,S08W79,-8,79,115,200,Dso,5,2,Beta,2004-04-29
0599,N15W11,15,11,47,90,Cao,10,10,Beta,2004-04-29
0596,S07W92,-7,92,115,120,Hsx,4,1,Alpha,2004-04-30
0599,N16W26,16,26,49,80,Cao,8,4,Beta,2004-04-30
0599,N17W41,17,41,50,50,Cao,2,2,Beta,2004-05-01
0601,S09W20,-9,20,29,20,Bxo,5,7,Beta,2004-05-01
0602,S14W53,-14,53,62,60,Dso,5,7,Beta,2004-05-01
0599,N17W54,17,54,50,30,Cso,3,3,Beta,2004-05-02
0601,S09W34,-9,34,30,90,Dso,7,10,Beta,2004-05-02
0602,S13W66,-13,66,62,30,Bxo,7,6,Beta,2004-05-02
0603,S15W37,-15,37,33,20,Cso,3,6,Beta,2004-05-02
0601,S10W47,-10,47,30,270,Dao,9,13,Beta,2004-05-03
0603,S16W50,-16,50,33,70,Dso,6,8,Beta,2004-05-03
0601,S10W61,-10,61,31,200,Dso,11,14,Beta,2004-05-04
0603,S16W63,-16,63,33,40,Bxo,7,5,Beta,2004-05-04
0604,S19E52,-19,-52,278,30,Hsx,1,1,Alpha,2004-05-04
0601,S09W77,-9,77,34,180,Eao,11,10,Beta,2004-05-05
0603,S16W78,-16,78,35,10,Bxo,6,2,Beta,2004-05-05
0604,S19E38,-19,-38,279,50,Cso,3,5,Beta,2004-05-05
0605,S12W02,-12,2,319,40,Cso,5,6,Beta,2004-05-05
0601,S09W89,-9,89,32,150,Cso,10,2,Beta,2004-05-06
0604,S19E23,-19,-23,280,40,Cso,2,3,Beta,2004-05-06
0605,S12W16,-12,16,319,100,Dao,8,12,Beta,2004-05-06
0604,S19E10,-19,-10,279,30,Dso,3,2,Beta,2004-05-07
0605,S11W30,-11,30,319,70,Dso,8,8,Beta,2004-05-07
0604,S18W02,-18,2,278,10,Bxo,2,2,Beta,2004-05-08
0605,S12W45,-12,45,321,50,Hsx,2,1,Alpha,2004-05-08
0606,S09E81,-9,-81,195,120,Hsx,2,1,Alpha,2004-05-08
0604,S18W15,-18,15,278,10,Axx,1,1,Alpha,2004-05-09
0605,S12W58,-12,58,321,60,Cso,6,5,Beta,2004-05-09
0606,S09E66,-9,-66,197,220,Hax,5,1,Alpha,2004-05-09
0605,S11W70,-11,70,320,70,Dso,5,6,Beta,2004-05-10
0606,S08E53,-8,-53,197,160,Hsx,2,2,Alpha,2004-05-10
0607,S11E00,-11,0,250,10,Bxo,2,3,Beta,2004-05-10
0608,S04E68,-4,-68,182,40,Cso,8,6,Beta,2004-05-10
0605,S11W84,-11,84,321,60,Hsx,2,1,Alpha,2004-05-11
0606,S09E40,-9,-40,197,140,Hkx,3,3,Beta,2004-05-11
0608,S04E52,-4,-52,185,60,Dso,8,10,Beta,2004-05-11
0609,S03E63,-3,-63,174,0,Axx,1,1,Alpha,2004-05-11
0606,S10E27,-10,-27,196,230,Hkx,4,6,Alpha,2004-05-12
0608,S05E38,-5,-38,185,50,Dao,8,5,Beta,2004-05-12
0609,S04E48,-4,-48,175,20,Bxo,3,5,Beta,2004-05-12
0606,S10E13,-10,-13,197,190,Hax,5,6,Alpha,2004-05-13
0608,S04E27,-4,-27,183,30,Cao,9,4,Beta,2004-05-13
0609,S04E41,-4,-41,169,40,Dro,5,15,Beta,2004-05-13
0610,S02E19,-2,-19,191,20,Bxo,2,6,Beta,2004-05-13
0611,S12W14,-12,14,224,20,Cso,1,2,Beta,2004-05-13
0606,S09E01,-9,-1,196,220,Cko,8,14,Beta,2004-05-14
0608,S06E16,-6,-16,181,20,Cro,2,3,Beta,2004-05-14
0609,S03E24,-3,-24,173,160,Dac,7,22,Beta,2004-05-14
0610,S01E04,-1,-4,193,10,Axx,1,1,Alpha,2004-05-14
0612,N10E07,10,-7,190,10,Bxo,3,5,Beta,2004-05-14
0613,S08E83,-8,-83,114,30,Hsx,5,2,Alpha,2004-05-14
0606,S10W13,-10,13,197,220,Cko,7,9,Beta,2004-05-15
0608,S06E03,-6,-3,181,10,Bxo,2,2,Beta,2004-05-15
0609,S04E10,-4,-10,174,230,Dac,9,28,Beta,2004-05-15
0612,N10W08,10,8,192,40,Dao,5,8,Beta,2004-05-15
0613,S08E64,-8,-64,120,50,Hsx,3,1,Alpha,2004-05-15
0606,S09W26,-9,26,197,130,Cao,5,8,Beta,2004-05-16
0608,S06W13,-6,13,184,10,Bxo,1,2,Beta,2004-05-16
0609,S03W05,-3,5,176,500,Dkc,8,39,Beta-Gamma,2004-05-16
0612,N10W21,10,21,192,100,Dao,6,17,Beta,2004-05-16
0613,S08E52,-8,-52,119,80,Hsx,2,1,Alpha,2004-05-16
0606,S08W39,-8,39,196,70,Dao,6,4,Beta,2004-05-17
0608,S04W26,-4,26,183,10,Axx,2,2,Alpha,2004-05-17
0609,S03W19,-3,19,176,410,Dkc,8,35,Beta-Gamma,2004-05-17
0612,N11W34,11,34,191,150,Dai,7,16,Beta,2004-05-17
0613,S08E38,-8,-38,119,80,Hsx,2,2,Alpha,2004-05-17
0614,S05W76,-5,76,233,70,Cao,5,6,Beta,2004-05-17
0615,N17E64,17,-64,93,60,Hsx,2,2,Alpha,2004-05-17
0616,N08E71,8,-71,86,0,Axx,1,1,Alpha,2004-05-17
0606,S08W53,-8,53,197,60,Dao,3,6,Beta,2004-05-18
0609,S03W31,-3,31,175,320,Eai,11,26,Beta-Gamma,2004-05-18
0612,N10W46,10,46,190,160,Dao,7,14,Beta,2004-05-18
0613,S09E25,-9,-25,119,110,Hax,2,2,Alpha,2004-05-18
0614,S08W89,-8,89,233,30,Cao,3,3,Beta,2004-05-18
0615,N16E51,16,-51,93,130,Hsx,3,6,Alpha,2004-05-18
0616,N07E56,7,-56,88,10,Axx,1,1,Alpha,2004-05-18
0617,S12E11,-12,-11,133,30,Dso,3,9,Beta,2004-05-18
0606,S10W67,-10,67,198,80,Cao,3,3,Beta,2004-05-19
0609,S03W46,-3,46,177,270,Dai,8,13,Beta-Gamma,2004-05-19
0612,N10W59,10,59,190,100,Hax,2,1,Alpha,2004-05-19
0613,S09E12,-9,-12,119,110,Hkx,3,2,Alpha,2004-05-19
0615,N17E38,17,-38,93,120,Hhx,3,3,Alpha,2004-05-19
0617,S11W04,-11,4,135,30,Dso,4,9,Beta,2004-05-19
0606,S09W80,-9,80,198,50,Hax,2,1,Alpha,2004-05-20
0609,S04W58,-4,58,176,200,Dko,8,10,Beta,2004-05-20
0612,N11W70,11,70,188,50,Cao,3,3,Beta,2004-05-20
0613,S09W01,-9,1,119,90,Hkx,3,1,Alpha,2004-05-20
0615,N16E26,16,-26,92,90,Hkx,3,2,Alpha,2004-05-20
0617,S10W19,-10,19,137,50,Dao,6,10,Beta,2004-05-20
0606,S10W89,-10,89,194,60,Cao,3,2,Beta,2004-05-21
0609,S03W70,-3,70,175,160,Dao,9,8,Beta,2004-05-21
0612,N10W81,10,81,186,10,Bxo,3,3,Beta,2004-05-21
0613,S09W14,-9,14,119,120,Hsx,2,1,Alpha,2004-05-21
0615,N18E14,18,-14,91,90,Hax,2,4,Alpha,2004-05-21
0617,S10W32,-10,32,137,50,Dao,6,13,Beta,2004-05-21
0618,S10E69,-10,-69,36,30,Cso,9,8,Beta,2004-05-21
0609,S02W88,-2,88,180,90,Cao,4,3,Beta,2004-05-22
0613,S09W28,-9,28,120,100,Cso,3,3,Beta,2004-05-22
0615,N17W01,17,1,93,100,Hsx,3,1,Alpha,2004-05-22
0617,S11W46,-11,46,138,30,Cro,6,6,Beta,2004-05-22
0618,S11E55,-11,-55,37,150,Cai,12,19,Beta,2004-05-22
0613,S09W42,-9,42,120,120,Hsx,2,2,Alpha,2004-05-23
0615,N18W13,18,13,91,100,Hsx,2,2,Alpha,2004-05-23
0617,S10W60,-10,60,138,40,Cro,5,5,Beta,2004-05-23
0618,S10E41,-10,-41,37,310,Eai,14,30,Beta-Gamma-Delta,2004-05-23
0613,S09W55,-9,55,120,80,Hax,2,2,Alpha,2004-05-24
0615,N17W27,17,27,92,70,Cao,3,7,Beta,2004-05-24
0617,S11W75,-11,75,140,10,Axx,2,2,Alpha,2004-05-24
0618,S10E26,-10,-26,39,330,Fki,16,46,Beta-Gamma-Delta,2004-05-24
0619,S09W37,-9,37,102,20,Dso,2,6,Beta,2004-05-24
0620,S15E34,-15,-34,31,10,Cso,3,4,Beta,2004-05-24
0613,S09W68,-9,68,120,60,Hax,2,1,Alpha,2004-05-25
0615,N17W40,17,40,92,60,Hsx,3,2,Alpha,2004-05-25
0618,S10E13,-10,-13,39,410,Fki,18,57,Beta-Gamma-Delta,2004-05-25
0619,S09W50,-9,50,102,30,Cso,5,3,Beta,2004-05-25
0620,S15E21,-15,-21,31,40,Cso,4,5,Beta,2004-05-25
0613,S09W81,-9,81,120,60,Hsx,3,1,Alpha,2004-05-26
0615,N17W53,17,53,92,50,Hsx,2,1,Alpha,2004-05-26
0618,S10W00,-10,0,39,380,Fhc,16,46,Beta-Gamma-Delta,2004-05-26
0619,S09W63,-9,63,102,20,Hrx,1,1,Alpha,2004-05-26
0620,S15E08,-15,-8,31,10,Cro,3,2,Beta,2004-05-26
0613,S09W94,-9,94,120,60,Hsx,2,2,Alpha,2004-05-27
0615,N17W66,17,66,92,60,Hsx,2,1,Alpha,2004-05-27
0618,S10W13,-10,13,39,330,Fsc,17,31,Beta-Gamma-Delta,2004-05-27
0619,S09W76,-9,76,102,10,Axx,0,1,Alpha,2004-05-27
0620,S15W03,-15,3,29,10,Bxo,3,4,Beta,2004-05-27
0615,N17W80,17,80,92,70,Hax,2,2,Alpha,2004-05-28
0618,S10W27,-10,27,39,330,Fac,16,40,Beta-Gamma-Delta,2004-05-28
0615,N17W90,17,90,89,60,Hax,2,1,Alpha,2004-05-29
0618,S10W44,-10,44,43,310,Eac,14,31,Beta-Gamma,2004-05-29
0618,S10W60,-10,60,46,520,Fkc,15,32,Gamma,2004-05-30
0621,S14E62,-14,-62,284,110,Dai,7,5,Beta,2004-05-30
0618,S09W72,-9,72,45,360,Fac,19,17,Beta-Gamma,2004-05-31
0621,S15E51,-15,-51,282,140,Dac,6,14,Beta,2004-05-31
0622,S12E72,-12,-72,261,80,Hax,2,3,Alpha,2004-05-31
0618,S10W83,-10,83,43,290,Fao,16,5,Beta,2004-06-01
0621,S15E38,-15,-38,282,100,Dai,8,16,Beta,2004-06-01
0622,S12E58,-12,-58,262,30,Hax,2,3,Alpha,2004-06-01
0618,S08W89,-8,89,35,30,Hrx,2,1,Alpha,2004-06-02
0621,S16E25,-16,-25,281,70,Dso,9,18,Beta,2004-06-02
0622,S12E46,-12,-46,260,30,Cao,2,2,Beta,2004-06-02
0623,N07W23,7,23,329,20,Cao,3,4,Beta,2004-06-02
0624,S09E64,-9,-64,242,30,Hsx,1,1,Alpha,2004-06-02
0621,S14E12,-14,-12,281,60,Dao,7,19,Beta-Gamma,2004-06-03
0622,S12E32,-12,-32,261,50,Cao,2,2,Beta,2004-06-03
0623,N08W35,8,35,328,10,Hrx,1,1,Alpha,2004-06-03
0624,S08E51,-8,-51,242,40,Hsx,1,1,Alpha,2004-06-03
0621,S14W01,-14,1,281,90,Dai,8,30,Beta,2004-06-04
0622,S09E20,-9,-20,260,10,Axx,2,3,Alpha,2004-06-04
0624,S07E38,-7,-38,242,20,Cao,2,2,Beta,2004-06-04
0625,S12W56,-12,56,336,20,Hsx,1,2,Alpha,2004-06-04
0621,S14W15,-14,15,282,50,Csi,7,21,Beta,2004-06-05
0624,S08E24,-8,-24,243,10,Axx,1,2,Alpha,2004-06-05
0625,S12W69,-12,69,336,20,Axx,1,2,Alpha,2004-06-05
0621,S14W28,-14,28,282,30,Cao,8,11,Beta,2004-06-06
0624,S08E11,-8,-11,243,10,Axx,2,2,Alpha,2004-06-06
0626,N05W06,5,6,260,20,Cso,3,3,Beta,2004-06-06
0627,S08E30,-8,-30,224,20,Hax,2,3,Alpha,2004-06-06
0621,S14W41,-14,41,282,20,Cso,5,7,Beta,2004-06-07
0624,S08W02,-8,2,243,10,Axx,2,2,Alpha,2004-06-07
0626,N05W19,5,19,260,10,Axx,2,2,Alpha,2004-06-07
0627,S08E17,-8,-17,224,20,Cso,6,9,Beta,2004-06-07
0621,S14W57,-14,57,283,10,Bxo,8,5,Beta,2004-06-08
0624,S08W18,-8,18,243,0,Axx,1,1,Alpha,2004-06-08
0627,S08E04,-8,-4,222,50,Dao,7,10,Beta,2004-06-08
0628,S09E13,-9,-13,213,10,Bxo,3,2,Beta,2004-06-08
0629,S04E22,-4,-22,204,10,Bxo,4,2,Beta,2004-06-08
0630,N13E56,13,-56,170,10,Axx,1,2,Alpha,2004-06-08
0621,S14W70,-14,70,283,20,Axx,2,2,Alpha,2004-06-09
0627,S08W09,-8,9,222,60,Dao,7,10,Beta,2004-06-09
0628,S09E00,-9,0,213,30,Cao,3,8,Beta,2004-06-09
0629,S04E09,-4,-9,204,10,Hsx,1,1,Alpha,2004-06-09
0630,N13E43,13,-43,170,10,Axx,1,1,Alpha,2004-06-09
0622,S11W59,-11,59,259,10,Bxo,3,4,Beta,2004-06-10
0627,S09W22,-9,22,222,30,Bxo,6,6,Beta,2004-06-10
0628,S09W11,-9,11,211,10,Bxo,3,2,Beta,2004-06-10
0629,S04W03,-4,3,203,20,Bxo,3,7,Beta,2004-06-10
0631,S11E42,-11,-42,158,10,Bxo,3,4,Beta,2004-06-10
0622,S11W72,-11,72,259,30,Cso,4,3,Beta,2004-06-11
0629,S05W17,-5,17,204,20,Cao,4,2,Beta,2004-06-11
0631,S10E29,-10,-29,158,40,Cao,5,4,Beta,2004-06-11
0632,S12E66,-12,-66,121,100,Hax,2,1,Alpha,2004-06-11
0622,S11W86,-11,86,260,20,Bxo,4,4,Beta,2004-06-12
0631,S10E15,-10,-15,159,30,Dso,6,10,Beta,2004-06-12
0632,S11E53,-11,-53,121,80,Hax,2,1,Alpha,2004-06-12
0631,S10E02,-10,-2,158,20,Cso,5,6,Beta,2004-06-13
0632,S11E38,-11,-38,122,70,Hsx,2,2,Alpha,2004-06-13
0631,S10W10,-10,10,157,20,Cao,4,5,Beta,2004-06-14
0632,S11E26,-11,-26,121,70,Hsx,2,1,Alpha,2004-06-14
0633,S05E37,-5,-37,110,10,Axx,2,2,Alpha,2004-06-14
0634,N12E73,12,-73,74,120,Dao,7,7,Beta,2004-06-14
0631,S13W22,-13,22,156,0,Axx,2,2,Alpha,2004-06-15
0632,S11E13,-11,-13,121,70,Hsx,2,1,Alpha,2004-06-15
0633,S06E24,-6,-24,110,10,Bxo,4,3,Beta,2004-06-15
0634,N13E60,13,-60,74,350,Eho,12,13,Beta,2004-06-15
0635,S08E70,-8,-70,64,130,Cso,7,8,Beta,2004-06-15
0631,S10W38,-10,38,159,10,Bxo,4,3,Beta,2004-06-16
0632,S12E00,-12,0,121,90,Hsx,2,1,Alpha,2004-06-16
0634,N11E48,11,-48,73,370,Eki,15,25,Beta-Gamma,2004-06-16
0635,S10E65,-10,-65,56,390,Fki,17,18,Beta-Gamma,2004-06-16
0631,S10W53,-10,53,161,20,Cso,4,4,Beta,2004-06-17
0632,S12W14,-12,14,122,60,Hsx,2,1,Alpha,2004-06-17
0633,S07W03,-7,3,111,10,Bxo,3,7,Beta,2004-06-17
0634,N12E33,12,-33,75,380,Eki,15,25,Beta-Gamma,2004-06-17
0635,S10E51,-10,-51,57,550,Fki,18,26,Beta-Gamma,2004-06-17
0631,S10W66,-10,66,161,30,Cao,6,4,Beta,2004-06-18
0632,S12W27,-12,27,122,70,Hsx,2,1,Alpha,2004-06-18
0633,S08W15,-8,15,110,0,Axx,0,1,Alpha,2004-06-18
0634,N12E20,12,-20,75,390,Fki,16,28,Beta-Gamma,2004-06-18
0635,S11E38,-11,-38,57,440,Eki,15,22,Beta-Gamma,2004-06-18
0631,S11W81,-11,81,162,10,Axx,1,1,Alpha,2004-06-19
0632,S12W40,-12,40,121,60,Hsx,2,1,Alpha,2004-06-19
0634,N12E07,12,-7,74,420,Eki,15,36,Beta-Gamma,2004-06-19
0635,S12E25,-12,-25,56,500,Fki,17,40,Beta-Gamma-Delta,2004-06-19
0632,S12W52,-12,52,120,50,Hax,2,1,Alpha,2004-06-20
0634,N12W05,12,5,73,360,Eki,14,17,Beta-Gamma-Delta,2004-06-20
0635,S12E12,-12,-12,56,480,Fki,20,42,Beta-Gamma-Delta,2004-06-20
0632,S12W65,-12,65,120,60,Hax,2,1,Alpha,2004-06-21
0634,N12W18,12,18,73,370,Eki,14,15,Beta-Gamma-Delta,2004-06-21
0635,S12W01,-12,1,56,600,Fkc,20,79,Beta-Gamma-Delta,2004-06-21
0636,S10E30,-10,-30,25,50,Cao,5,7,Beta,2004-06-21
0632,S12W78,-12,78,120,50,Hsx,2,1,Alpha,2004-06-22
0634,N12W31,12,31,73,320,Fko,16,14,Beta-Gamma-Delta,2004-06-22
0635,S12W14,-12,14,56,510,Fkc,21,64,Beta-Gamma-Delta,2004-06-22
0636,S10E17,-10,-17,25,50,Dso,7,9,Beta,2004-06-22
0637,N08E63,8,-63,339,0,Axx,1,1,Alpha,2004-06-22
0632,S12W91,-12,91,120,30,Hax,2,1,Alpha,2004-06-23
0634,N12W44,12,44,73,200,Fko,16,6,Beta-Gamma-Delta,2004-06-23
0635,S12W27,-12,27,56,460,Fkc,21,47,Beta-Gamma-Delta,2004-06-23
0636,S10E04,-10,-4,25,10,Bxo,7,5,Beta,2004-06-23
0637,N08E50,8,-50,339,10,Bxo,4,4,Beta,2004-06-23
0634,N12W59,12,59,73,150,Cko,11,9,Beta-Delta,2004-06-24
0635,S12W40,-12,40,56,470,Fhc,21,47,Beta-Gamma-Delta,2004-06-24
0636,S10W11,-10,11,25,10,Bxo,5,4,Beta,2004-06-24
0637,N08E37,8,-37,337,10,Bxo,3,4,Beta,2004-06-24
0634,N12W77,12,77,78,220,Hkx,4,2,Alpha,2004-06-25
0635,S11W53,-11,53,54,510,Fki,21,36,Beta-Gamma-Delta,2004-06-25
0636,S10W24,-10,24,25,10,Bxo,4,6,Beta,2004-06-25
0637,N08E24,8,-24,337,20,Bxi,5,10,Beta,2004-06-25
0634,N12W88,12,88,76,120,Hax,5,1,Alpha,2004-06-26
0635,S11W67,-11,67,55,400,Fki,22,27,Beta-Gamma-Delta,2004-06-26
0636,S09W36,-9,36,24,10,Bxo,3,3,Beta,2004-06-26
0637,N08E11,8,-11,337,30,Dso,9,12,Beta,2004-06-26
0635,S11W80,-11,80,55,360,Fki,17,10,Beta-Gamma,2004-06-27
0636,S16W49,-16,49,24,0,Axx,0,1,Alpha,2004-06-27
0637,N09W03,9,3,338,20,Bxo,8,11,Beta,2004-06-27
0638,N07E22,7,-22,313,10,Axx,1,2,Alpha,2004-06-27
0635,S10W90,-10,90,52,210,Cao,3,3,Beta-Gamma,2004-06-28
0637,N08W16,8,16,338,30,Bxo,5,13,Beta,2004-06-28
0640,S09E68,-9,-68,256,40,Axx,1,2,Beta,2004-06-28
0637,N09W31,9,31,339,30,Bxo,8,9,Beta,2004-06-29
0639,N13E60,13,-60,248,70,Dao,5,4,Beta,2004-06-29
0640,S07E56,-7,-56,252,40,Dao,4,2,Beta,2004-06-29
0637,N08W45,8,45,340,30,Bxo,10,8,Beta,2004-06-30
0639,N13E46,13,-46,249,150,Cao,8,8,Beta,2004-06-30
0640,S07E41,-7,-41,254,50,Dao,4,4,Beta,2004-06-30
0637,N08W58,8,58,340,0,Axx,1,1,Alpha,2004-07-01
0639,N09E31,9,-31,251,100,Cao,8,7,Beta,2004-07-01
0640,S08E28,-8,-28,254,20,Cso,5,4,Beta,2004-07-01
0639,N10E19,10,-19,250,50,Cso,7,4,Beta,2004-07-02
0640,S09E15,-9,-15,254,60,Cso,4,2,Beta,2004-07-02
0639,N09E06,9,-6,250,90,Cao,8,8,Beta,2004-07-03
0640,S09E02,-9,-2,254,20,Dso,5,5,Beta,2004-07-03
0639,N08W10,8,10,253,60,Hsx,2,4,Alpha,2004-07-04
0640,S09W13,-9,13,256,30,Bxo,6,7,Beta,2004-07-04
0639,N09W20,9,20,248,40,Dao,7,10,Beta,2004-07-05
0640,S10W25,-10,25,253,10,Bxo,5,7,Beta,2004-07-05
0639,N08W35,8,35,250,20,Bxo,5,5,Beta,2004-07-06
0640,S08W39,-8,39,254,30,Axx,1,1,Alpha,2004-07-06
0639,N09W51,9,51,253,10,Bxo,6,6,Beta,2004-07-07
0640,S07W55,-7,55,257,10,Axx,1,2,Alpha,2004-07-07
0641,N15E25,15,-25,177,10,Axx,1,1,Alpha,2004-07-07
0639,N10W64,10,64,249,20,Bxo,7,6,Beta,2004-07-08
0642,S08E63,-8,-63,126,30,Bxo,7,5,Beta,2004-07-08
0642,S07E51,-7,-51,125,50,Cao,10,7,Beta,2004-07-09
0642,S07E39,-7,-39,124,70,Dao,7,9,Beta,2004-07-10
0643,S08W07,-8,7,169,20,Cao,4,3,Beta,2004-07-10
0642,S07E26,-7,-26,123,90,Dao,9,11,Beta,2004-07-11
0643,S09W22,-9,22,171,20,Cao,4,3,Beta,2004-07-11
0644,N11E69,11,-69,80,100,Hsx,3,1,Alpha,2004-07-11
0645,N12W11,12,11,160,20,Bxo,3,3,Beta,2004-07-11
0642,S07E12,-7,-12,124,130,Cao,10,27,Beta,2004-07-12
0643,S08W37,-8,37,173,10,Bxo,2,2,Beta,2004-07-12
0644,N12E58,12,-58,78,140,Hax,3,1,Alpha,2004-07-12
0645,N11W18,11,18,154,20,Dro,3,4,Beta,2004-07-12
0646,N13W33,13,33,169,10,Cro,4,3,Beta,2004-07-12
0647,S14E61,-14,-61,75,10,Axx,1,1,Alpha,2004-07-12
0642,S07W01,-7,1,124,130,Dai,8,25,Beta,2004-07-13
0644,N11E44,11,-44,79,110,Dso,4,7,Beta,2004-07-13
0645,N11W32,11,32,155,10,Bxo,3,2,Beta,2004-07-13
0646,N12W46,12,46,169,70,Dai,7,14,Beta,2004-07-13
0648,N14W08,14,8,131,30,Cao,5,6,Beta,2004-07-13
0649,S10E76,-10,-76,47,90,Cao,10,4,Beta,2004-07-13
0642,S07W16,-7,16,126,150,Cai,8,17,Beta,2004-07-14
0644,N11E30,11,-30,80,120,Dao,5,10,Beta,2004-07-14
0646,N13W60,13,60,170,220,Dai,8,16,Beta,2004-07-14
0648,N16W22,16,22,132,70,Dao,6,10,Beta,2004-07-14
0649,S10E64,-10,-64,46,410,Fai,16,26,Beta,2004-07-14
0642,S08W28,-8,28,125,100,Dao,6,15,Beta,2004-07-15
0644,N11E17,11,-17,80,130,Dso,4,9,Beta,2004-07-15
0646,N12W72,12,72,169,190,Dai,9,10,Beta,2004-07-15
0648,N16W35,16,35,132,30,Cro,7,6,Beta,2004-07-15
0649,S10E53,-10,-53,44,360,Eai,15,34,Beta-Gamma-Delta,2004-07-15
0650,S08E31,-8,-31,66,10,Hsx,1,1,Alpha,2004-07-15
0651,S16E44,-16,-44,53,10,Bxo,6,4,Beta,2004-07-15
0642,S08W42,-8,42,125,110,Cao,5,11,Beta,2004-07-16
0644,N12E04,12,-4,79,120,Cso,5,4,Beta,2004-07-16
0646,N14W84,14,84,167,10,Bxo,8,7,Beta,2004-07-16
0648,N15W51,15,51,134,10,Bxo,2,2,Beta,2004-07-16
0649,S10E40,-10,-40,43,360,Eac,15,38,Beta-Gamma-Delta,2004-07-16
0650,S08E18,-8,-18,65,10,Axx,2,2,Alpha,2004-07-16
0651,S16E29,-16,-29,54,10,Bxo,9,12,Beta,2004-07-16
0642,S07W56,-7,56,126,70,Cao,3,6,Beta,2004-07-17
0644,N13W07,13,7,77,160,Hsx,4,5,Alpha,2004-07-17
0649,S10E26,-10,-26,44,530,Fki,16,48,Beta-Gamma-Delta,2004-07-17
0650,S08E08,-8,-8,62,10,Bxo,4,10,Beta,2004-07-17
0651,S16E14,-16,-14,56,10,Bxo,9,11,Beta,2004-07-17
0652,N05E84,5,-84,346,300,Hhx,7,2,Alpha,2004-07-17
0642,S07W69,-7,69,126,60,Hsx,2,7,Alpha,2004-07-18
0644,N13W20,13,20,77,150,Dso,5,8,Beta,2004-07-18
0649,S10E13,-10,-13,44,500,Fkc,16,47,Beta-Gamma-Delta,2004-07-18
0651,S16E01,-16,-1,56,10,Bxo,6,5,Beta,2004-07-18
0652,N05E71,5,-71,346,750,Ekc,11,28,Beta,2004-07-18
0653,S14E71,-14,-71,346,100,Dao,8,10,Beta,2004-07-18
0642,S07W82,-7,82,126,90,Hax,2,2,Alpha,2004-07-19
0644,N13W33,13,33,77,110,Cso,4,6,Beta,2004-07-19
0649,S10E00,-10,0,44,510,Fac,16,43,Beta-Gamma-Delta,2004-07-19
0650,S12W15,-12,15,59,10,Bxo,4,2,Beta,2004-07-19
0651,S16W10,-16,10,54,10,Bxo,4,5,Beta,2004-07-19
0652,N05E58,5,-58,346,1370,Fkc,17,30,Beta-Gamma-Delta,2004-07-19
0653,S14E58,-14,-58,346,200,Cao,11,11,Beta,2004-07-19
0644,N13W46,13,46,77,150,Cso,4,5,Beta,2004-07-20
0649,S10W13,-10,13,44,370,Eac,15,50,Beta-Gamma-Delta,2004-07-20
0651,S16W23,-16,23,54,10,Bxo,4,6,Beta,2004-07-20
0652,N05E45,5,-45,346,1525,Fkc,18,52,Beta-Gamma-Delta,2004-07-20
0653,S14E45,-14,-45,346,270,Dai,12,13,Beta,2004-07-20
0644,N13W61,13,61,78,100,Hrx,2,1,Alpha,2004-07-21
0649,S10W27,-10,27,44,230,Eac,12,33,Beta-Gamma-Delta,2004-07-21
0651,S16W37,-16,37,54,0,Bxo,4,3,Beta,2004-07-21
0652,N10E32,10,-32,345,1670,Fkc,17,43,Beta-Gamma-Delta,2004-07-21
0653,S14E32,-14,-32,346,190,Cao,7,17,Beta,2004-07-21
0644,N12W73,12,73,77,90,Hsx,4,2,Alpha,2004-07-22
0649,S10W41,-10,41,45,200,Dao,11,26,Beta-Gamma,2004-07-22
0651,S16W48,-16,48,52,10,Bxo,2,2,Beta,2004-07-22
0652,N08E19,8,-19,345,2010,Fkc,17,67,Beta-Gamma-Delta,2004-07-22
0653,S12E20,-12,-20,344,110,Cai,6,15,Beta,2004-07-22
0644,N11W88,11,88,79,60,Hsx,2,1,Alpha,2004-07-23
0649,S11W56,-11,56,47,150,Dao,10,10,Beta-Gamma,2004-07-23
0652,N08E06,8,-6,345,1730,Fkc,18,56,Beta-Gamma-Delta,2004-07-23
0653,S12E05,-12,-5,346,130,Dai,8,10,Beta,2004-07-23
0649,S11W74,-11,74,52,120,Hax,4,2,Beta,2004-07-24
0652,N08W10,8,10,348,1840,Fkc,19,49,Beta-Gamma-Delta,2004-07-24
0653,S13W09,-13,9,347,90,Dso,4,5,Beta,2004-07-24
0649,S11W87,-11,87,52,60,Hsx,3,2,Alpha,2004-07-25
0652,N08W21,8,21,346,1610,Fkc,19,73,Beta-Gamma-Delta,2004-07-25
0653,S12W24,-12,24,349,60,Cso,4,4,Beta,2004-07-25
0652,N08W35,8,35,347,1340,Fkc,18,89,Beta-Gamma-Delta,2004-07-26
0653,S12W37,-12,37,349,70,Cso,5,4,Beta,2004-07-26
0654,N08E52,8,-52,260,30,Cao,5,7,Beta,2004-07-26
0652,N08W47,8,47,345,1060,Fkc,17,69,Beta-Gamma-Delta,2004-07-27
0653,S12W50,-12,50,348,80,Dso,2,2,Beta,2004-07-27
0654,N07E38,7,-38,260,90,Dao,7,12,Beta,2004-07-27
0652,N07W62,7,62,347,930,Fkc,17,25,Beta-Gamma,2004-07-28
0653,S14W65,-14,65,350,70,Dso,4,3,Beta,2004-07-28
0654,N07E25,7,-25,260,130,Dso,8,8,Beta,2004-07-28
0652,N08W76,8,76,348,830,Ekc,14,20,Beta-Gamma,2004-07-29
0653,S12W76,-12,76,348,20,Bxo,11,9,Beta,2004-07-29
0654,N08E11,8,-11,261,110,Dao,9,7,Beta,2004-07-29
0652,N08W89,8,89,348,280,Eao,12,4,Beta-Gamma,2004-07-30
0654,N08W02,8,2,261,120,Dso,9,8,Beta,2004-07-30
0654,N08W15,8,15,261,120,Dso,10,12,Beta-Gamma,2004-07-31
0655,S09E71,-9,-71,175,110,Hax,2,1,Alpha,2004-07-31
0654,N08W28,8,28,260,100,Dao,10,14,Beta-Gamma,2004-08-01
0655,S09E57,-9,-57,175,170,Dao,9,5,Beta,2004-08-01
0654,N08W41,8,41,260,80,Eso,11,7,Beta,2004-08-02
0655,S09E44,-9,-44,175,180,Eao,12,13,Beta,2004-08-02
0654,N08W56,8,56,262,100,Eao,11,6,Beta,2004-08-03
0655,S09E33,-9,-33,173,170,Eao,12,13,Beta,2004-08-03
0654,N07W71,7,71,264,60,Dao,8,5,Beta,2004-08-04
0655,S09E16,-9,-16,177,200,Eac,14,27,Beta-Gamma,2004-08-04
0654,N07W86,7,86,265,30,Bxo,6,3,Beta,2004-08-05
0655,S09E03,-9,-3,176,190,Eso,15,39,Beta,2004-08-05
0655,S09W09,-9,9,174,170,Eai,15,26,Beta,2004-08-06
0655,S09W25,-9,25,177,160,Eai,15,20,Beta,2004-08-07
0656,S12E69,-12,-69,83,40,Hsx,2,1,Alpha,2004-08-07
0657,N10E82,10,-82,74,80,Hax,2,1,Alpha,2004-08-07
0655,S10W38,-10,38,177,230,Fsi,16,22,Beta,2004-08-08
0656,S13E58,-13,-58,81,250,Dko,9,7,Beta,2004-08-08
0657,N11E65,11,-65,74,60,Hax,2,1,Alpha,2004-08-08
0658,S06E50,-6,-50,89,20,Hsx,1,1,Alpha,2004-08-08
0655,S10W54,-10,54,178,150,Eai,14,15,Beta,2004-08-09
0656,S12E45,-12,-45,81,290,Eao,11,20,Beta-Gamma,2004-08-09
0657,N11E51,11,-51,75,40,Hax,2,1,Alpha,2004-08-09
0658,S05E38,-5,-38,88,10,Axx,1,1,Alpha,2004-08-09
0655,S09W69,-9,69,182,140,Dao,8,9,Beta,2004-08-10
0656,S12E31,-12,-31,82,660,Ekc,11,61,Beta-Gamma-Delta,2004-08-10
0657,N11E38,11,-38,75,40,Hax,2,1,Alpha,2004-08-10
0655,S10W83,-10,83,183,100,Cao,5,4,Beta,2004-08-11
0656,S12E18,-12,-18,82,700,Ekc,12,43,Beta-Gamma-Delta,2004-08-11
0657,N11E25,11,-25,75,30,Hsx,2,1,Alpha,2004-08-11
0659,N17E59,17,-59,41,30,Cro,6,5,Beta,2004-08-11
0656,S13E03,-13,-3,83,990,Ekc,14,68,Beta-Gamma-Delta,2004-08-12
0657,N10E12,10,-12,74,60,Hsx,2,1,Alpha,2004-08-12
0659,N17E46,17,-46,40,40,Cso,2,2,Beta,2004-08-12
0660,S08E62,-8,-62,24,20,Cro,5,4,Beta,2004-08-12
0656,S13W09,-13,9,82,1320,Fkc,16,83,Beta-Gamma-Delta,2004-08-13
0657,N10W02,10,2,75,30,Hsx,2,1,Alpha,2004-08-13
0659,N18E33,18,-33,40,30,Hax,2,1,Alpha,2004-08-13
0660,S07E48,-7,-48,25,50,Dso,6,4,Beta,2004-08-13
0661,N08E84,8,-84,349,80,Hsx,4,1,Alpha,2004-08-13
0656,S13W22,-13,22,82,1360,Fkc,16,99,Beta-Gamma-Delta,2004-08-14
0657,N10W15,10,15,75,30,Hsx,2,1,Alpha,2004-08-14
0659,N18E20,18,-20,40,10,Bxo,6,6,Beta,2004-08-14
0660,S07E35,-7,-35,25,40,Cao,7,2,Beta,2004-08-14
0661,N07E73,7,-73,347,360,Dao,9,2,Beta,2004-08-14
0656,S13W35,-13,35,82,1300,Fkc,17,66,Beta-Gamma-Delta,2004-08-15
0657,N10W28,10,28,75,20,Hsx,2,2,Alpha,2004-08-15
0660,S07E17,-7,-17,30,30,Hsx,2,1,Alpha,2004-08-15
0661,N07E60,7,-60,347,340,Dao,7,2,Beta,2004-08-15
0656,S13W48,-13,48,82,1310,Fhc,22,54,Beta-Gamma-Delta,2004-08-16
0657,N10W41,10,41,75,20,Hsx,2,1,Alpha,2004-08-16
0660,S07E04,-7,-4,30,10,Hsx,1,1,Alpha,2004-08-16
0661,N07E47,7,-47,348,390,Dko,8,2,Beta,2004-08-16
0656,S13W61,-13,61,82,1330,Fhc,21,33,Beta-Gamma-Delta,2004-08-17
0660,S07W10,-7,10,30,10,Hrx,1,1,Alpha,2004-08-17
0661,N07E34,7,-34,348,470,Eko,11,4,Beta-Delta,2004-08-17
0656,S14W77,-14,77,84,930,Fkc,21,21,Beta-Gamma-Delta,2004-08-18
0660,S08W24,-8,24,31,10,Axx,1,1,Alpha,2004-08-18
0661,N09E20,9,-20,347,470,Dko,10,11,Beta-Delta,2004-08-18
0656,S13W91,-13,91,85,190,Eao,15,7,Beta,2004-08-19
0661,N10E07,10,-7,347,540,Dko,10,13,Beta-Gamma,2004-08-19
0662,N12E28,12,-28,326,20,Cro,3,3,Beta,2004-08-19
0661,N09W06,9,6,347,510,Eko,11,17,Beta-Gamma,2004-08-20
0662,N13E13,13,-13,328,40,Cao,5,11,Beta,2004-08-20
0663,N08E75,8,-75,266,110,Hax,4,2,Alpha,2004-08-20
0661,N08W19,8,19,347,470,Eko,11,16,Beta,2004-08-21
0662,N13E00,13,0,328,110,Dao,6,13,Beta,2004-08-21
0663,N10E67,10,-67,261,230,Dao,10,7,Beta,2004-08-21
0664,S11E40,-11,-40,288,30,Dao,6,9,Beta,2004-08-21
0661,N07W33,7,33,348,450,Dko,8,9,Beta,2004-08-22
0662,N13W13,13,13,328,110,Dao,7,11,Beta,2004-08-22
0663,N11E52,11,-52,263,200,Eao,13,9,Beta,2004-08-22
0664,S10E25,-10,-25,290,90,Dao,9,19,Beta,2004-08-22
0661,N06W47,6,47,348,430,Dko,7,7,Beta,2004-08-23
0662,N13W27,13,27,328,50,Dao,5,6,Beta,2004-08-23
0663,N11E39,11,-39,262,180,Eso,12,14,Beta,2004-08-23
0664,S10E12,-10,-12,289,100,Dao,10,22,Beta,2004-08-23
0665,N04W15,4,15,316,10,Bxo,3,3,Beta,2004-08-23
0661,N07W60,7,60,348,410,Dko,7,6,Beta,2004-08-24
0662,N14W41,14,41,329,10,Hrx,0,1,Alpha,2004-08-24
0663,N11E26,11,-26,262,150,Eso,13,17,Beta-Gamma,2004-08-24
0664,S11W03,-11,3,291,120,Eso,12,17,Beta,2004-08-24
0665,N05W28,5,28,316,10,Bxo,2,2,Beta,2004-08-24
0661,N06W73,6,73,348,320,Dho,7,3,Beta,2004-08-25
0663,N10E12,10,-12,263,100,Cso,11,5,Beta,2004-08-25
0664,S11W16,-11,16,291,140,Eso,12,17,Beta,2004-08-25
0661,N06W86,6,86,348,300,Dho,7,3,Beta,2004-08-26
0663,N10W01,10,1,263,140,Eso,11,16,Beta,2004-08-26
0664,S11W29,-11,29,291,110,Eso,12,11,Beta,2004-08-26
0663,N10W14,10,14,263,120,Cao,12,16,Beta,2004-08-27
0664,S11W42,-11,42,291,120,Dao,9,8,Beta,2004-08-27
0663,N10W27,10,27,263,80,Eao,12,12,Beta,2004-08-28
0664,S11W58,-11,58,293,90,Hsx,2,1,Alpha,2004-08-28
0663,N10W41,10,41,263,80,Eso,12,7,Beta,2004-08-29
0664,S11W73,-11,73,295,90,Hsx,2,1,Alpha,2004-08-29
0663,N07W58,7,58,268,40,Cao,6,4,Beta,2004-08-30
0664,S11W85,-11,85,302,60,Hsx,3,1,Alpha,2004-08-30
0666,N16E31,16,-31,178,0,Axx,1,1,Alpha,2004-08-30
0663,N04W73,4,73,269,140,Dao,6,9,Beta,2004-08-31
0666,N17E17,17,-17,179,0,Axx,1,1,Alpha,2004-08-31
0663,N03W88,3,88,271,50,Hax,3,1,Alpha,2004-09-01
0667,S09E76,-9,-76,93,180,Hax,4,2,Alpha,2004-09-02
0666,N16W22,16,22,177,10,Axx,1,2,Alpha,2004-09-03
0667,S10E62,-10,-62,93,250,Hkx,4,3,Alpha,2004-09-03
0667,S11E48,-11,-48,94,250,Hhx,4,1,Alpha,2004-09-04
0668,S11W34,-11,34,176,20,Cso,3,4,Beta,2004-09-04
0667,S10E36,-10,-36,93,340,Hkx,4,2,Alpha,2004-09-05
0668,S10W49,-10,49,178,50,Cao,4,6,Beta,2004-09-05
0667,S11E23,-11,-23,93,250,Hkx,5,4,Alpha,2004-09-06
0668,S11W64,-11,64,179,50,Cao,5,6,Beta,2004-09-06
0669,S06E35,-6,-35,81,30,Bxo,3,7,Beta,2004-09-06
0670,S14E34,-14,-34,82,10,Axx,2,2,Alpha,2004-09-06
0667,S11E09,-11,-9,94,240,Dao,5,10,Beta,2004-09-07
0668,S10W76,-10,76,179,50,Hsx,1,1,Alpha,2004-09-07
0669,S07E19,-7,-19,84,50,Dso,6,12,Beta,2004-09-07
0670,S13E19,-13,-19,84,10,Axx,1,4,Alpha,2004-09-07
0671,S10W29,-10,29,132,40,Dsi,4,5,Beta,2004-09-07
0667,S11W04,-11,4,93,290,Hkx,3,4,Alpha,2004-09-08
0668,S09W90,-9,90,179,10,Axx,2,1,Alpha,2004-09-08
0669,S06E06,-6,-6,83,90,Dai,5,15,Beta,2004-09-08
0670,S14E04,-14,-4,85,10,Bxo,8,14,Beta,2004-09-08
0671,S11W42,-11,42,131,80,Dso,6,11,Beta,2004-09-08
0667,S11W17,-11,17,93,260,Hkx,4,3,Alpha,2004-09-09
0669,S05W09,-5,9,85,90,Dai,6,21,Beta,2004-09-09
0670,S14W07,-14,7,83,10,Axx,2,4,Alpha,2004-09-09
0671,S10W55,-10,55,131,190,Dai,8,17,Beta,2004-09-09
0667,S11W32,-11,32,95,250,Hkx,4,7,Alpha,2004-09-10
0669,S06W24,-6,24,87,100,Dao,7,17,Beta,2004-09-10
0671,S09W68,-9,68,131,300,Dao,10,13,Beta,2004-09-10
0672,N05E73,5,-73,350,300,Dai,7,5,Beta,2004-09-10
0667,S11W45,-11,45,95,250,Hhx,3,5,Alpha,2004-09-11
0669,S06W78,-6,78,87,130,Dsi,7,18,Beta,2004-09-11
0671,S09W81,-9,81,131,370,Dki,8,11,Beta,2004-09-11
0672,N05E60,5,-60,350,260,Dai,8,13,Beta,2004-09-11
0667,S11W58,-11,58,95,180,Dao,5,7,Beta,2004-09-12
0669,S06W51,-6,51,88,80,Cso,7,8,Beta,2004-09-12
0671,S09W94,-9,94,131,170,Hsx,2,2,Alpha,2004-09-12
0672,N05E47,5,-47,350,270,Eai,13,30,Beta-Gamma,2004-09-12
0667,S11W72,-11,72,95,230,Cao,6,4,Beta,2004-09-13
0669,S06W66,-6,66,89,80,Hsx,2,2,Alpha,2004-09-13
0672,N05E33,5,-33,350,260,Eai,11,49,Beta-Gamma,2004-09-13
0667,S10W85,-10,85,95,180,Hax,3,1,Alpha,2004-09-14
0669,S04W81,-4,81,91,60,Hax,2,2,Alpha,2004-09-14
0672,N04E22,4,-22,348,270,Dao,9,32,Beta-Gamma,2004-09-14
0669,S06W95,-6,95,92,60,Hax,2,1,Alpha,2004-09-15
0672,N05E10,5,-10,347,310,Eai,11,49,Beta-Delta,2004-09-15
0672,N05W03,5,3,347,320,Eai,12,46,Beta-Delta,2004-09-16
0673,S13E72,-13,-72,272,140,Hax,3,1,Alpha,2004-09-16
0672,N05W17,5,17,348,230,Eai,12,45,Beta-Delta,2004-09-17
0673,S12E61,-12,-61,269,240,Eki,10,15,Beta-Gamma,2004-09-17
0672,N05W29,5,29,347,150,Eai,11,37,Beta,2004-09-18
0673,S13E51,-13,-51,267,320,Eko,12,19,Beta,2004-09-18
0672,N06W45,6,45,349,100,Cao,6,16,Beta,2004-09-19
0673,S13E35,-13,-35,269,360,Eso,13,14,Beta,2004-09-19
0672,N05W58,5,58,349,70,Cro,6,7,Beta,2004-09-20
0673,S13E22,-13,-22,269,300,Eso,11,15,Beta,2004-09-20
0672,N05W71,5,71,349,80,Dso,8,7,Beta,2004-09-21
0673,S13E09,-13,-9,269,310,Dho,10,18,Beta,2004-09-21
0674,S10W23,-10,23,301,10,Bxo,4,4,Beta,2004-09-21
0673,S13W17,-13,17,269,260,Dao,10,14,Beta,2004-09-23
0673,S13W31,-13,31,269,240,Dso,9,9,Beta,2004-09-24
0673,S13W44,-13,44,269,240,Dso,8,5,Beta,2004-09-25
0673,S13W57,-13,57,269,250,Hhx,3,3,Alpha,2004-09-26
0675,S08E75,-8,-75,137,120,Hax,2,1,Alpha,2004-09-26
0673,S14W73,-14,73,272,180,Hsx,3,1,Alpha,2004-09-27
0675,S08E61,-8,-61,138,90,Hsx,3,1,Alpha,2004-09-27
0673,S15W88,-15,88,274,200,Hsx,4,1,Alpha,2004-09-28
0675,S08E48,-8,-48,138,110,Hsx,3,1,Alpha,2004-09-28
0675,S08E35,-8,-35,138,100,Hax,2,1,Alpha,2004-09-29
0676,S11E76,-11,-76,97,60,Hax,2,1,Alpha,2004-09-29
0675,S08E22,-8,-22,137,90,Hax,3,1,Alpha,2004-09-30
0676,S11E64,-11,-64,95,60,Hax,2,1,Alpha,2004-09-30
0675,S08E08,-8,-8,138,100,Hsx,3,1,Alpha,2004-10-01
0676,S12E52,-12,-52,94,60,Hax,2,1,Alpha,2004-10-01
0677,N02E09,2,-9,137,30,Cso,5,4,Beta,2004-10-01
0675,S09W06,-9,6,139,90,Hsx,3,2,Alpha,2004-10-02
0676,S12E38,-12,-38,95,50,Hsx,2,1,Alpha,2004-10-02
0677,N01W06,1,6,139,10,Bxo,3,4,Beta,2004-10-02
0675,S09W19,-9,19,139,90,Hsx,3,2,Alpha,2004-10-03
0676,S12E25,-12,-25,95,40,Hsx,2,1,Alpha,2004-10-03
0677,N02W21,2,21,141,10,Axx,1,2,Alpha,2004-10-03
0675,S09W33,-9,33,140,70,Hsx,3,2,Alpha,2004-10-04
0676,S12E11,-12,-11,96,40,Cso,4,5,Beta,2004-10-04
0678,N12W29,12,29,136,20,Dso,4,2,Beta,2004-10-04
0675,S10W46,-10,46,139,70,Hsx,3,2,Alpha,2004-10-05
0676,S11W02,-11,2,95,50,Dso,4,7,Beta,2004-10-05
0678,N12W42,12,42,135,20,Dso,4,2,Beta,2004-10-05
0675,S11W59,-11,59,139,70,Hsx,2,1,Alpha,2004-10-06
0676,S12W15,-12,15,95,40,Cso,5,8,Beta,2004-10-06
0678,N13W58,13,58,138,10,Axx,1,1,Alpha,2004-10-06
0675,S10W76,-10,76,143,60,Hsx,2,1,Alpha,2004-10-07
0676,S13W28,-13,28,95,30,Cso,3,4,Beta,2004-10-07
0678,N12W62,12,62,129,40,Cso,4,4,Beta,2004-10-07
0675,S10W89,-10,89,143,60,Hsx,2,1,Alpha,2004-10-08
0676,S13W41,-13,41,95,20,Hsx,1,1,Alpha,2004-10-08
0678,N12W75,12,75,129,60,Dro,5,6,Beta,2004-10-08
0676,S13W54,-13,54,95,20,Bxo,3,3,Beta,2004-10-09
0680,N15W83,15,83,124,80,Dao,4,5,Beta,2004-10-09
0676,S13W67,-13,67,95,20,Axx,1,1,Alpha,2004-10-10
0680,N15W93,15,93,121,90,Cso,5,3,Beta,2004-10-10
0681,N12W09,12,9,357,10,Bxo,3,4,Beta,2004-10-13
0681,N11W21,11,21,356,20,Cso,4,9,Beta,2004-10-14
0682,S13E64,-13,-64,271,170,Cao,5,12,Beta,2004-10-14
0681,N10W36,10,36,358,20,Axx,3,4,Alpha,2004-10-15
0682,S13E50,-13,-50,272,245,Dsi,5,14,Beta,2004-10-15
0682,S14E37,-14,-37,271,240,Dai,4,16,Beta,2004-10-16
0681,N10W62,10,62,357,10,Axx,1,2,Alpha,2004-10-17
0682,S14E24,-14,-24,271,210,Dai,7,21,Beta,2004-10-17
0682,S14E10,-14,-10,272,150,Dao,7,14,Beta,2004-10-18
0683,S09E22,-9,-22,260,30,Cao,5,6,Beta,2004-10-18
0684,S04E65,-4,-65,217,30,Hsx,1,1,Alpha,2004-10-18
0682,S13W03,-13,3,272,130,Dao,9,15,Beta,2004-10-19
0683,S10E08,-10,-8,261,50,Dao,6,10,Beta,2004-10-19
0684,S05E53,-5,-53,216,20,Hax,1,1,Alpha,2004-10-19
0685,S05E26,-5,-26,243,20,Cao,3,9,Beta,2004-10-19
0686,S20E43,-20,-43,226,10,Axx,1,1,Alpha,2004-10-19
0682,S13W19,-13,19,275,120,Eao,11,9,Beta-Gamma,2004-10-20
0683,S11W05,-11,5,261,60,Bxo,7,5,Beta,2004-10-20
0684,S04E41,-4,-41,215,40,Cso,6,2,Beta,2004-10-20
0685,S06E12,-6,-12,244,30,Cso,6,7,Beta,2004-10-20
0686,S20E31,-20,-31,225,10,Axx,1,1,Alpha,2004-10-20
0687,N10E79,10,-79,177,120,Dao,4,2,Beta,2004-10-20
0682,S13W33,-13,33,275,150,Eai,12,20,Beta-Gamma,2004-10-21
0683,S11W18,-11,18,260,30,Cso,3,10,Beta,2004-10-21
0684,S05E27,-5,-27,215,30,Hax,2,2,Alpha,2004-10-21
0685,S06W02,-6,2,244,30,Dao,6,13,Beta,2004-10-21
0686,S20E17,-20,-17,225,20,Hsx,1,1,Alpha,2004-10-21
0687,N10E65,10,-65,177,160,Dac,6,7,Beta-Gamma,2004-10-21
0688,S08W48,-8,48,290,40,Dso,4,6,Beta,2004-10-21
0682,S13W46,-13,46,275,140,Eac,13,13,Beta-Gamma,2004-10-22
0683,S11W31,-11,31,260,40,Dso,6,7,Beta,2004-10-22
0684,S05E14,-5,-14,215,10,Hrx,1,1,Alpha,2004-10-22
0685,S06W15,-6,15,244,50,Dso,8,10,Beta,2004-10-22
0687,N10E52,10,-52,177,210,Cko,6,7,Beta-Gamma,2004-10-22
0688,S08W61,-8,61,290,40,Dso,7,3,Beta,2004-10-22
0689,N12E74,12,-74,155,60,Hsx,1,1,Alpha,2004-10-22
0682,S13W59,-13,59,275,150,Esi,12,10,Beta-Gamma,2004-10-23
0683,S11W44,-11,44,260,20,Cro,3,4,Beta,2004-10-23
0684,S05E01,-5,-1,215,200,Dai,7,12,Beta,2004-10-23
0685,S06W28,-6,28,244,50,Dso,8,9,Beta,2004-10-23
0687,N10E39,10,-39,177,280,Eki,11,16,Beta-Gamma,2004-10-23
0688,S08W74,-8,74,290,60,Axx,0,1,Alpha,2004-10-23
0689,N12E61,12,-61,155,60,Hsx,1,1,Alpha,2004-10-23
0690,N00E78,0,-78,138,60,Hax,1,1,Alpha,2004-10-23
0682,S13W73,-13,73,276,80,Dso,9,7,Beta,2004-10-24
0684,S03W12,-3,12,215,180,Dai,7,17,Beta,2004-10-24
0685,S06W45,-6,45,248,10,Bxo,5,6,Beta,2004-10-24
0687,N11E28,11,-28,175,270,Eai,12,27,Beta-Gamma,2004-10-24
0688,S08W87,-8,87,290,20,Axx,2,1,Alpha,2004-10-24
0689,N12E48,12,-48,155,40,Hax,2,1,Alpha,2004-10-24
0690,N00E66,0,-66,137,70,Hsx,2,1,Alpha,2004-10-24
0691,N16E69,16,-69,134,50,Hsx,2,1,Alpha,2004-10-24
0682,S12W86,-12,86,276,30,Cao,5,4,Beta,2004-10-25
0684,S04W27,-4,27,217,150,Dai,7,24,Beta,2004-10-25
0685,S07W56,-7,56,246,20,Axx,3,3,Alpha,2004-10-25
0687,N12E15,12,-15,175,280,Eki,12,44,Beta-Delta,2004-10-25
0689,N11E34,11,-34,156,50,Hsx,2,1,Alpha,2004-10-25
0690,N00E53,0,-53,137,70,Hax,2,3,Alpha,2004-10-25
0691,N15E59,15,-59,131,150,Eai,13,11,Beta-Gamma-Delta,2004-10-25
0692,S17E30,-17,-30,160,70,Dao,4,8,Beta,2004-10-25
0684,S04W39,-4,39,216,100,Dao,7,10,Beta,2004-10-26
0687,N12E03,12,-3,174,370,Eai,13,48,Beta-Gamma,2004-10-26
0689,N12E22,12,-22,155,60,Hax,3,3,Alpha,2004-10-26
0690,S01E40,-1,-40,137,70,Hax,2,2,Alpha,2004-10-26
0691,N15E48,15,-48,129,150,Eai,13,17,Beta-Gamma-Delta,2004-10-26
0692,S18E16,-18,-16,161,110,Dao,5,6,Beta,2004-10-26
0684,S05W54,-5,54,217,90,Hax,2,1,Alpha,2004-10-27
0687,N12W11,12,11,174,330,Eai,13,46,Beta-Gamma,2004-10-27
0689,N12E10,12,-10,153,50,Hax,2,1,Alpha,2004-10-27
0690,N00E26,0,-26,137,130,Hsx,3,3,Alpha,2004-10-27
0691,N15E32,15,-32,131,110,Eao,11,9,Beta-Gamma-Delta,2004-10-27
0692,S18E03,-18,-3,160,90,Dao,9,4,Beta,2004-10-27
0684,S04W69,-4,69,219,90,Hsx,3,3,Alpha,2004-10-28
0687,N12W24,12,24,174,360,Eai,13,50,Beta-Gamma,2004-10-28
0689,N12W03,12,3,153,60,Hsx,2,2,Alpha,2004-10-28
0690,N00E15,0,-15,135,100,Cso,7,7,Beta,2004-10-28
0691,N16E20,16,-20,130,140,Cao,14,12,Beta,2004-10-28
0692,S18W11,-18,11,161,60,Dso,10,5,Beta,2004-10-28
0693,S13E72,-13,-72,78,60,Hsx,2,1,Alpha,2004-10-28
0684,S05W83,-5,83,220,120,Hsx,3,1,Alpha,2004-10-29
0687,N12W37,12,37,174,250,Eai,13,37,Beta-Gamma,2004-10-29
0689,N12W17,12,17,154,60,Hsx,2,1,Alpha,2004-10-29
0690,S01W01,-1,1,138,80,Dso,4,6,Beta,2004-10-29
0691,N15E04,15,-4,133,140,Dao,10,11,Beta-Gamma,2004-10-29
0692,S18W27,-18,27,164,40,Hax,1,2,Alpha,2004-10-29
0693,S14E61,-14,-61,76,330,Eho,11,8,Beta-Gamma,2004-10-29
0694,N16E22,16,-22,115,20,Cso,4,4,Beta,2004-10-29
0684,S04W94,-4,94,218,60,Hax,1,1,Alpha,2004-10-30
0687,N12W50,12,50,174,160,Dai,9,13,Beta-Gamma,2004-10-30
0689,N12W30,12,30,154,50,Hsx,2,1,Alpha,2004-10-30
0690,N00W14,0,14,138,70,Hax,2,3,Alpha,2004-10-30
0691,N13W13,13,13,137,120,Dao,6,12,Beta,2004-10-30
0692,S18W42,-18,42,166,20,Hsx,1,1,Alpha,2004-10-30
0693,S14E46,-14,-46,78,590,Ehi,11,12,Beta-Gamma,2004-10-30
0694,N17E07,17,-7,117,10,Bxo,9,7,Beta,2004-10-30
0687,N12W66,12,66,177,90,Hax,3,4,Alpha,2004-10-31
0689,N12W43,12,43,154,20,Hsx,1,1,Alpha,2004-10-31
0690,N01W27,1,27,138,40,Cso,3,6,Beta,2004-10-31
0691,N14W25,14,25,136,200,Fao,16,24,Beta-Gamma,2004-10-31
0692,S19W54,-19,54,165,0,Axx,2,2,Alpha,2004-10-31
0693,S16E34,-16,-34,77,530,Ehi,13,29,Beta-Gamma,2004-10-31
0694,N15W06,15,6,117,20,Cso,3,5,Beta,2004-10-31
0695,S15E68,-15,-68,43,100,Dao,6,2,Beta,2004-10-31
0687,N12W80,12,80,177,60,Cao,3,4,Beta,2004-11-01
0689,N11W57,11,57,154,40,Hax,2,1,Alpha,2004-11-01
0690,S02W41,-2,41,138,40,Dao,4,7,Beta,2004-11-01
0691,N13W42,13,42,139,270,Dac,9,23,Beta-Gamma,2004-11-01
0693,S16E22,-16,-22,75,760,Fkc,16,50,Beta-Gamma,2004-11-01
0694,N14W16,14,16,113,10,Axx,2,4,Alpha,2004-11-01
0695,S15E55,-15,-55,42,130,Dao,5,4,Beta,2004-11-01
0687,N11W92,11,92,176,30,Bxo,2,2,Beta,2004-11-02
0689,N11W71,11,71,155,20,Hax,1,1,Alpha,2004-11-02
0690,S02W54,-2,54,138,60,Cao,3,4,Beta,2004-11-02
0691,N13W55,13,55,139,140,Dao,9,8,Beta,2004-11-02
0693,S16E08,-16,-8,76,780,Fkc,16,50,Beta-Gamma,2004-11-02
0695,S15E39,-15,-39,45,70,Dso,5,3,Beta,2004-11-02
0696,N09E63,9,-63,21,60,Dao,3,6,Beta,2004-11-02
0689,N10W81,10,81,152,0,Axx,1,1,Alpha,2004-11-03
0690,S01W67,-1,67,138,10,Axx,1,1,Alpha,2004-11-03
0691,N12W67,12,67,138,170,Dao,8,6,Beta-Gamma,2004-11-03
0693,S14W05,-14,5,76,720,Ekc,15,34,Beta-Gamma,2004-11-03
0695,S12E27,-12,-27,44,60,Dao,5,3,Beta,2004-11-03
0696,N08E47,8,-47,24,110,Dao,4,5,Beta,2004-11-03
0690,S01W81,-1,81,139,30,Hrx,1,1,Alpha,2004-11-04
0691,N13W81,13,81,139,200,Dai,9,10,Beta-Gamma,2004-11-04
0693,S15W18,-15,18,76,690,Fkc,16,44,Beta-Gamma-Delta,2004-11-04
0695,S14E12,-14,-12,46,50,Dao,6,4,Beta,2004-11-04
0696,N09E32,9,-32,26,270,Dac,6,14,Beta-Gamma,2004-11-04
0691,N13W94,13,94,139,90,Dao,3,3,Beta,2004-11-05
0693,S15W31,-15,31,76,600,Fkc,16,46,Beta-Gamma-Delta,2004-11-05
0695,S14E01,-14,-1,45,30,Cao,7,5,Beta,2004-11-05
0696,N09E19,9,-19,26,580,Dkc,8,41,Beta-Gamma-Delta,2004-11-05
0693,S15W44,-15,44,76,540,Fki,17,31,Beta-Gamma,2004-11-06
0695,S14W13,-14,13,45,40,Cso,7,4,Beta,2004-11-06
0696,N09E06,9,-6,26,820,Ekc,11,18,Beta-Gamma-Delta,2004-11-06
0693,S15W57,-15,57,75,410,Fai,17,15,Beta-Gamma,2004-11-07
0695,S14W27,-14,27,45,20,Dso,7,2,Beta,2004-11-07
0696,N09W08,9,8,26,910,Ekc,12,33,Beta-Gamma-Delta,2004-11-07
0697,N05W52,5,52,70,10,Hsx,1,1,Alpha,2004-11-07
0698,S10W42,-10,42,60,20,Cso,4,5,Beta,2004-11-07
0693,S17W71,-17,71,76,250,Fko,17,7,Beta-Gamma,2004-11-08
0695,S16W40,-16,40,45,10,Cso,1,1,Beta,2004-11-08
0696,N08W22,8,22,27,650,Eki,13,26,Beta-Gamma-Delta,2004-11-08
0697,N07W66,7,66,71,10,Axx,1,1,Alpha,2004-11-08
0698,S09W56,-9,56,61,60,Dso,6,9,Beta,2004-11-08
0693,S17W82,-17,82,74,120,Hax,2,3,Alpha,2004-11-09
0696,N08W36,8,36,28,600,Ekc,13,48,Beta-Gamma-Delta,2004-11-09
0698,S09W72,-9,72,64,150,Dai,8,12,Beta,2004-11-09
0693,S18W93,-18,93,71,70,Hax,3,2,Alpha,2004-11-10
0696,N08W50,8,50,28,730,Ekc,13,37,Beta-Gamma-Delta,2004-11-10
0698,S09W84,-9,84,62,160,Dao,10,9,Beta,2004-11-10
0699,S16E66,-16,-66,272,20,Hrx,1,2,Alpha,2004-11-10
0696,N08W62,8,62,27,470,Eac,14,29,Beta-Gamma-Delta,2004-11-11
0699,S15E53,-15,-53,272,30,Hsx,1,1,Alpha,2004-11-11
0696,N08W76,8,76,27,420,Eac,13,20,Beta-Gamma-Delta,2004-11-12
0699,S14E38,-14,-38,273,30,Hsx,1,1,Alpha,2004-11-12
0700,N04W02,4,2,313,20,Dso,5,7,Beta,2004-11-12
0701,S16E70,-16,-70,241,80,Cso,7,2,Beta,2004-11-12
0696,N08W87,8,87,25,70,Hax,6,1,Alpha,2004-11-13
0699,S14E27,-14,-27,271,30,Cso,8,3,Beta,2004-11-13
0700,N05W14,5,14,312,30,Dso,5,6,Beta,2004-11-13
0701,S17E60,-17,-60,238,100,Cso,8,2,Beta,2004-11-13
0699,S15E17,-15,-17,268,40,Dao,10,4,Beta,2004-11-14
0700,N05W27,5,27,312,80,Dac,8,13,Beta-Gamma,2004-11-14
0701,S17E45,-17,-45,240,100,Cao,7,3,Beta,2004-11-14
0699,S13E03,-13,-3,269,80,Dro,10,11,Beta,2004-11-15
0700,N04W40,4,40,312,80,Dri,9,26,Beta-Gamma,2004-11-15
0701,S15E30,-15,-30,242,70,Hax,2,2,Alpha,2004-11-15
0699,S13W10,-13,10,269,50,Eao,11,6,Beta,2004-11-16
0700,N04W53,4,53,312,200,Dai,10,18,Beta-Gamma,2004-11-16
0701,S15E17,-15,-17,242,70,Cso,5,3,Beta,2004-11-16
0699,S13W23,-13,23,269,30,Dso,9,4,Beta,2004-11-17
0700,N04W67,4,67,312,320,Eao,13,11,Beta-Gamma,2004-11-17
0701,S15E04,-15,-4,242,60,Hsx,2,1,Alpha,2004-11-17
0699,S13W36,-13,36,269,20,Cro,3,2,Beta,2004-11-18
0700,N04W80,4,80,312,180,Dso,10,5,Beta-Gamma,2004-11-18
0701,S15W09,-15,9,241,50,Hsx,2,1,Alpha,2004-11-18
0702,S10W27,-10,27,259,80,Dso,6,11,Beta,2004-11-18
0699,S13W50,-13,50,269,10,Axx,1,2,Alpha,2004-11-19
0700,N04W93,4,93,312,30,Dao,4,2,Beta-Gamma,2004-11-19
0701,S15W22,-15,22,241,60,Hsx,2,1,Alpha,2004-11-19
0702,S10W40,-10,40,259,50,Dso,8,10,Beta,2004-11-19
0703,N13E46,13,-46,173,10,Axx,1,1,Alpha,2004-11-19
0704,N12E75,12,-75,144,50,Hax,1,1,Alpha,2004-11-19
0699,S14W65,-14,65,271,0,Axx,1,1,Alpha,2004-11-20
0701,S16W34,-16,34,240,50,Hsx,2,1,Alpha,2004-11-20
0702,S11W54,-11,54,260,60,Dso,10,6,Beta,2004-11-20
0703,N12E34,12,-34,172,30,Axx,1,2,Alpha,2004-11-20
0704,N13E62,13,-62,144,70,Hsx,2,1,Alpha,2004-11-20
0701,S16W48,-16,48,241,50,Hsx,4,2,Alpha,2004-11-21
0702,S09W72,-9,72,265,20,Hrx,2,1,Alpha,2004-11-21
0704,N12E51,12,-51,142,110,Dao,8,7,Beta,2004-11-21
0701,S15W61,-15,61,241,30,Hsx,2,1,Alpha,2004-11-22
0704,N12E39,12,-39,141,90,Dso,9,6,Beta,2004-11-22
0701,S17W74,-17,74,241,30,Hsx,2,1,Alpha,2004-11-23
0704,N13E25,13,-25,142,110,Dso,10,7,Beta,2004-11-23
0701,S15W83,-15,83,237,30,Hsx,2,1,Alpha,2004-11-24
0704,N12E11,12,-11,143,90,Dso,9,6,Beta,2004-11-24
0705,S04W64,-4,64,218,70,Dao,6,8,Beta,2004-11-24
0703,N13W31,13,31,172,10,Axx,6,4,Alpha,2004-11-25
0704,N13W04,13,4,145,90,Dao,8,7,Beta,2004-11-25
0705,S04W80,-4,80,221,60,Cao,5,5,Beta,2004-11-25
0706,S08E71,-8,-71,70,80,Dao,6,5,Beta,2004-11-25
0707,S16E68,-16,-68,73,80,Hax,1,1,Alpha,2004-11-25
0704,N13W17,13,17,145,70,Dao,6,6,Beta,2004-11-26
0705,S04W95,-4,95,223,60,Cao,7,3,Beta,2004-11-26
0706,S08E56,-8,-56,72,70,Dao,7,6,Beta,2004-11-26
0707,S15E57,-15,-57,71,110,Cao,6,6,Beta,2004-11-26
0704,N12W30,12,30,145,60,Cao,3,6,Beta,2004-11-27
0706,S07E44,-7,-44,71,140,Dao,8,5,Beta,2004-11-27
0707,S16E42,-16,-42,73,150,Dai,6,9,Beta-Gamma,2004-11-27
0708,N08E81,8,-81,34,120,Hax,3,1,Alpha,2004-11-27
0704,N13W44,13,44,145,30,Hax,3,3,Alpha,2004-11-28
0706,S07E31,-7,-31,70,120,Cao,6,6,Beta,2004-11-28
0707,S16E27,-16,-27,74,170,Dai,7,14,Beta-Gamma,2004-11-28
0708,N10E67,10,-67,34,100,Hsx,2,1,Alpha,2004-11-28
0704,N13W54,13,54,142,10,Bxo,8,3,Beta,2004-11-29
0706,S07E19,-7,-19,69,150,Cso,5,6,Beta,2004-11-29
0707,S15E14,-15,-14,74,170,Cao,9,15,Beta,2004-11-29
0708,N10E56,10,-56,32,140,Cso,3,2,Beta,2004-11-29
0706,S08E05,-8,-5,70,120,Hsx,3,1,Alpha,2004-11-30
0707,S14E02,-14,-2,73,170,Cao,6,8,Beta,2004-11-30
0708,N10E40,10,-40,35,150,Hsx,3,1,Alpha,2004-11-30
0706,S08W08,-8,8,70,110,Hsx,2,2,Alpha,2004-12-01
0707,S14W12,-14,12,74,180,Dao,5,9,Beta,2004-12-01
0708,N11E27,11,-27,35,130,Hsx,3,1,Alpha,2004-12-01
0706,S07W21,-7,21,70,80,Hsx,3,2,Alpha,2004-12-02
0707,S17W24,-17,24,73,240,Dsc,6,16,Beta-Gamma,2004-12-02
0708,N09E14,9,-14,35,130,Cso,5,4,Beta,2004-12-02
0706,S05W26,-5,26,62,90,Cso,7,3,Beta,2004-12-03
0707,S14W37,-14,37,73,230,Dac,7,19,Beta,2004-12-03
0708,N09E01,9,-1,35,150,Dsi,6,10,Beta,2004-12-03
0706,S06W48,-6,48,70,80,Cao,4,3,Beta,2004-12-04
0707,S14W49,-14,49,71,190,Dao,4,9,Beta,2004-12-04
0708,N08W12,8,12,34,160,Cso,8,5,Beta,2004-12-04
0709,N06E61,6,-61,321,20,Axx,1,1,Alpha,2004-12-04
0706,S07W62,-7,62,71,80,Cao,3,4,Beta,2004-12-05
0707,S13W64,-13,64,73,110,Dao,5,3,Beta,2004-12-05
0708,N09W26,9,26,35,90,Cao,2,6,Beta,2004-12-05
0706,S07W74,-7,74,70,70,Hsx,2,1,Alpha,2004-12-06
0707,S13W77,-13,77,73,80,Hax,5,1,Alpha,2004-12-06
0708,N09W41,9,41,37,70,Hsx,3,2,Alpha,2004-12-06
0709,N06E31,6,-31,325,10,Axx,5,2,Alpha,2004-12-06
0706,S07W87,-7,87,70,60,Hax,1,1,Alpha,2004-12-07
0707,S13W88,-13,88,71,60,Hax,1,1,Alpha,2004-12-07
0708,N10W53,10,53,36,100,Hsx,2,1,Alpha,2004-12-07
0709,N04E20,4,-20,323,10,Bxo,11,4,Beta,2004-12-07
0708,N10W66,10,66,36,80,Hax,2,1,Alpha,2004-12-08
0709,N04E01,4,-1,329,20,Bxo,4,5,Beta,2004-12-08
0708,N09W81,9,81,37,80,Hax,2,1,Alpha,2004-12-09
0709,N04W11,4,11,327,20,Bxo,7,7,Beta,2004-12-09
0710,S08E47,-8,-47,269,20,Axx,1,2,Alpha,2004-12-09
0708,N09W92,9,92,35,60,Hsx,2,1,Alpha,2004-12-10
0709,N05W21,5,21,324,30,Bxo,7,7,Beta,2004-12-10
0710,S07E33,-7,-33,270,10,Axx,1,1,Alpha,2004-12-10
0709,N05W38,5,38,328,10,Axx,1,1,Alpha,2004-12-11
0710,S08E22,-8,-22,268,10,Bxo,3,4,Beta,2004-12-11
0711,N13W20,13,20,310,20,Dso,4,4,Beta,2004-12-11
0711,N13W34,13,34,311,50,Dao,4,6,Beta,2004-12-12
0711,N13W47,13,47,311,100,Dao,6,16,Beta,2004-12-13
0711,N13W60,13,60,311,120,Dai,7,12,Beta-Gamma,2004-12-14
0711,N13W74,13,74,311,130,Dso,7,8,Beta-Gamma,2004-12-15
0710,S08W46,-8,46,270,20,Cao,7,4,Beta,2004-12-16
0711,N13W88,13,88,312,150,Dao,6,4,Beta-Gamma,2004-12-16
0710,S06W61,-6,61,272,30,Dso,5,4,Beta,2004-12-17
0710,S07W72,-7,72,270,50,Eai,13,5,Beta,2004-12-18
0712,S10E50,-10,-50,148,20,Dso,6,4,Beta,2004-12-18
0713,S10E70,-10,-70,128,70,Hax,3,1,Alpha,2004-12-18
0710,S07W82,-7,82,267,10,Axx,1,1,Alpha,2004-12-19
0712,S10E37,-10,-37,148,30,Cso,5,5,Beta,2004-12-19
0713,S10E59,-10,-59,126,100,Dao,7,4,Beta,2004-12-19
0712,S11E24,-11,-24,147,10,Bxo,4,2,Beta,2004-12-20
0713,S10E46,-10,-46,125,120,Cso,10,7,Beta,2004-12-20
0713,S09E34,-9,-34,124,210,Eai,11,20,Beta-Gamma,2004-12-21
0713,S08E22,-8,-22,123,210,Eai,11,15,Beta-Gamma,2004-12-22
0713,S10E07,-10,-7,125,190,Fai,16,25,Beta-Gamma,2004-12-23
0714,S04W01,-4,1,133,10,Cao,3,2,Beta,2004-12-23
0713,S08W06,-8,6,125,210,Dao,10,21,Beta-Gamma,2004-12-24
0714,S03W16,-3,16,135,20,Bxo,4,6,Beta,2004-12-24
0713,S08W21,-8,21,126,190,Eai,12,20,Beta,2004-12-25
0714,S03W30,-3,30,135,20,Cro,5,2,Beta,2004-12-25
0713,S09W36,-9,36,128,100,Dsi,7,5,Beta,2004-12-26
0714,S03W40,-3,40,132,0,Axx,1,1,Alpha,2004-12-26
0713,S08W47,-8,47,126,90,Cso,4,6,Beta,2004-12-27
0713,S09W65,-9,65,131,100,Hax,3,1,Alpha,2004-12-28
0713,S09W78,-9,78,131,150,Cso,7,5,Beta,2004-12-29
0715,N04E74,4,-74,339,80,Dao,5,2,Beta,2004-12-29
0713,S09W91,-9,91,131,150,Eai,12,4,Beta,2004-12-30
0715,N04E61,4,-61,339,260,Dko,8,3,Beta-Gamma-Delta,2004-12-30
0715,N04E47,4,-47,339,350,Dkc,5,12,Beta-Gamma-Delta,2004-12-31
0716,S16E52,-16,-52,334,10,Bxo,4,2,Beta,2004-12-31
0715,N04E34,4,-34,339,220,Dac,6,22,Beta-Gamma-Delta,2005-01-01
0716,S14E37,-14,-37,336,20,Cao,3,5,Beta,2005-01-01
0717,N07W56,7,56,69,10,Cao,3,3,Beta,2005-01-01
0715,N05E21,5,-21,339,180,Dac,5,16,Beta-Gamma,2005-01-02
0716,S14E24,-14,-24,336,20,Dso,1,1,Beta,2005-01-02
0717,N07W73,7,73,73,30,Cao,3,4,Beta,2005-01-02
0715,N05E08,5,-8,339,130,Dsi,7,17,Beta-Gamma,2005-01-03
0716,S13E11,-13,-11,336,10,Cso,3,2,Beta,2005-01-03
0717,N08W86,8,86,73,110,Dso,4,3,Beta,2005-01-03
0715,N04W04,4,4,339,130,Dai,9,16,Beta-Gamma,2005-01-04
0716,S13W01,-13,1,336,30,Cao,5,7,Beta,2005-01-04
0715,N05W19,5,19,340,40,Dsi,6,9,Beta,2005-01-05
0716,S13W16,-13,16,337,0,Axx,0,1,Alpha,2005-01-05
0715,N04W33,4,33,341,30,Dro,4,5,Beta,2005-01-06
0715,N04W46,4,46,341,30,Dso,4,4,Beta,2005-01-07
0715,N06W59,6,59,341,20,Hax,1,1,Alpha,2005-01-08
0718,S09E78,-9,-78,204,60,Hax,2,1,Alpha,2005-01-08
0715,N08W69,8,69,338,20,Axx,1,1,Alpha,2005-01-09
0718,S08E67,-8,-67,202,90,Cao,3,2,Beta,2005-01-09
0719,S09E82,-9,-82,187,60,Hax,2,1,Alpha,2005-01-09
0718,S08E54,-8,-54,202,90,Dao,3,3,Beta,2005-01-10
0719,S08E64,-8,-64,192,100,Cao,4,5,Beta,2005-01-10
0718,S08E44,-8,-44,198,100,Dao,3,3,Beta,2005-01-11
0719,S10E52,-10,-52,190,70,Dso,5,4,Beta,2005-01-11
0720,N09E65,9,-65,177,10,Bxo,6,3,Beta,2005-01-11
0718,S06E32,-6,-32,197,70,Dao,5,2,Beta,2005-01-12
0720,N13E52,13,-52,177,50,Cao,5,3,Beta,2005-01-12
0718,S07E19,-7,-19,197,180,Eao,13,16,Beta,2005-01-13
0720,N13E37,13,-37,179,420,Dkc,8,22,Beta,2005-01-13
0718,S07E07,-7,-7,196,160,Fko,16,19,Beta,2005-01-14
0720,N13E24,13,-24,179,1080,Dkc,9,38,Beta-Delta,2005-01-14
0718,S05W06,-5,6,196,250,Fao,18,22,Beta,2005-01-15
0720,N13E10,13,-10,180,1540,Dkc,10,23,Beta-Delta,2005-01-15
0718,S07W21,-7,21,197,360,Fki,17,26,Beta-Gamma,2005-01-16
0720,N13W03,13,3,179,1620,Dkc,10,54,Beta-Delta,2005-01-16
0718,S07W34,-7,34,197,310,Fai,17,19,Beta-Gamma,2005-01-17
0720,N13W15,13,15,178,1630,Ekc,15,37,Beta-Delta,2005-01-17
0721,S03E14,-3,-14,149,20,Cso,4,2,Beta,2005-01-17
0722,N19E04,19,-4,159,0,Axx,1,1,Alpha,2005-01-17
0718,S07W47,-7,47,197,240,Fai,17,17,Beta,2005-01-18
0720,N13W30,13,30,180,1460,Ekc,14,48,Beta-Delta,2005-01-18
0721,S03E02,-3,-2,148,0,Axx,1,1,Alpha,2005-01-18
0723,N06E77,6,-77,73,70,Hax,2,1,Alpha,2005-01-18
0718,S07W64,-7,64,200,140,Fao,16,10,Beta,2005-01-19
0720,N13W44,13,44,180,1400,Ekc,14,44,Beta-Gamma,2005-01-19
0722,N19W25,19,25,161,0,Axx,1,1,Alpha,2005-01-19
0723,N07E63,7,-63,73,100,Hsx,2,1,Alpha,2005-01-19
0724,S12W07,-12,7,143,10,Cso,3,3,Beta,2005-01-19
0718,S06W76,-6,76,199,110,Dao,10,3,Beta,2005-01-20
0720,N14W56,14,56,179,1220,Ekc,13,31,Beta-Delta,2005-01-20
0723,N06E52,6,-52,71,70,Cao,9,2,Beta,2005-01-20
0718,S07W88,-7,88,198,100,Cso,6,3,Beta,2005-01-21
0720,N14W70,14,70,180,1400,Ekc,15,27,Beta-Gamma-Delta,2005-01-21
0723,N06E35,6,-35,75,80,Hsx,2,1,Alpha,2005-01-21
0720,N13W83,13,83,179,1090,Ekc,15,17,Beta-Gamma-Delta,2005-01-22
0723,N06E22,6,-22,74,70,Hsx,2,1,Alpha,2005-01-22
0725,S04W36,-4,36,132,90,Dsi,5,8,Beta,2005-01-22
0726,S02E27,-2,-27,69,40,Cso,4,3,Beta,2005-01-22
0720,N11W93,11,93,176,900,Dkc,6,6,Beta-Gamma-Delta,2005-01-23
0723,N07E07,7,-7,76,120,Cso,3,3,Beta,2005-01-23
0725,S04W49,-4,49,132,190,Dsi,5,9,Beta-Gamma,2005-01-23
0726,S01E14,-1,-14,69,20,Cro,3,2,Beta,2005-01-23
0723,N06W04,6,4,74,70,Hsx,2,1,Alpha,2005-01-24
0725,S03W64,-3,64,134,150,Cao,6,7,Beta,2005-01-24
0726,S01W02,-1,2,72,10,Axx,1,2,Alpha,2005-01-24
0723,N06W17,6,17,74,70,Hsx,3,1,Alpha,2005-01-25
0725,S03W77,-3,77,134,110,Cso,5,3,Beta,2005-01-25
0727,S09E38,-9,-38,19,320,Dai,5,8,Beta,2005-01-25
0723,N06W30,6,30,74,50,Hsx,1,1,Alpha,2005-01-26
0725,S03W90,-3,90,134,110,Hax,2,1,Alpha,2005-01-26
0727,S09E25,-9,-25,19,120,Dai,6,13,Beta,2005-01-26
0728,S14E66,-14,-66,338,50,Hsx,1,1,Alpha,2005-01-26
0723,N06W44,6,44,74,50,Hsx,2,1,Alpha,2005-01-27
0727,S09E11,-9,-11,19,100,Dao,6,13,Beta,2005-01-27
0728,S14E53,-14,-53,338,10,Bxo,3,2,Beta,2005-01-27
0723,N06W57,6,57,74,50,Hsx,2,1,Alpha,2005-01-28
0727,S09W02,-9,2,19,80,Dao,7,10,Beta,2005-01-28
0728,S14E36,-14,-36,341,10,Bxo,3,2,Beta,2005-01-28
0723,N05W70,5,70,74,70,Hax,3,2,Alpha,2005-01-29
0727,S05W16,-5,16,20,70,Dai,8,10,Beta,2005-01-29
0728,S14E24,-14,-24,340,10,Axx,1,1,Alpha,2005-01-29
0723,N06W84,6,84,75,90,Hsx,2,2,Alpha,2005-01-30
0727,S10W26,-10,26,17,70,Dso,5,8,Beta,2005-01-30
0727,S09W42,-9,42,20,110,Dai,7,16,Beta-Gamma,2005-01-31
0728,S13E01,-13,-1,337,10,Hsx,2,2,Alpha,2005-01-31
0727,S09W53,-9,53,17,110,Dao,7,7,Beta,2005-02-01
0728,S11W12,-11,12,336,0,Axx,1,1,Alpha,2005-02-01
0729,S10E18,-10,-18,306,70,Dsi,5,11,Beta,2005-02-01
0727,S09W68,-9,68,19,110,Cao,2,2,Beta,2005-02-02
0729,S08E06,-8,-6,305,60,Cso,6,5,Beta,2005-02-02
0727,S08W84,-8,84,22,90,Hax,3,1,Alpha,2005-02-03
0729,S10W10,-10,10,308,60,Dao,7,7,Beta,2005-02-03
0727,S10W97,-10,97,22,30,Axx,2,1,Alpha,2005-02-04
0729,S11W25,-11,25,310,20,Hsx,1,2,Alpha,2005-02-04
0729,S11W39,-11,39,312,20,Hsx,1,1,Alpha,2005-02-05
0730,S20E73,-20,-73,200,60,Hsx,2,1,Alpha,2005-02-05
0729,S11W52,-11,52,312,10,Axx,1,1,Alpha,2005-02-06
0730,S20E60,-20,-60,200,30,Hsx,1,1,Alpha,2005-02-06
0729,S11W66,-11,66,312,20,Hsx,1,1,Alpha,2005-02-07
0730,S20E46,-20,-46,200,50,Hax,2,1,Alpha,2005-02-07
0731,S02E27,-2,-27,219,30,Dso,3,2,Beta,2005-02-07
0732,N09E70,9,-70,176,40,Dao,8,3,Beta,2005-02-07
0729,S11W79,-11,79,312,20,Hax,1,1,Alpha,2005-02-08
0730,S20E33,-20,-33,200,60,Cso,7,3,Beta,2005-02-08
0731,S02E14,-2,-14,217,10,Hax,1,2,Alpha,2005-02-08
0732,N09E57,9,-57,176,90,Dso,8,5,Beta-Gamma,2005-02-08
0733,S09E78,-9,-78,155,180,Hax,2,1,Alpha,2005-02-08
0730,S20E20,-20,-20,200,70,Dso,6,9,Beta,2005-02-09
0732,N12E37,12,-37,183,50,Fso,16,10,Beta-Gamma,2005-02-09
0733,S08E67,-8,-67,153,240,Hkx,3,4,Alpha,2005-02-09
0730,S21E09,-21,-9,198,90,Cao,6,6,Beta,2005-02-10
0732,N14E28,14,-28,179,60,Fai,10,10,Beta-Gamma,2005-02-10
0733,S08E54,-8,-54,153,280,Hsx,4,3,Alpha,2005-02-10
0734,S04E71,-4,-71,136,60,Hax,2,1,Alpha,2005-02-10
0730,S20W05,-20,5,199,50,Hax,2,2,Alpha,2005-02-11
0732,N17E17,17,-17,177,40,Dro,8,6,Beta,2005-02-11
0733,S08E40,-8,-40,154,310,Cho,3,3,Beta,2005-02-11
0734,S04E57,-4,-57,137,50,Hax,2,1,Alpha,2005-02-11
0735,S08E74,-8,-74,120,80,Hsx,4,1,Alpha,2005-02-11
0730,S20W19,-20,19,199,50,Hax,2,2,Alpha,2005-02-12
0732,N11W04,11,4,184,40,Dro,10,14,Beta-Gamma,2005-02-12
0733,S08E31,-8,-31,149,340,Hhx,5,3,Alpha,2005-02-12
0734,S04E44,-4,-44,136,60,Hsx,2,1,Alpha,2005-02-12
0735,S08E60,-8,-60,120,410,Dho,6,3,Beta,2005-02-12
0730,S20W32,-20,32,199,10,Axx,2,4,Alpha,2005-02-13
0732,N11W17,11,17,184,90,Eso,11,14,Beta-Gamma,2005-02-13
0733,S08E14,-8,-14,153,250,Hax,3,2,Alpha,2005-02-13
0734,S05E31,-5,-31,136,60,Hsx,2,1,Alpha,2005-02-13
0735,S08E47,-8,-47,120,380,Hhx,4,1,Alpha,2005-02-13
0730,S19W44,-19,44,198,10,Axx,1,3,Alpha,2005-02-14
0732,N12W30,12,30,184,30,Dso,6,9,Beta,2005-02-14
0733,S09E01,-9,-1,153,230,Hax,3,2,Alpha,2005-02-14
0734,S04E17,-4,-17,137,80,Hsx,2,1,Alpha,2005-02-14
0735,S09E34,-9,-34,120,370,Dho,7,8,Beta,2005-02-14
0730,S19W57,-19,57,198,10,Bxo,2,3,Beta,2005-02-15
0732,N12W43,12,43,184,10,Bxo,6,7,Beta,2005-02-15
0733,S09W13,-9,13,154,230,Cao,5,22,Beta,2005-02-15
0734,S05E04,-5,-4,137,70,Cao,5,7,Beta,2005-02-15
0735,S08E20,-8,-20,121,440,Dko,7,26,Beta,2005-02-15
0732,N08W60,8,60,188,20,Bxo,10,4,Beta,2005-02-16
0733,S08W26,-8,26,154,180,Dao,4,6,Alpha,2005-02-16
0734,S04W10,-4,10,138,70,Cso,4,4,Beta,2005-02-16
0735,S08E06,-8,-6,122,420,Cko,11,15,Beta-Gamma,2005-02-16
0733,S08W39,-8,39,154,170,Dso,4,9,Alpha,2005-02-17
0734,S04W23,-4,23,138,80,Cso,4,5,Beta,2005-02-17
0735,S07W06,-7,6,121,470,Ekc,11,17,Beta-Gamma-Delta,2005-02-17
0733,S08W52,-8,52,153,130,Dso,5,6,Beta,2005-02-18
0734,S05W34,-5,34,135,70,Cso,4,4,Beta,2005-02-18
0735,S10W18,-10,18,119,420,Dkc,8,11,Beta-Gamma-Delta,2005-02-18
0733,S09W67,-9,67,155,90,Dso,4,5,Beta,2005-02-19
0734,S05W50,-5,50,138,40,Dso,2,3,Beta,2005-02-19
0735,S09W32,-9,32,120,460,Dko,6,8,Beta,2005-02-19
0733,S08W80,-8,80,155,70,Cso,3,2,Beta,2005-02-20
0734,S05W63,-5,63,138,40,Hsx,1,1,Alpha,2005-02-20
0735,S09W45,-9,45,120,410,Dki,6,18,Beta-Gamma,2005-02-20
0733,S08W93,-8,93,155,70,Hsx,2,1,Alpha,2005-02-21
0734,S05W76,-5,76,138,40,Hsx,1,1,Alpha,2005-02-21
0735,S09W58,-9,58,120,440,Dko,6,12,Beta-Gamma,2005-02-21
0736,N13W50,13,50,112,30,Dao,5,6,Beta,2005-02-21
0735,S09W71,-9,71,120,440,Dko,5,6,Beta-Gamma,2005-02-22
0736,N13W63,13,63,112,120,Dao,7,7,Beta,2005-02-22
0735,S09W85,-9,85,120,300,Cko,3,2,Beta,2005-02-23
0736,N13W77,13,77,112,210,Dko,7,1,Beta,2005-02-23
0735,S09W97,-9,97,119,60,Hsx,2,1,Alpha,2005-02-24
0736,N13W92,13,92,114,90,Cso,2,3,Beta,2005-02-24
0737,S07W31,-7,31,53,40,Dsi,4,8,Beta,2005-02-24
0738,S10E10,-10,-10,12,10,Bxo,2,2,Beta,2005-02-24
0737,S09W44,-9,44,53,40,Dso,5,7,Beta,2005-02-25
0737,S11W59,-11,59,55,30,Bxo,6,5,Beta,2005-02-26
0737,S11W72,-11,72,55,40,Bxo,4,3,Beta,2005-02-27
0739,S04E52,-4,-52,291,30,Bxo,5,4,Beta,2005-02-27
0739,S04E38,-4,-38,292,20,Axx,1,2,Alpha,2005-02-28
0739,S04E21,-4,-21,295,0,Axx,1,1,Alpha,2005-03-01
0739,S03E10,-3,-10,293,10,Axx,1,1,Alpha,2005-03-02
0740,S07W24,-7,24,314,20,Hsx,1,1,Alpha,2005-03-03
0739,S03W16,-3,16,293,10,Bxo,3,2,Beta,2005-03-04
0740,S07W37,-7,37,314,10,Axx,1,2,Alpha,2005-03-04
0741,N12E70,12,-70,194,110,Cao,5,3,Beta,2005-03-05
0741,N12E57,12,-57,193,110,Cao,8,12,Beta,2005-03-06
0741,N12E44,12,-44,193,80,Dao,7,12,Beta,2005-03-07
0739,S04W67,-4,67,291,20,Bxo,5,4,Beta,2005-03-08
0741,N13E30,13,-30,194,60,Cao,5,7,Beta,2005-03-08
0742,S05E67,-5,-67,157,60,Hax,3,2,Alpha,2005-03-08
0739,S07W81,-7,81,292,40,Axx,6,3,Alpha,2005-03-09
0741,N14E17,14,-17,194,40,Cao,6,8,Beta,2005-03-09
0742,S06E56,-6,-56,155,80,Bxo,12,11,Beta,2005-03-09
0739,S08W92,-8,92,290,90,Bxo,2,2,Beta,2005-03-10
0741,N12E03,12,-3,195,60,Dsi,6,17,Beta,2005-03-10
0742,S06E43,-6,-43,155,170,Eai,11,17,Beta,2005-03-10
0743,S09E76,-9,-76,122,240,Hkx,3,1,Alpha,2005-03-10
0741,N13W11,13,11,195,100,Cai,5,15,Beta,2005-03-11
0742,S05E31,-5,-31,153,190,Eai,11,24,Beta,2005-03-11
0743,S07E63,-7,-63,121,180,Hax,3,1,Alpha,2005-03-11
0741,N12W26,12,26,197,110,Cai,7,8,Beta,2005-03-12
0742,S05E17,-5,-17,154,190,Eai,12,20,Beta,2005-03-12
0743,S07E50,-7,-50,121,190,Hsx,4,1,Alpha,2005-03-12
0741,N12W41,12,41,200,30,Cso,6,5,Beta-Gamma,2005-03-13
0742,S06E03,-6,-3,156,240,Dac,10,30,Beta,2005-03-13
0743,S08E36,-8,-36,123,260,Hhx,4,2,Alpha,2005-03-13
0741,N12W57,12,57,203,60,Dao,6,7,Beta,2005-03-14
0742,S05W12,-5,12,158,340,Eai,12,37,Beta,2005-03-14
0743,S07E24,-7,-24,122,250,Hkx,5,3,Alpha,2005-03-14
0741,N12W68,12,68,201,70,Cao,6,4,Beta,2005-03-15
0742,S05W24,-5,24,157,320,Eao,11,14,Beta,2005-03-15
0743,S07E10,-7,-10,123,250,Hhx,4,1,Alpha,2005-03-15
0741,N10W80,10,80,200,100,Dso,10,3,Beta,2005-03-16
0742,S05W39,-5,39,159,330,Eko,11,20,Beta-Gamma,2005-03-16
0743,S08W04,-8,4,124,290,Hkx,5,5,Alpha,2005-03-16
0742,S06W50,-6,50,156,350,Eao,11,18,Beta-Gamma,2005-03-17
0743,S08W17,-8,17,123,320,Cko,6,7,Beta,2005-03-17
0742,S06W65,-6,65,158,240,Dao,10,8,Beta,2005-03-18
0743,S08W31,-8,31,124,300,Cko,6,7,Beta,2005-03-18
0742,S06W80,-6,80,160,300,Hkx,3,3,Alpha,2005-03-19
0743,S08W44,-8,44,124,300,Dhi,6,14,Beta-Gamma,2005-03-19
0742,S06W93,-6,93,160,250,Hkx,3,1,Alpha,2005-03-20
0743,S08W57,-8,57,124,390,Dki,8,20,Beta-Gamma,2005-03-20
0743,S08W70,-8,70,124,310,Dao,7,12,Beta-Gamma,2005-03-21
0744,S12E01,-12,-1,53,60,Dso,5,7,Beta,2005-03-21
0743,S08W84,-8,84,124,210,Cso,7,5,Beta-Gamma,2005-03-22
0744,S12W13,-12,13,53,100,Dao,7,14,Beta,2005-03-22
0745,N12E54,12,-54,346,20,Bxo,3,4,Beta,2005-03-22
0743,S08W96,-8,96,123,180,Hkx,5,1,Alpha,2005-03-23
0744,S13W26,-13,26,53,70,Dso,6,11,Beta,2005-03-23
0745,N12E43,12,-43,344,110,Cao,7,7,Beta,2005-03-23
0744,S13W40,-13,40,54,100,Cao,5,7,Beta,2005-03-24
0745,N12E30,12,-30,344,90,Dao,8,17,Beta,2005-03-24
0746,S11E07,-11,-7,7,30,Cao,3,2,Beta,2005-03-24
0744,S13W53,-13,53,54,30,Hsx,2,1,Alpha,2005-03-25
0745,N12E15,12,-15,346,100,Dai,9,20,Beta,2005-03-25
0746,S11W06,-11,6,7,40,Dso,5,6,Beta,2005-03-25
0744,S14W68,-14,68,56,20,Axx,1,2,Alpha,2005-03-26
0745,N12E03,12,-3,345,190,Dai,9,22,Beta,2005-03-26
0746,S12W21,-12,21,9,80,Dao,6,11,Beta,2005-03-26
0745,N12W11,12,11,346,90,Dao,10,8,Beta,2005-03-27
0746,S12W35,-12,35,10,50,Dao,6,13,Beta,2005-03-27
0745,N12W24,12,24,345,90,Cao,9,7,Beta,2005-03-28
0746,S11W47,-11,47,8,30,Dso,4,8,Beta,2005-03-28
0745,N12W39,12,39,347,60,Cao,7,5,Beta,2005-03-29
0745,N12W55,12,55,349,30,Cso,6,5,Beta,2005-03-30
0745,N12W68,12,68,349,10,Axx,1,1,Alpha,2005-03-31
0747,S07E23,-7,-23,245,10,Hsx,1,1,Alpha,2005-04-01
0748,N09E59,9,-59,209,20,Hsx,1,1,Alpha,2005-04-01
0747,S09E10,-9,-10,245,40,Dao,3,5,Beta,2005-04-02
0748,N09E46,9,-46,209,20,Hsx,1,1,Alpha,2005-04-02
0747,S07W04,-7,4,245,70,Dso,5,9,Beta,2005-04-03
0748,N09E33,9,-33,208,30,Hax,1,1,Alpha,2005-04-03
0747,S05W19,-5,19,247,60,Dao,6,6,Beta,2005-04-04
0748,N11E20,11,-20,208,10,Hsx,1,1,Alpha,2005-04-04
0749,S06E63,-6,-63,165,50,Hsx,1,1,Alpha,2005-04-04
0747,S06W32,-6,32,247,110,Dai,9,21,Beta,2005-04-05
0748,N11E08,11,-8,207,20,Hsx,1,1,Alpha,2005-04-05
0749,S06E52,-6,-52,163,40,Hsx,1,2,Alpha,2005-04-05
0747,S05W47,-5,47,249,130,Dai,10,12,Beta,2005-04-06
0748,N12W06,12,6,208,20,Axx,2,2,Alpha,2005-04-06
0749,S06E38,-6,-38,164,20,Hax,2,1,Alpha,2005-04-06
0750,S08E84,-8,-84,118,120,Hax,1,1,Alpha,2005-04-06
0747,S05W59,-5,59,247,80,Dso,8,6,Beta,2005-04-07
0748,N11W18,11,18,206,10,Axx,2,2,Alpha,2005-04-07
0749,S05E24,-5,-24,164,20,Hsx,1,1,Alpha,2005-04-07
0750,S07E65,-7,-65,123,70,Hax,2,1,Alpha,2005-04-07
0747,S06W74,-6,74,249,80,Cao,10,5,Beta,2005-04-08
0749,S05E11,-5,-11,164,20,Hsx,1,2,Alpha,2005-04-08
0750,S07E51,-7,-51,124,140,Dai,7,12,Beta,2005-04-08
0747,S04W91,-4,91,253,60,Cro,4,4,Beta,2005-04-09
0749,S06W02,-6,2,164,20,Hax,1,2,Alpha,2005-04-09
0750,S07E36,-7,-36,126,150,Dao,7,9,Beta,2005-04-09
0751,S08W59,-8,59,221,20,Hsx,1,1,Alpha,2005-04-09
0749,S05W17,-5,17,166,10,Hsx,1,1,Alpha,2005-04-10
0750,S07E24,-7,-24,125,100,Dai,4,6,Beta,2005-04-10
0751,S07W74,-7,74,223,80,Dai,6,6,Beta,2005-04-10
0749,S06W30,-6,30,166,10,Axx,1,1,Alpha,2005-04-11
0750,S07E12,-7,-12,124,70,Dso,5,6,Beta,2005-04-11
0751,S07W83,-7,83,219,60,Dso,6,5,Beta,2005-04-11
0750,S07W01,-7,1,124,90,Cso,5,7,Beta,2005-04-12
0750,S07W15,-7,15,124,80,Dso,8,9,Beta,2005-04-13
0752,N00E76,0,-76,33,80,Dso,10,3,Beta,2005-04-13
0750,S07W28,-7,28,124,60,Cso,7,5,Beta,2005-04-14
0752,N01E56,1,-56,40,150,Dao,10,8,Beta,2005-04-14
0753,N12W06,12,6,102,10,Cso,3,2,Beta,2005-04-14
0750,S07W41,-7,41,124,40,Hsx,2,2,Alpha,2005-04-15
0752,N01E43,1,-43,40,160,Eai,11,10,Beta-Gamma,2005-04-15
0753,N12W19,12,19,102,10,Bxo,6,6,Beta,2005-04-15
0754,S08E51,-8,-51,32,80,Dai,4,5,Beta,2005-04-15
0750,S07W54,-7,54,124,30,Hsx,1,1,Alpha,2005-04-16
0752,N01E30,1,-30,40,140,Eso,11,8,Beta-Gamma,2005-04-16
0753,N12W32,12,32,102,10,Bxo,5,5,Beta,2005-04-16
0754,S08E38,-8,-38,32,50,Cso,5,7,Beta,2005-04-16
0750,S08W66,-8,66,123,20,Hsx,1,1,Alpha,2005-04-17
0752,N02E14,2,-14,43,90,Dso,7,5,Beta,2005-04-17
0753,N12W45,12,45,102,10,Axx,1,1,Alpha,2005-04-17
0754,S08E23,-8,-23,34,40,Dso,5,5,Beta,2005-04-17
0750,S07W80,-7,80,123,30,Hrx,1,1,Alpha,2005-04-18
0752,N02E00,2,0,43,110,Cso,7,8,Beta,2005-04-18
0754,S08E11,-8,-11,32,30,Cso,4,4,Beta,2005-04-18
0755,S11E76,-11,-76,327,30,Hax,2,1,Alpha,2005-04-18
0752,N01W13,1,13,43,110,Cao,7,9,Beta,2005-04-19
0754,S07E00,-7,0,30,30,Cso,5,4,Beta,2005-04-19
0755,S11E67,-11,-67,323,40,Hax,1,1,Alpha,2005-04-19
0752,N03W28,3,28,45,110,Cao,6,6,Beta,2005-04-20
0754,S08W15,-8,15,32,10,Cso,3,4,Beta,2005-04-20
0755,S12E49,-12,-49,328,20,Cao,3,3,Beta,2005-04-20
0752,N02W40,2,40,44,80,Cso,7,4,Beta,2005-04-21
0754,S08W29,-8,29,33,30,Cso,3,4,Beta,2005-04-21
0755,S12E37,-12,-37,327,20,Hsx,1,1,Alpha,2005-04-21
0752,N03W55,3,55,46,60,Hsx,2,1,Alpha,2005-04-22
0755,S12E21,-12,-21,330,10,Hsx,1,1,Alpha,2005-04-22
0752,N03W70,3,70,48,60,Hsx,2,1,Alpha,2005-04-23
0754,S07W57,-7,57,35,10,Bxo,3,2,Beta,2005-04-23
0755,S11E09,-11,-9,329,10,Hsx,1,1,Alpha,2005-04-23
0752,N03W85,3,85,49,60,Hsx,2,1,Alpha,2005-04-24
0754,S07W71,-7,71,35,10,Axx,1,1,Alpha,2005-04-24
0755,S12W02,-12,2,326,10,Axx,1,3,Alpha,2005-04-24
0755,S13W29,-13,29,327,10,Axx,1,1,Alpha,2005-04-26
0756,S06E68,-6,-68,230,330,Cko,6,4,Beta,2005-04-26
0756,S06E55,-6,-55,230,550,Dkc,6,10,Beta-Delta,2005-04-27
0755,S13W54,-13,54,326,10,Bxo,1,4,Beta,2005-04-28
0756,S06E42,-6,-42,230,760,Ekc,11,21,Beta-Delta,2005-04-28
0756,S06E29,-6,-29,229,1030,Ekc,12,44,Beta-Delta,2005-04-29
0757,S05E03,-5,-3,255,30,Dao,5,7,Beta,2005-04-29
0756,S06E17,-6,-17,228,890,Ekc,11,21,Beta-Delta,2005-04-30
0757,S05W10,-5,10,255,40,Dso,6,5,Beta,2005-04-30
0756,S07E01,-7,-1,231,1000,Ekc,12,27,Beta-Gamma,2005-05-01
0757,S06W23,-6,23,255,60,Dso,7,6,Beta,2005-05-01
0756,S06W11,-6,11,230,810,Ekc,11,33,Beta-Delta,2005-05-02
0757,S06W38,-6,38,257,100,Dao,6,8,Beta,2005-05-02
0756,S08W23,-8,23,229,770,Dkc,9,20,Beta-Delta,2005-05-03
0757,S06W50,-6,50,256,100,Dso,8,4,Beta,2005-05-03
0758,S10E74,-10,-74,132,100,Hax,2,1,Alpha,2005-05-03
0756,S07W38,-7,38,231,770,Dkc,8,30,Beta-Delta,2005-05-04
0757,S06W65,-6,65,258,70,Dao,8,5,Beta,2005-05-04
0758,S07E63,-7,-63,130,200,Dai,8,14,Beta,2005-05-04
0756,S07W52,-7,52,231,760,Dkc,9,12,Beta-Delta,2005-05-05
0757,S05W79,-5,79,258,30,Hsx,1,1,Alpha,2005-05-05
0758,S07E51,-7,-51,128,250,Eai,11,18,Beta,2005-05-05
0756,S09W65,-9,65,230,640,Ekc,11,11,Beta-Delta,2005-05-06
0758,S06E37,-6,-37,128,190,Eso,13,19,Beta-Delta,2005-05-06
0756,S08W79,-8,79,231,590,Dac,6,6,Beta-Delta,2005-05-07
0758,S07E23,-7,-23,129,280,Eai,14,40,Beta-Gamma,2005-05-07
0756,S07W88,-7,88,227,260,Dso,5,4,Beta,2005-05-08
0758,S07E10,-7,-10,129,140,Fai,17,31,Beta,2005-05-08
0758,S08W06,-8,6,132,170,Fai,21,51,Beta-Gamma,2005-05-09
0759,N12E71,12,-71,55,340,Dko,8,8,Beta,2005-05-09
0758,S09W25,-9,25,137,300,Fkc,17,45,Beta-Gamma,2005-05-10
0759,N14E60,14,-60,52,540,Ehi,11,7,Beta,2005-05-10
0760,S06W14,-6,14,126,40,Esi,14,13,Beta,2005-05-10
0761,N04E61,4,-61,51,30,Hrx,1,1,Alpha,2005-05-10
0758,S10W36,-10,36,135,380,Ekc,12,30,Beta-Gamma-Delta,2005-05-11
0759,N12E50,12,-50,49,390,Eki,11,9,Beta-Gamma,2005-05-11
0760,S06W29,-6,29,128,50,Dso,8,8,Beta,2005-05-11
0761,N03E48,3,-48,51,10,Axx,2,2,Alpha,2005-05-11
0762,S08E18,-8,-18,81,40,Dro,8,7,Beta,2005-05-11
0758,S10W55,-10,55,141,630,Ekc,12,23,Beta-Delta,2005-05-12
0759,N12E33,12,-33,53,450,Eki,13,12,Beta,2005-05-12
0760,S07W42,-7,42,128,40,Cso,5,4,Beta,2005-05-12
0762,S11E04,-11,-4,82,80,Dai,8,12,Beta,2005-05-12
0763,S14E70,-14,-70,16,110,Dao,5,4,Beta,2005-05-12
0764,S07E01,-7,-1,85,20,Hrx,1,2,Alpha,2005-05-12
0758,S10W66,-10,66,139,420,Eki,12,15,Beta-Gamma,2005-05-13
0759,N12E19,12,-19,54,300,Ehi,11,10,Beta,2005-05-13
0760,S08W59,-8,59,132,80,Bxo,1,2,Beta,2005-05-13
0762,S12W12,-12,12,84,130,Dao,9,11,Beta,2005-05-13
0763,S14E57,-14,-57,16,150,Dao,9,8,Beta,2005-05-13
0764,S06W12,-6,12,85,60,Cso,3,4,Beta,2005-05-13
0758,S09W81,-9,81,141,620,Dkc,10,14,Beta,2005-05-14
0759,N12E06,12,-6,54,310,Dhi,9,19,Beta,2005-05-14
0762,S12W24,-12,24,84,150,Dso,8,13,Beta,2005-05-14
0763,S15E45,-15,-45,15,200,Dao,10,14,Beta,2005-05-14
0758,S10W90,-10,90,136,150,Hax,6,3,Alpha,2005-05-15
0759,N11W07,11,7,53,350,Dhi,9,22,Beta,2005-05-15
0762,S12W37,-12,37,83,90,Dao,8,13,Beta,2005-05-15
0763,S16E31,-16,-31,15,130,Dao,10,13,Beta,2005-05-15
0759,N11W20,11,20,53,290,Dho,9,14,Beta,2005-05-16
0762,S13W53,-13,53,86,60,Dao,6,6,Beta,2005-05-16
0763,S15E16,-15,-16,17,140,Dai,9,19,Beta,2005-05-16
0759,N11W35,11,35,55,300,Dho,8,11,Beta,2005-05-17
0762,S12W68,-12,68,88,30,Hsx,1,1,Alpha,2005-05-17
0763,S16E04,-16,-4,16,190,Eai,12,28,Beta-Gamma,2005-05-17
0759,N11W50,11,50,57,220,Hkx,8,1,Beta,2005-05-18
0763,S14W10,-14,10,17,140,Eai,11,24,Beta-Gamma,2005-05-18
0759,N12W62,12,62,56,280,Cho,12,9,Beta,2005-05-19
0763,S16W24,-16,24,18,120,Eai,12,17,Beta-Gamma,2005-05-19
0759,N12W75,12,75,56,270,Hhx,3,1,Alpha,2005-05-20
0763,S16W35,-16,35,16,10,Bxo,3,2,Beta,2005-05-20
0765,N09E65,9,-65,276,30,Hsx,1,1,Alpha,2005-05-20
0759,N12W88,12,88,55,150,Hax,2,1,Alpha,2005-05-21
0765,N09E51,9,-51,276,20,Hsx,1,1,Alpha,2005-05-21
0765,N08E36,8,-36,278,10,Axx,1,1,Alpha,2005-05-22
0766,N15E75,15,-75,239,60,Hax,2,5,Alpha,2005-05-22
0767,S07E80,-7,-80,234,60,Hax,2,1,Alpha,2005-05-22
0765,N08E23,8,-23,278,10,Axx,1,1,Alpha,2005-05-23
0766,N15E62,15,-62,239,90,Dao,7,7,Beta,2005-05-23
0767,S07E67,-7,-67,234,100,Dso,7,4,Beta,2005-05-23
0766,N15E49,15,-49,239,50,Dso,10,8,Beta,2005-05-24
0767,S07E54,-7,-54,234,100,Dao,7,8,Beta-Gamma,2005-05-24
0766,N13E37,13,-37,238,40,Cso,8,8,Beta,2005-05-25
0767,S08E40,-8,-40,235,130,Dso,9,12,Beta,2005-05-25
0766,N14E23,14,-23,238,40,Dao,6,6,Beta,2005-05-26
0767,S07E26,-7,-26,235,140,Eso,11,19,Beta-Gamma,2005-05-26
0766,N14E08,14,-8,240,30,Dro,5,7,Beta,2005-05-27
0767,S08E12,-8,-12,236,140,Dac,10,31,Beta-Gamma,2005-05-27
0768,S08W48,-8,48,296,20,Dro,3,4,Beta,2005-05-27
0766,N13W06,13,6,241,10,Hrx,0,1,Alpha,2005-05-28
0767,S08W02,-8,2,237,240,Eki,11,17,Beta-Gamma,2005-05-28
0768,S08W63,-8,63,298,20,Dro,4,3,Beta,2005-05-28
0766,N13W19,13,19,241,20,Axx,2,3,Alpha,2005-05-29
0767,S08W16,-8,16,238,300,Dao,10,25,Beta-Gamma,2005-05-29
0768,S10W77,-10,77,299,20,Bxo,5,2,Beta,2005-05-29
0769,S07E69,-7,-69,153,50,Hsx,1,1,Alpha,2005-05-29
0767,S09W31,-9,31,240,200,Dai,10,20,Beta-Gamma,2005-05-30
0769,S08E59,-8,-59,150,10,Axx,1,1,Alpha,2005-05-30
0770,N12E00,12,0,209,20,Cso,4,4,Beta,2005-05-30
0767,S09W44,-9,44,240,240,Eac,12,22,Beta-Gamma,2005-05-31
0769,S08E49,-8,-49,147,20,Bxo,4,4,Beta,2005-05-31
0770,N12W14,12,14,210,60,Dao,4,7,Beta,2005-05-31
0771,N24W33,24,33,229,40,Bxo,3,3,Beta,2005-05-31
0767,S09W59,-9,59,241,170,Eao,13,12,Beta,2005-06-01
0769,S11E43,-11,-43,139,10,Axx,1,2,Alpha,2005-06-01
0770,N12W27,12,27,209,10,Bxo,4,5,Beta,2005-06-01
0771,N24W47,24,47,229,30,Cso,5,4,Beta,2005-06-01
0772,S18E50,-18,-50,132,50,Cao,5,6,Beta,2005-06-01
0767,S08W72,-8,72,241,200,Eao,15,10,Beta,2005-06-02
0769,S10E30,-10,-30,139,20,Hax,2,1,Alpha,2005-06-02
0770,N12W39,12,39,208,0,Axx,2,2,Alpha,2005-06-02
0771,N25W58,25,58,227,40,Hsx,1,1,Alpha,2005-06-02
0772,S18E36,-18,-36,133,130,Dac,7,17,Beta-Gamma,2005-06-02
0773,S12E76,-12,-76,93,110,Dso,8,4,Beta,2005-06-02
0767,S09W85,-9,85,241,0,Axx,2,1,Alpha,2005-06-03
0769,S10E15,-10,-15,141,10,Axx,1,1,Alpha,2005-06-03
0771,N23W72,23,72,228,10,Axx,1,1,Alpha,2005-06-03
0772,S17E23,-17,-23,133,110,Dai,8,13,Beta-Gamma,2005-06-03
0773,S12E63,-12,-63,93,140,Dao,9,3,Beta,2005-06-03
0769,S06E09,-6,-9,134,0,Axx,1,1,Alpha,2005-06-04
0772,S17E09,-17,-9,134,120,Dai,6,18,Beta,2005-06-04
0773,S13E50,-13,-50,93,140,Dao,8,6,Beta,2005-06-04
0772,S17W06,-17,6,136,160,Dac,10,20,Beta,2005-06-05
0773,S13E36,-13,-36,94,190,Eso,11,8,Beta,2005-06-05
0774,N05W06,5,6,136,10,Cso,4,4,Beta,2005-06-05
0775,N12E75,12,-75,55,160,Hsx,3,2,Alpha,2005-06-05
0772,S18W18,-18,18,134,110,Dso,10,15,Beta,2005-06-06
0773,S13E23,-13,-23,93,120,Dao,9,6,Beta,2005-06-06
0774,N04W21,4,21,137,10,Hrx,1,2,Alpha,2005-06-06
0775,N12E61,12,-61,55,160,Hsx,4,1,Alpha,2005-06-06
0776,S05E71,-5,-71,45,230,Dao,7,3,Beta,2005-06-06
0772,S18W30,-18,30,132,130,Dao,8,10,Beta,2005-06-07
0773,S12E09,-12,-9,93,110,Dao,9,10,Beta,2005-06-07
0774,N06W31,6,31,133,40,Cso,7,5,Beta,2005-06-07
0775,N12E48,12,-48,54,180,Cao,5,7,Beta,2005-06-07
0776,S05E61,-5,-61,41,300,Eao,11,7,Beta,2005-06-07
0772,S18W44,-18,44,133,130,Eao,11,13,Beta,2005-06-08
0773,S14W04,-14,4,93,130,Dao,9,5,Beta,2005-06-08
0774,N04W45,4,45,134,40,Cao,7,4,Beta,2005-06-08
0775,N10E35,10,-35,54,240,Cao,5,6,Beta,2005-06-08
0776,S06E47,-6,-47,42,490,Eko,11,16,Beta,2005-06-08
0772,S18W58,-18,58,133,180,Dao,10,10,Beta,2005-06-09
0773,S14W18,-14,18,93,90,Dso,9,6,Beta,2005-06-09
0774,N04W65,4,65,140,20,Axx,1,1,Alpha,2005-06-09
0775,N10E21,10,-21,54,270,Dki,5,12,Beta-Gamma-Delta,2005-06-09
0776,S06E33,-6,-33,42,570,Dki,10,21,Beta-Gamma,2005-06-09
0772,S18W71,-18,71,133,100,Dao,8,9,Beta,2005-06-10
0773,S14W31,-14,31,93,70,Dao,9,4,Beta,2005-06-10
0775,N08E08,8,-8,54,360,Dkc,8,16,Beta-Gamma-Delta,2005-06-10
0776,S06E20,-6,-20,42,600,Ekc,11,30,Beta-Gamma,2005-06-10
0772,S18W84,-18,84,133,60,Dso,4,2,Beta,2005-06-11
0773,S14W44,-14,44,93,70,Cso,6,4,Beta,2005-06-11
0775,N08W05,8,5,54,330,Dkc,8,17,Beta-Gamma-Delta,2005-06-11
0776,S06E07,-6,-7,42,580,Ekc,13,26,Beta-Gamma,2005-06-11
0777,N05E57,5,-57,352,30,Bxo,4,4,Beta,2005-06-11
0773,S15W54,-15,54,89,60,Cso,3,3,Beta,2005-06-12
0775,N10W19,10,19,54,330,Dki,7,13,Beta-Gamma,2005-06-12
0776,S06W08,-6,8,43,520,Eki,12,28,Beta-Gamma,2005-06-12
0777,N05E41,5,-41,354,10,Axx,0,1,Alpha,2005-06-12
0773,S15W67,-15,67,89,40,Hsx,2,2,Alpha,2005-06-13
0775,N10W32,10,32,54,360,Dhc,6,17,Beta-Gamma,2005-06-13
0776,S06W21,-6,21,43,440,Eki,11,36,Beta-Gamma,2005-06-13
0773,S16W80,-16,80,89,30,Bxo,2,3,Beta,2005-06-14
0775,N10W46,10,46,55,290,Dhi,5,16,Beta-Gamma,2005-06-14
0776,S06W34,-6,34,43,380,Dko,9,24,Beta-Gamma,2005-06-14
0775,N09W59,9,59,55,200,Dao,4,7,Beta,2005-06-15
0776,S06W48,-6,48,44,360,Dki,8,17,Beta,2005-06-15
0775,N09W74,9,74,57,230,Dho,6,4,Beta,2005-06-16
0776,S05W64,-5,64,47,320,Cho,6,5,Beta,2005-06-16
0778,N07W38,7,38,21,30,Hsx,1,1,Alpha,2005-06-16
0779,S17E08,-17,-8,335,150,Dai,7,14,Beta,2005-06-16
0775,N10W86,10,86,55,130,Hax,3,2,Alpha,2005-06-17
0776,S05W77,-5,77,46,270,Cko,5,5,Beta,2005-06-17
0778,N08W50,8,50,19,10,Axx,1,1,Alpha,2005-06-17
0779,S17W05,-17,5,334,240,Dai,8,19,Beta,2005-06-17
0776,S06W92,-6,92,48,190,Hax,5,2,Beta,2005-06-18
0779,S18W19,-18,19,335,300,Eki,11,25,Beta-Gamma,2005-06-18
0780,S07E66,-7,-66,250,40,Cso,1,2,Beta,2005-06-18
0779,S18W32,-18,32,335,460,Eki,11,24,Beta,2005-06-19
0780,S08E52,-8,-52,251,70,Dao,5,6,Beta,2005-06-19
0779,S17W45,-17,45,335,460,Eko,12,16,Beta,2005-06-20
0780,S07E38,-7,-38,252,40,Dso,4,7,Beta,2005-06-20
0779,S17W58,-17,58,335,340,Eao,12,15,Beta-Gamma,2005-06-21
0780,S07E24,-7,-24,253,60,Dao,4,12,Beta,2005-06-21
0779,S16W71,-16,71,334,250,Eai,11,13,Beta-Gamma,2005-06-22
0780,S07E12,-7,-12,251,90,Dai,6,20,Beta,2005-06-22
0779,S19W82,-19,82,332,180,Dao,9,2,Beta,2005-06-23
0780,S08W01,-8,1,251,70,Dro,6,17,Beta,2005-06-23
0780,S08W14,-8,14,251,30,Dao,8,9,Beta,2005-06-24
0780,S08W30,-8,30,254,20,Bxo,4,4,Beta,2005-06-25
0780,S07W43,-7,43,254,10,Axx,1,2,Alpha,2005-06-26
0781,N16E76,16,-76,108,60,Hsx,1,1,Alpha,2005-06-28
0781,N15E65,15,-65,106,90,Eao,11,10,Beta,2005-06-29
0781,N15E53,15,-53,105,80,Cao,8,5,Beta,2005-06-30
0782,S17E09,-17,-9,149,10,Bxo,3,3,Beta,2005-06-30
0783,S01E59,-1,-59,99,40,Cso,3,4,Beta,2005-06-30
0784,N16E70,16,-70,88,50,Bxo,5,5,Beta,2005-06-30
0781,N14E37,14,-37,108,50,Hrx,2,4,Alpha,2005-07-01
0782,S17W04,-17,4,149,90,Dai,7,17,Beta,2005-07-01
0783,S02E46,-2,-46,99,170,Dso,6,16,Beta,2005-07-01
0784,N16E57,16,-57,88,70,Dso,7,6,Beta,2005-07-01
0785,S18E21,-18,-21,124,20,Cao,3,3,Beta,2005-07-01
0781,N14E24,14,-24,108,30,Hsx,2,2,Alpha,2005-07-02
0782,S17W18,-17,18,150,160,Dao,9,14,Beta,2005-07-02
0783,S03E33,-3,-33,99,250,Dao,7,14,Beta,2005-07-02
0784,N16E44,16,-44,88,50,Dso,9,4,Beta,2005-07-02
0785,S19E07,-19,-7,125,10,Bxo,4,6,Beta,2005-07-02
0786,N13E76,13,-76,56,120,Cso,8,5,Beta,2005-07-02
0787,S09W22,-9,22,154,10,Bxo,6,7,Beta,2005-07-02
0781,N13E10,13,-10,108,50,Hsx,1,1,Alpha,2005-07-03
0782,S18W32,-18,32,150,220,Dao,9,16,Beta,2005-07-03
0783,S03E20,-3,-20,98,500,Dki,8,30,Beta-Gamma,2005-07-03
0784,N18E30,18,-30,88,40,Cso,8,5,Beta,2005-07-03
0785,S19W06,-19,6,124,70,Dsi,6,17,Beta,2005-07-03
0786,N12E62,12,-62,56,370,Dao,8,11,Beta-Gamma,2005-07-03
0787,S11W34,-11,34,152,30,Dso,6,7,Beta,2005-07-03
0788,S06E70,-6,-70,48,120,Hax,1,1,Alpha,2005-07-03
0781,N13W03,13,3,108,30,Hsx,2,2,Alpha,2005-07-04
0782,S17W45,-17,45,150,230,Dao,9,14,Beta,2005-07-04
0783,S03E04,-3,-4,101,600,Ekc,11,31,Beta-Gamma,2005-07-04
0784,N16E14,16,-14,91,20,Cso,4,4,Beta,2005-07-04
0785,S18W20,-18,20,125,130,Dai,7,12,Beta,2005-07-04
0786,N12E48,12,-48,57,310,Dai,7,26,Beta-Gamma,2005-07-04
0787,S10W48,-10,48,153,40,Dro,7,7,Beta,2005-07-04
0788,S05E58,-5,-58,47,100,Cao,9,3,Beta,2005-07-04
0781,N13W15,13,15,106,20,Cso,4,4,Beta,2005-07-05
0782,S18W57,-18,57,148,150,Cao,9,10,Beta,2005-07-05
0783,S03W07,-3,7,98,420,Eki,12,36,Beta,2005-07-05
0784,N14E00,14,0,91,10,Hax,0,1,Alpha,2005-07-05
0785,S19W33,-19,33,124,40,Dso,7,10,Beta,2005-07-05
0786,N12E35,12,-35,56,350,Dac,8,34,Beta-Gamma-Delta,2005-07-05
0787,S11W58,-11,58,149,30,Hsx,3,2,Alpha,2005-07-05
0788,S06E47,-6,-47,44,100,Cso,9,4,Beta,2005-07-05
0789,N18E74,18,-74,17,30,Hsx,1,1,Alpha,2005-07-05
0781,N14W26,14,26,104,30,Dso,8,7,Beta,2005-07-06
0782,S17W71,-17,71,149,100,Dso,10,7,Beta,2005-07-06
0783,S03W22,-3,22,100,530,Ekc,12,37,Beta-Gamma,2005-07-06
0784,N15W13,15,13,91,20,Axx,1,1,Alpha,2005-07-06
0785,S19W46,-19,46,124,20,Bxo,7,3,Beta,2005-07-06
0786,N12E23,12,-23,55,360,Dac,9,27,Beta-Gamma,2005-07-06
0787,S12W71,-12,71,149,20,Bxo,2,2,Beta,2005-07-06
0788,S06E32,-6,-32,46,90,Hsx,2,1,Alpha,2005-07-06
0789,N16E66,16,-66,14,140,Dso,10,6,Beta,2005-07-06
0781,N14W39,14,39,104,20,Cso,7,5,Beta,2005-07-07
0782,S17W85,-17,85,150,60,Axx,3,1,Alpha,2005-07-07
0783,S03W36,-3,36,101,410,Ehc,13,24,Beta-Gamma,2005-07-07
0784,N15W26,15,26,91,10,Hsx,1,1,Alpha,2005-07-07
0786,N11E10,11,-10,55,370,Dkc,9,25,Beta-Gamma-Delta,2005-07-07
0787,S16W87,-16,87,152,60,Hax,1,1,Alpha,2005-07-07
0788,S07E17,-7,-17,48,70,Hsx,2,1,Alpha,2005-07-07
0789,N17E53,17,-53,12,130,Eao,11,5,Beta,2005-07-07
0781,N14W51,14,51,104,10,Bxo,2,3,Beta,2005-07-08
0783,S03W49,-3,49,101,430,Eai,13,30,Beta-Gamma,2005-07-08
0784,N16W38,16,38,90,10,Bxo,3,4,Beta,2005-07-08
0786,N12W04,12,4,56,420,Dhi,9,40,Beta-Gamma-Delta,2005-07-08
0788,S06E03,-6,-3,49,80,Hsx,3,2,Alpha,2005-07-08
0789,N17E40,17,-40,12,200,Dso,10,10,Beta,2005-07-08
0783,S02W63,-2,63,101,370,Eki,13,24,Beta-Gamma,2005-07-09
0786,N12W17,12,17,55,410,Dkc,9,34,Beta-Gamma-Delta,2005-07-09
0788,S05W11,-5,11,49,120,Hsx,3,1,Alpha,2005-07-09
0789,N17E26,17,-26,12,190,Esi,11,12,Beta,2005-07-09
0783,S03W75,-3,75,100,230,Eki,12,13,Beta,2005-07-10
0786,N11W31,11,31,56,310,Dkc,8,45,Beta-Gamma-Delta,2005-07-10
0788,S06W23,-6,23,48,100,Hsx,2,2,Alpha,2005-07-10
0789,N18E15,18,-15,10,170,Esi,14,26,Beta,2005-07-10
0786,N10W43,10,43,55,330,Dac,9,27,Beta-Gamma,2005-07-11
0788,S05W37,-5,37,49,70,Hsx,3,7,Alpha,2005-07-11
0789,N17E01,17,-1,11,150,Eai,11,14,Beta,2005-07-11
0786,N09W57,9,57,56,350,Dkc,7,24,Beta-Gamma-Delta,2005-07-12
0788,S07W50,-7,50,49,70,Hax,2,3,Alpha,2005-07-12
0789,N16W12,16,12,11,70,Eao,11,11,Beta,2005-07-12
0786,N11W70,11,70,56,270,Dac,8,15,Beta-Gamma-Delta,2005-07-13
0788,S04W64,-4,64,50,30,Hax,2,1,Alpha,2005-07-13
0789,N17W23,17,23,9,70,Eao,11,6,Beta,2005-07-13
0786,N11W84,11,84,56,370,Dkc,9,8,Beta-Gamma-Delta,2005-07-14
0788,S05W76,-5,76,48,40,Hsx,1,1,Alpha,2005-07-14
0789,N17W38,17,38,10,20,Dro,10,2,Beta,2005-07-14
0790,S10W35,-10,35,7,10,Bxo,4,4,Beta,2005-07-14
0786,N12W97,12,97,56,300,Dko,10,4,Beta-Gamma,2005-07-15
0788,S04W91,-4,91,50,30,Hsx,2,1,Alpha,2005-07-15
0789,N17W49,17,49,8,30,Cso,11,5,Beta,2005-07-15
0790,S10W54,-10,54,13,40,Csi,8,11,Beta,2005-07-15
0789,N17W59,17,59,5,20,Hsx,1,1,Alpha,2005-07-16
0790,S10W67,-10,67,13,110,Dsi,10,17,Beta-Gamma,2005-07-16
0790,S10W80,-10,80,13,190,Dao,10,6,Beta-Gamma,2005-07-17
0790,S10W93,-10,93,13,60,Hax,2,2,Alpha,2005-07-18
0791,N13E50,13,-50,151,90,Dai,6,10,Beta,2005-07-24
0791,N13E36,13,-36,151,110,Dao,7,8,Beta,2005-07-25
0791,N13E22,13,-22,152,130,Dao,7,13,Beta,2005-07-26
0791,N13E09,13,-9,152,160,Dai,8,19,Beta,2005-07-27
0791,N13W06,13,6,154,130,Cso,8,9,Beta,2005-07-28
0791,N14W20,14,20,155,120,Hsx,3,2,Alpha,2005-07-29
0792,N12E78,12,-78,57,220,Dso,9,7,Beta,2005-07-29
0791,N14W33,14,33,154,80,Cao,5,6,Beta,2005-07-30
0792,N11E66,11,-66,55,430,Ekc,11,28,Beta-Gamma,2005-07-30
0793,N14E11,14,-11,110,30,Dso,4,5,Beta,2005-07-30
0791,N14W48,14,48,156,70,Cso,4,4,Beta,2005-07-31
0792,N12E52,12,-52,56,440,Dac,9,19,Beta-Gamma-Delta,2005-07-31
0793,N14W01,14,1,109,70,Dso,9,9,Beta,2005-07-31
0791,N12W62,12,62,157,40,Cao,2,2,Beta,2005-08-01
0792,N12E38,12,-38,57,420,Dkc,9,40,Beta-Gamma-Delta,2005-08-01
0793,N13W16,13,16,111,80,Dao,8,14,Beta,2005-08-01
0794,S11E73,-11,-73,22,60,Hax,3,2,Alpha,2005-08-01
0795,N15E77,15,-77,18,60,Hax,2,2,Alpha,2005-08-01
0791,N12W75,12,75,157,80,Hsx,2,2,Alpha,2005-08-02
0792,N12E25,12,-25,57,420,Ekc,11,34,Beta-Gamma-Delta,2005-08-02
0793,N13W29,13,29,111,60,Cso,7,8,Beta,2005-08-02
0794,S11E60,-11,-60,22,110,Dao,6,7,Beta,2005-08-02
0795,N15E64,15,-64,18,110,Hax,2,1,Alpha,2005-08-02
0791,N12W88,12,88,157,60,Hsx,2,1,Alpha,2005-08-03
0792,N12E12,12,-12,57,330,Dkc,9,43,Beta-Gamma-Delta,2005-08-03
0793,N13W42,13,42,111,30,Dao,4,7,Beta,2005-08-03
0794,S11E47,-11,-47,22,150,Dao,6,8,Beta,2005-08-03
0795,N15E51,15,-51,18,90,Hsx,2,3,Alpha,2005-08-03
0792,N11W01,11,1,57,240,Dkc,8,26,Beta-Gamma,2005-08-04
0793,N13W55,13,55,111,20,Cso,4,4,Beta,2005-08-04
0794,S11E34,-11,-34,22,210,Dsi,8,18,Beta-Gamma,2005-08-04
0795,N15E38,15,-38,18,90,Hsx,2,2,Alpha,2005-08-04
0796,S07E05,-7,-5,51,10,Cso,3,2,Beta,2005-08-04
0792,N11W14,11,14,57,180,Dki,7,18,Beta-Gamma,2005-08-05
0794,S11E19,-11,-19,22,220,Dsi,10,29,Beta-Gamma,2005-08-05
0795,N13E27,13,-27,14,100,Cao,6,8,Beta,2005-08-05
0792,N11W28,11,28,56,160,Dso,7,18,Beta-Gamma,2005-08-06
0794,S13E04,-13,-4,24,230,Dai,10,24,Beta-Gamma,2005-08-06
0795,N13E14,13,-14,14,90,Hsx,3,2,Alpha,2005-08-06
0792,N10W41,10,41,56,130,Cso,5,9,Beta-Gamma,2005-08-07
0794,S12W10,-12,10,25,220,Dho,8,11,Beta-Gamma,2005-08-07
0795,N12E00,12,0,15,70,Cso,4,4,Beta,2005-08-07
0792,N10W54,10,54,56,110,Cso,6,8,Beta,2005-08-08
0794,S13W23,-13,23,25,170,Dso,8,10,Beta-Gamma,2005-08-08
0795,N12W13,12,13,15,60,Cso,4,4,Beta,2005-08-08
0796,S09W50,-9,50,52,60,Bxo,4,5,Beta,2005-08-08
0792,N11W68,11,68,57,120,Dso,5,5,Beta,2005-08-09
0794,S13W36,-13,36,25,120,Cso,5,5,Beta,2005-08-09
0795,N12W27,12,27,16,50,Hsx,2,1,Alpha,2005-08-09
0796,S08W64,-8,64,53,80,Dso,5,5,Beta,2005-08-09
0792,N10W82,10,82,57,110,Dao,4,3,Beta,2005-08-10
0794,S13W48,-13,48,23,140,Hax,3,3,Alpha,2005-08-10
0795,N11W40,11,40,15,40,Hax,2,2,Alpha,2005-08-10
0796,S08W78,-8,78,53,70,Dao,5,3,Beta,2005-08-10
0792,N13W94,13,94,56,30,Hax,1,1,Alpha,2005-08-11
0794,S12W64,-12,64,26,130,Hax,4,2,Alpha,2005-08-11
0795,N15W55,15,55,17,30,Hsx,1,1,Alpha,2005-08-11
0794,S14W76,-14,76,25,140,Hax,2,2,Alpha,2005-08-12
0795,N10W66,10,66,15,40,Hax,1,1,Alpha,2005-08-12
0797,S13E55,-13,-55,254,40,Hax,2,2,Alpha,2005-08-12
0794,S14W89,-14,89,25,120,Hax,2,1,Alpha,2005-08-13
0795,N10W79,10,79,15,30,Cro,3,4,Beta,2005-08-13
0797,S13E42,-13,-42,254,60,Dso,6,12,Beta,2005-08-13
0795,N10W92,10,92,15,30,Axx,1,1,Alpha,2005-08-14
0797,S13E29,-13,-29,254,80,Dai,7,12,Beta,2005-08-14
0797,S13E16,-13,-16,254,180,Dai,8,13,Beta,2005-08-15
0798,S05E54,-5,-54,216,10,Hrx,1,1,Alpha,2005-08-15
0797,S13E03,-13,-3,252,150,Dai,8,28,Beta-Gamma,2005-08-16
0798,S08E39,-8,-39,216,20,Hsx,1,1,Alpha,2005-08-16
0797,S14W10,-14,10,252,130,Dsi,8,25,Beta-Gamma,2005-08-17
0798,S08E25,-8,-25,217,10,Cso,3,3,Beta,2005-08-17
0797,S14W23,-14,23,252,90,Dso,9,20,Beta,2005-08-18
0798,S09E12,-9,-12,217,20,Cso,2,2,Beta,2005-08-18
0797,S14W38,-14,38,254,80,Hsx,2,1,Alpha,2005-08-19
0798,S10W05,-10,5,221,30,Dso,7,9,Beta,2005-08-19
0799,S12W56,-12,56,272,20,Cso,3,2,Beta,2005-08-19
0797,S13W52,-13,52,255,110,Hsx,3,1,Alpha,2005-08-20
0798,S10W19,-10,19,222,160,Dai,10,14,Beta-Gamma,2005-08-20
0799,S10W70,-10,70,273,20,Axx,2,2,Alpha,2005-08-20
0800,N16E46,16,-46,157,30,Cao,5,4,Beta,2005-08-20
0797,S13W66,-13,66,255,70,Hsx,2,1,Alpha,2005-08-21
0798,S11W33,-11,33,222,510,Eki,12,12,Beta-Gamma,2005-08-21
0799,S09W82,-9,82,271,30,Cao,5,2,Beta,2005-08-21
0800,N16E33,16,-33,156,50,Dso,7,8,Beta,2005-08-21
0801,N06E54,6,-54,135,20,Hsx,1,1,Alpha,2005-08-21
0797,S14W78,-14,78,254,80,Hax,2,1,Alpha,2005-08-22
0798,S11W48,-11,48,224,560,Dkc,8,18,Beta-Gamma,2005-08-22
0800,N17E19,17,-19,157,30,Cso,8,17,Beta,2005-08-22
0801,N07E38,7,-38,138,10,Axx,1,1,Alpha,2005-08-22
0797,S13W90,-13,90,253,60,Hax,3,1,Alpha,2005-08-23
0798,S11W62,-11,62,225,670,Dkc,8,15,Beta-Gamma-Delta,2005-08-23
0800,N17E06,17,-6,157,130,Dai,9,28,Beta,2005-08-23
0801,N08E33,8,-33,130,0,Axx,1,1,Alpha,2005-08-23
0798,S12W75,-12,75,225,680,Dkc,9,12,Beta-Gamma,2005-08-24
0800,N17W08,17,8,158,180,Dai,10,23,Beta,2005-08-24
0798,S11W90,-11,90,227,430,Dkc,7,7,Beta-Gamma,2005-08-25
0800,N17W21,17,21,158,220,Eai,11,28,Beta-Gamma,2005-08-25
0802,S12E14,-12,-14,123,20,Hsx,1,1,Alpha,2005-08-25
0803,N12E78,12,-78,59,30,Dao,4,11,Beta,2005-08-25
0800,N17W35,17,35,158,210,Eao,13,20,Beta,2005-08-26
0802,S12E00,-12,0,123,10,Hsx,1,1,Alpha,2005-08-26
0803,N12E67,12,-67,56,200,Dai,8,10,Beta,2005-08-26
0804,N11E12,11,-12,111,30,Cso,4,5,Beta,2005-08-26
0800,N17W48,17,48,158,170,Eso,12,10,Beta,2005-08-27
0803,N11E52,11,-52,58,110,Dai,9,15,Beta-Gamma,2005-08-27
0804,N11W01,11,1,111,10,Cso,2,2,Beta,2005-08-27
0800,N16W61,16,61,158,60,Eao,13,7,Beta,2005-08-28
0801,N09W31,9,31,128,20,Dso,4,5,Beta,2005-08-28
0803,N11E40,11,-40,57,130,Dai,8,26,Beta-Gamma,2005-08-28
0804,N11W14,11,14,111,10,Axx,1,1,Alpha,2005-08-28
0805,S08E73,-8,-73,24,60,Dso,4,2,Beta,2005-08-28
0800,N16W74,16,74,158,30,Bxo,10,4,Beta,2005-08-29
0801,N09W44,9,44,128,40,Cso,4,4,Beta,2005-08-29
0803,N11E27,11,-27,57,100,Dsi,8,37,Beta-Gamma-Delta,2005-08-29
0804,N11W27,11,27,111,0,Axx,1,1,Alpha,2005-08-29
0805,S08E60,-8,-60,24,100,Dso,4,3,Beta,2005-08-29
0800,N16W87,16,87,158,30,Cao,3,2,Beta,2005-08-30
0801,N09W57,9,57,128,20,Cso,4,2,Beta,2005-08-30
0803,N11E14,11,-14,57,50,Dao,7,13,Beta-Gamma,2005-08-30
0804,N11W39,11,39,111,10,Bxo,3,2,Beta,2005-08-30
0805,S08E47,-8,-47,24,90,Dao,5,3,Beta,2005-08-30
0806,S17E50,-17,-50,21,70,Dai,4,6,Beta-Gamma,2005-08-30
0803,N11E01,11,-1,57,40,Dai,6,19,Beta-Gamma,2005-08-31
0805,S08E34,-8,-34,24,50,Dso,3,5,Beta,2005-08-31
0806,S17E37,-17,-37,21,60,Dai,6,14,Beta-Gamma,2005-08-31
0803,N11W13,11,13,57,20,Bxo,5,8,Beta,2005-09-01
0805,S89E21,-89,-21,23,50,Hax,2,2,Alpha,2005-09-01
0806,S17E23,-17,-23,21,50,Dao,6,8,Beta-Gamma,2005-09-01
0805,S10E08,-10,-8,23,70,Hsx,2,2,Alpha,2005-09-02
0806,S16E07,-16,-7,24,10,Hrx,1,2,Alpha,2005-09-02
0805,S10W04,-10,4,22,60,Cso,4,6,Beta,2005-09-03
0807,S24W70,-24,70,88,20,Bxo,5,2,Beta,2005-09-03
0805,S11W17,-11,17,22,60,Dso,4,4,Beta,2005-09-04
0805,S11W30,-11,30,22,60,Cso,3,2,Beta,2005-09-05
0805,S11W44,-11,44,22,40,Hax,2,2,Alpha,2005-09-06
0805,S12W59,-12,59,24,40,Dao,2,2,Beta,2005-09-07
0808,S12E83,-12,-83,229,10,Hsx,0,1,Alpha,2005-09-08
0808,S09E67,-9,-67,232,510,Ekc,12,14,Beta-Gamma,2005-09-09
0809,N10E60,10,-60,239,40,Hsx,1,2,Alpha,2005-09-09
0808,S09E54,-9,-54,232,1430,Fkc,16,38,Beta-Gamma-Delta,2005-09-10
0809,N10E47,10,-47,239,20,Hrx,1,1,Alpha,2005-09-10
0808,S09E44,-9,-44,229,1400,Ekc,12,38,Beta-Gamma-Delta,2005-09-11
0809,N10E34,10,-34,239,20,Hsx,1,1,Alpha,2005-09-11
0808,S09E30,-9,-30,229,1250,Ekc,14,80,Beta-Gamma-Delta,2005-09-12
0809,N10E20,10,-20,239,20,Hsx,1,1,Alpha,2005-09-12
0808,S11E17,-11,-17,229,840,Fkc,16,52,Beta-Gamma-Delta,2005-09-13
0808,S11E04,-11,-4,229,840,Fkc,16,74,Beta-Gamma-Delta,2005-09-14
0809,N08W08,8,8,241,20,Hsx,2,1,Alpha,2005-09-14
0808,S11W10,-11,10,230,1000,Ekc,14,76,Beta-Gamma-Delta,2005-09-15
0808,S11W22,-11,22,229,880,Ekc,15,67,Beta-Gamma-Delta,2005-09-16
0808,S11W37,-11,37,230,620,Ekc,14,41,Beta-Gamma-Delta,2005-09-17
0808,S11W50,-11,50,230,420,Ekc,13,38,Beta-Delta,2005-09-18
0810,N10E78,10,-78,102,50,Hsx,2,1,Alpha,2005-09-18
0808,S11W63,-11,63,230,340,Cki,12,22,Beta-Gamma,2005-09-19
0810,N10E69,10,-69,98,170,Dao,9,8,Beta,2005-09-19
0808,S11W78,-11,78,232,280,Hax,3,3,Alpha,2005-09-20
0810,N10E51,10,-51,103,180,Eao,11,9,Beta,2005-09-20
0811,S10E00,-10,0,154,0,Axx,1,1,Alpha,2005-09-20
0810,N10E37,10,-37,104,250,Eai,12,13,Beta,2005-09-21
0810,N08E21,8,-21,107,210,Cai,9,9,Beta,2005-09-22
0810,N09E07,9,-7,107,230,Dki,9,18,Beta,2005-09-23
0810,N09W06,9,6,107,250,Eki,12,25,Beta-Gamma,2005-09-24
0812,S01E73,-1,-73,28,30,Cso,3,4,Beta,2005-09-24
0810,N08W19,8,19,107,190,Eko,9,10,Beta,2005-09-25
0812,S03E62,-3,-62,26,30,Cao,5,3,Beta,2005-09-25
0810,N08W35,8,35,110,150,Cao,8,5,Beta,2005-09-26
0812,S02E45,-2,-45,30,20,Cso,5,3,Beta,2005-09-26
0810,N08W49,8,49,111,140,Cho,4,3,Beta,2005-09-27
0812,S01E32,-1,-32,30,20,Hsx,1,2,Alpha,2005-09-27
0810,N08W62,8,62,110,190,Hsx,4,1,Alpha,2005-09-28
0812,S02E20,-2,-20,28,20,Hax,4,2,Alpha,2005-09-28
0810,N08W74,8,74,109,180,Hax,3,1,Alpha,2005-09-29
0812,S02E05,-2,-5,30,20,Hax,1,1,Alpha,2005-09-29
0810,N08W89,8,89,111,150,Hax,3,1,Alpha,2005-09-30
0812,S03W08,-3,8,30,20,Hsx,1,1,Alpha,2005-09-30
0812,S03W20,-3,20,29,20,Cso,2,3,Beta,2005-10-01
0813,S06E30,-6,-30,286,60,Dso,4,5,Beta,2005-10-05
0813,S08E18,-8,-18,285,150,Dac,7,21,Beta-Gamma,2005-10-06
0813,S08E05,-8,-5,285,130,Dai,6,18,Beta-Gamma,2005-10-07
0813,S08W08,-8,8,285,120,Dao,6,21,Beta-Gamma,2005-10-08
0813,S08W22,-8,22,285,80,Dao,7,14,Beta,2005-10-09
0813,S08W35,-8,35,285,30,Dso,4,6,Beta,2005-10-10
0813,S07W48,-7,48,285,20,Hsx,2,1,Alpha,2005-10-11
0813,S08W62,-8,62,286,30,Bxo,4,2,Beta,2005-10-12
0814,S06W11,-6,11,235,20,Bxo,4,3,Beta,2005-10-12
0814,S07W23,-7,23,234,40,Hax,10,7,Alpha,2005-10-13
0814,S13W31,-13,31,228,10,Axx,1,1,Alpha,2005-10-14
0815,N08E75,8,-75,109,50,Hax,3,1,Alpha,2005-10-15
0815,N08E60,8,-60,111,70,Hsx,2,1,Alpha,2005-10-16
0815,N08E47,8,-47,111,50,Hax,2,1,Alpha,2005-10-17
0815,N08E33,8,-33,112,40,Hsx,2,1,Alpha,2005-10-18
0815,N08E20,8,-20,112,30,Hax,1,1,Alpha,2005-10-19
0815,N08E08,8,-8,110,30,Cao,4,7,Beta,2005-10-20
0816,S14W29,-14,29,147,20,Bxo,3,3,Beta,2005-10-20
0815,N07W06,7,6,111,20,Cso,4,5,Beta,2005-10-21
0815,N07W19,7,19,111,20,Cao,3,5,Beta,2005-10-22
0815,N07W32,7,32,111,20,Cao,3,3,Beta,2005-10-23
0817,N04E21,4,-21,45,10,Axx,1,1,Alpha,2005-10-24
0818,S08E66,-8,-66,284,10,Axx,1,1,Alpha,2005-10-30
0818,S06E47,-6,-47,285,40,Cso,6,4,Beta,2005-10-31
0818,S08E32,-8,-32,287,40,Dso,6,6,Beta,2005-11-01
0819,S09E26,-9,-26,293,20,Cso,3,3,Beta,2005-11-01
0818,S08E19,-8,-19,287,50,Dso,6,7,Beta,2005-11-02
0819,S09E12,-9,-12,294,30,Cso,4,6,Beta,2005-11-02
0818,S08E06,-8,-6,289,40,Bxo,7,9,Beta,2005-11-03
0819,S09W01,-9,1,294,30,Bxo,6,7,Beta,2005-11-03
0818,S08W08,-8,8,288,30,Cso,3,3,Beta,2005-11-04
0819,S09W14,-9,14,294,10,Axx,1,1,Alpha,2005-11-04
0818,S08W21,-8,21,287,10,Axx,1,1,Alpha,2005-11-05
0819,S07W28,-7,28,294,10,Axx,1,1,Alpha,2005-11-05
0820,S16W27,-16,27,280,50,Dao,4,8,Beta,2005-11-06
0819,S11W57,-11,57,297,0,Axx,1,1,Alpha,2005-11-07
0820,S17W41,-17,41,281,70,Dao,9,13,Beta,2005-11-07
0819,S12W72,-12,72,299,120,Cao,5,3,Beta,2005-11-08
0820,S16W54,-16,54,281,60,Cao,6,8,Beta,2005-11-08
0819,S09W86,-9,86,300,30,Bxo,4,2,Beta,2005-11-09
0820,S17W69,-17,69,283,80,Cao,7,4,Beta,2005-11-09
0821,S14W19,-14,19,233,10,Axx,2,2,Alpha,2005-11-09
0820,S16W81,-16,81,281,30,Bxo,5,3,Beta,2005-11-10
0822,S04E81,-4,-81,80,120,Hsx,2,1,Alpha,2005-11-13
0822,S06E66,-6,-66,82,120,Cao,8,6,Beta,2005-11-14
0822,S06E55,-6,-55,80,610,Ehi,14,16,Beta-Gamma,2005-11-15
0822,S08E41,-8,-41,80,810,Eki,14,22,Beta-Gamma,2005-11-16
0822,S08E28,-8,-28,80,740,Fki,16,48,Beta-Gamma,2005-11-17
0822,S07E15,-7,-15,80,720,Fki,17,52,Beta-Gamma,2005-11-18
0822,S07E02,-7,-2,80,690,Fkc,18,41,Beta-Gamma,2005-11-19
0822,S08W12,-8,12,81,610,Fkc,16,26,Beta-Gamma,2005-11-20
0823,S18W37,-18,37,106,40,Dso,4,6,Beta,2005-11-20
0822,S08W25,-8,25,80,570,Fki,16,22,Beta-Gamma,2005-11-21
0823,S17W50,-17,50,105,40,Dso,4,3,Beta,2005-11-21
0824,S13E68,-13,-68,347,90,Hax,2,1,Alpha,2005-11-21
0822,S08W37,-8,37,79,480,Eko,15,9,Beta,2005-11-22
0823,S15W63,-15,63,105,30,Cso,5,2,Beta,2005-11-22
0824,S12E57,-12,-57,345,80,Cao,8,4,Beta,2005-11-22
0822,S07W51,-7,51,80,480,Fko,18,11,Beta-Gamma,2005-11-23
0824,S12E46,-12,-46,343,120,Dao,9,5,Beta,2005-11-23
0822,S07W63,-7,63,80,320,Eko,14,6,Beta,2005-11-24
0824,S14E32,-14,-32,345,90,Dao,9,9,Beta,2005-11-24
0822,S09W81,-9,81,85,250,Cho,8,4,Beta,2005-11-25
0824,S13E19,-13,-19,345,70,Cso,6,6,Beta,2005-11-25
0822,S09W97,-9,97,88,120,Hax,2,1,Alpha,2005-11-26
0824,S12E05,-12,-5,346,70,Cso,3,4,Beta,2005-11-26
0825,S06E12,-6,-12,339,20,Dao,5,4,Beta,2005-11-26
0824,S14W06,-14,6,343,70,Dso,7,6,Beta,2005-11-27
0825,S06E00,-6,0,337,10,Bxo,5,4,Beta,2005-11-27
0824,S14W20,-14,20,344,60,Cso,5,4,Beta,2005-11-28
0825,S03W10,-3,10,334,10,Axx,2,2,Alpha,2005-11-28
0824,S14W35,-14,35,346,70,Cso,5,4,Beta,2005-11-29
0826,S02E62,-2,-62,249,30,Cro,4,3,Beta,2005-11-29
0824,S14W48,-14,48,346,60,Cso,5,3,Beta,2005-11-30
0826,S02E49,-2,-49,249,30,Cso,5,4,Beta,2005-11-30
0824,S14W61,-14,61,346,50,Cso,4,2,Beta,2005-12-01
0826,S02E36,-2,-36,249,140,Dac,9,22,Beta-Gamma,2005-12-01
0827,N08E56,8,-56,229,50,Dso,4,3,Beta,2005-12-01
0824,S14W75,-14,75,346,70,Cro,3,3,Beta,2005-12-02
0826,S02E22,-2,-22,249,210,Ekc,11,22,Beta-Gamma-Delta,2005-12-02
0827,N08E42,8,-42,229,50,Dro,4,6,Beta,2005-12-02
0828,S04E42,-4,-42,229,60,Dso,5,8,Beta,2005-12-02
0824,S14W88,-14,88,346,20,Axx,1,1,Alpha,2005-12-03
0826,S02E09,-2,-9,249,490,Ekc,13,32,Beta-Gamma-Delta,2005-12-03
0828,S04E29,-4,-29,229,80,Dao,7,8,Beta,2005-12-03
0829,N11E02,11,-2,256,40,Dso,6,5,Beta,2005-12-03
0830,N14E78,14,-78,180,90,Hax,2,2,Alpha,2005-12-03
0826,S03W10,-3,10,255,380,Ekc,13,21,Beta-Gamma,2005-12-04
0828,S04E16,-4,-16,229,70,Dsi,6,8,Beta,2005-12-04
0829,N11W12,11,12,257,30,Dso,3,4,Beta,2005-12-04
0830,N14E64,14,-64,181,70,Cso,6,2,Beta,2005-12-04
0826,S04W21,-4,21,253,380,Ekc,12,25,Beta-Gamma,2005-12-05
0828,S04E04,-4,-4,228,60,Cso,6,9,Beta,2005-12-05
0829,N10W26,10,26,258,10,Axx,0,1,Alpha,2005-12-05
0830,N13E51,13,-51,181,100,Cao,7,3,Beta,2005-12-05
0831,S06W07,-6,7,239,30,Dso,4,3,Beta,2005-12-05
0826,S06W35,-6,35,254,260,Ehc,13,25,Beta-Gamma,2005-12-06
0828,S04W11,-4,11,230,20,Cso,6,11,Beta,2005-12-06
0830,N13E36,13,-36,183,90,Hsx,2,1,Alpha,2005-12-06
0831,S07W22,-7,22,241,50,Dai,5,8,Beta,2005-12-06
0826,S07W47,-7,47,253,200,Ehi,11,9,Beta-Gamma,2005-12-07
0828,S07W22,-7,22,228,20,Cso,3,3,Beta,2005-12-07
0830,N12E25,12,-25,181,30,Cso,4,4,Beta,2005-12-07
0831,S08W37,-8,37,243,30,Bxo,2,2,Beta,2005-12-07
0826,S05W69,-5,69,261,80,Hsx,3,1,Alpha,2005-12-08
0830,N13E10,13,-10,182,60,Hsx,2,1,Alpha,2005-12-08
0826,S06W80,-6,80,259,90,Dao,6,2,Beta,2005-12-09
0830,N12W01,12,1,180,70,Cso,5,2,Beta,2005-12-09
0831,S07W58,-7,58,237,0,Axx,1,1,Alpha,2005-12-09
0832,S14W61,-14,61,240,60,Dso,8,6,Beta,2005-12-09
0830,N11W15,11,15,181,50,Hsx,2,2,Alpha,2005-12-10
0832,S15W72,-15,72,238,90,Dso,7,4,Beta,2005-12-10
0833,S17W52,-17,52,218,30,Cso,5,3,Beta,2005-12-10
0834,S07E77,-7,-77,89,60,Hax,1,1,Alpha,2005-12-10
0835,N19E78,19,-78,88,50,Hax,1,1,Alpha,2005-12-10
0830,N12W28,12,28,181,50,Cso,5,4,Beta,2005-12-11
0833,S17W67,-17,67,220,50,Bxo,6,5,Beta,2005-12-11
0834,S06E63,-6,-63,90,70,Dso,6,3,Beta,2005-12-11
0835,N19E64,19,-64,89,180,Dko,7,3,Beta,2005-12-11
0830,N12W41,12,41,181,40,Hax,2,1,Alpha,2005-12-12
0833,S16W78,-16,78,218,50,Cao,6,3,Beta,2005-12-12
0834,S07E51,-7,-51,89,30,Cao,5,3,Beta,2005-12-12
0835,N18E55,18,-55,85,220,Dao,9,4,Beta,2005-12-12
0830,N10W55,10,55,181,30,Hsx,1,1,Alpha,2005-12-13
0834,S06E37,-6,-37,89,50,Hsx,2,1,Alpha,2005-12-13
0835,N20E40,20,-40,86,190,Dai,10,9,Beta,2005-12-13
0830,N11W68,11,68,181,20,Hax,1,1,Alpha,2005-12-14
0834,S06E24,-6,-24,89,80,Hax,3,4,Alpha,2005-12-14
0835,N18E27,18,-27,86,200,Dai,8,14,Beta,2005-12-14
0836,S10W39,-10,39,152,40,Dso,5,8,Beta,2005-12-14
0834,S07E10,-7,-10,90,70,Dho,4,4,Beta,2005-12-15
0835,N18E15,18,-15,85,150,Dso,9,12,Beta,2005-12-15
0836,S10W52,-10,52,152,120,Dso,7,9,Beta,2005-12-15
0834,S07W04,-7,4,91,90,Cao,4,5,Beta,2005-12-16
0835,N18E01,18,-1,86,160,Dao,8,7,Beta,2005-12-16
0836,S08W66,-8,66,153,110,Dao,7,5,Beta,2005-12-16
0834,S07W18,-7,18,92,80,Dso,4,4,Beta,2005-12-17
0835,N19W13,19,13,87,110,Cso,7,8,Beta,2005-12-17
0836,S10W78,-10,78,152,150,Eao,13,5,Beta,2005-12-17
0834,S07W32,-7,32,92,110,Dai,5,7,Beta-Gamma,2005-12-18
0835,N19W27,19,27,87,110,Dso,6,4,Beta,2005-12-18
0837,S10E22,-10,-22,38,20,Dso,4,4,Beta,2005-12-18
0834,S06W45,-6,45,92,110,Cso,3,4,Beta,2005-12-19
0835,N20W40,20,40,87,100,Cho,4,3,Beta,2005-12-19
0837,S10E09,-10,-9,38,60,Dao,6,8,Beta,2005-12-19
0834,S07W57,-7,57,91,70,Cso,4,5,Beta,2005-12-20
0835,N19W54,19,54,88,120,Cso,4,6,Beta,2005-12-20
0837,S10W06,-10,6,40,200,Dki,7,22,Beta,2005-12-20
0834,S07W71,-7,71,92,50,Hsx,2,1,Alpha,2005-12-21
0835,N18W67,18,67,88,110,Hax,2,1,Alpha,2005-12-21
0837,S11W20,-11,20,41,210,Dai,8,21,Beta,2005-12-21
0834,S07W84,-7,84,92,40,Hsx,1,1,Alpha,2005-12-22
0835,N19W81,19,81,89,80,Hax,2,1,Alpha,2005-12-22
0837,S11W32,-11,32,40,140,Dso,10,13,Beta,2005-12-22
0835,N19W92,19,92,87,90,Hax,2,1,Alpha,2005-12-23
0837,S10W46,-10,46,41,110,Dso,10,15,Beta-Gamma,2005-12-23
0838,N17E34,17,-34,321,70,Cro,5,18,Beta,2005-12-23
0839,N19W08,19,8,3,10,Bxo,2,3,Beta,2005-12-23
0837,S11W63,-11,63,44,90,Hax,2,1,Alpha,2005-12-24
0838,N17E20,17,-20,321,170,Dai,8,12,Beta-Gamma,2005-12-24
0839,N18W24,18,24,5,30,Dao,5,4,Beta,2005-12-24
0837,S09W83,-9,83,51,50,Hax,2,1,Alpha,2005-12-25
0838,N16E07,16,-7,321,130,Dai,9,11,Beta,2005-12-25
0839,N20W37,20,37,5,20,Cao,6,6,Beta,2005-12-25
0840,S03E66,-3,-66,262,50,Hsx,2,1,Alpha,2005-12-25
0841,N04E74,4,-74,254,90,Hsx,2,1,Alpha,2005-12-25
0837,S09W92,-9,92,47,30,Axx,1,1,Alpha,2005-12-26
0838,N16W05,16,5,320,90,Dso,9,9,Beta,2005-12-26
0839,N19W52,19,52,7,10,Axx,1,1,Alpha,2005-12-26
0840,S03E53,-3,-53,262,40,Hax,2,1,Alpha,2005-12-26
0841,N12E60,12,-60,255,120,Cso,7,4,Beta,2005-12-26
0842,S06E30,-6,-30,285,10,Hsx,1,1,Alpha,2005-12-26
0838,N16W18,16,18,320,90,Cso,9,9,Beta,2005-12-27
0839,N19W65,19,65,7,30,Cso,6,3,Beta,2005-12-27
0840,S03E40,-3,-40,262,50,Cso,3,3,Beta,2005-12-27
0841,N12E47,12,-47,255,170,Dso,9,8,Beta,2005-12-27
0842,S06E17,-6,-17,285,20,Cso,3,3,Beta,2005-12-27
0843,N12E67,12,-67,235,80,Cao,9,4,Beta,2005-12-27
0838,N16W34,16,34,323,50,Hsx,1,1,Alpha,2005-12-28
0839,N19W78,19,78,7,30,Axx,1,1,Alpha,2005-12-28
0840,S03E27,-3,-27,262,30,Hsx,1,1,Alpha,2005-12-28
0841,N12E34,12,-34,255,140,Cso,9,4,Beta,2005-12-28
0842,S06E04,-6,-4,285,20,Cso,7,3,Beta,2005-12-28
0843,N12E54,12,-54,235,80,Cao,5,8,Beta,2005-12-28
0838,N16W49,16,49,324,40,Hax,1,1,Alpha,2005-12-29
0840,S03E14,-3,-14,261,20,Hsx,2,2,Alpha,2005-12-29
0841,N12E21,12,-21,254,130,Cso,6,3,Beta,2005-12-29
0842,S06W10,-6,10,285,10,Hsx,1,1,Alpha,2005-12-29
0843,N12E40,12,-40,235,30,Cso,5,4,Beta,2005-12-29
0838,N16W62,16,62,324,40,Hax,2,2,Alpha,2005-12-30
0840,S03E01,-3,-1,261,30,Cso,4,6,Beta,2005-12-30
0841,N12E08,12,-8,254,130,Cao,9,4,Beta,2005-12-30
0843,N12E27,12,-27,235,30,Cso,5,7,Beta,2005-12-30
0844,S15W59,-15,59,321,110,Cao,8,8,Beta,2005-12-30
0838,N15W73,15,73,322,30,Hsx,3,2,Alpha,2005-12-31
0840,S02W13,-2,13,262,20,Hsx,2,2,Alpha,2005-12-31
0841,N12W07,12,7,256,110,Cao,4,5,Beta,2005-12-31
0843,N12E15,12,-15,234,30,Cao,4,4,Beta,2005-12-31
0844,S14W70,-14,70,319,70,Dso,7,4,Beta,2005-12-31
0838,N15W88,15,88,324,30,Hax,1,1,Alpha,2006-01-01
0840,S03W26,-3,26,262,20,Hsx,1,1,Alpha,2006-01-01
0841,N12W16,12,16,252,150,Cao,9,4,Beta,2006-01-01
0843,N12E02,12,-2,234,30,Cso,4,5,Beta,2006-01-01
0844,S14W81,-14,81,317,20,Axx,1,1,Alpha,2006-01-01
0840,S03W40,-3,40,262,10,Hax,1,1,Alpha,2006-01-02
0841,N12W31,12,31,253,170,Cso,8,3,Beta,2006-01-02
0843,N11W12,11,12,234,20,Dsi,5,7,Beta,2006-01-02
0840,S03W53,-3,53,262,10,Axx,1,1,Alpha,2006-01-03
0841,N12W48,12,48,257,140,Hax,3,2,Alpha,2006-01-03
0843,N12W25,12,25,234,20,Hsx,3,4,Alpha,2006-01-03
0840,S03W67,-3,67,262,0,Axx,1,1,Alpha,2006-01-04
0841,N13W61,13,61,256,90,Cso,3,4,Beta,2006-01-04
0843,N13W38,13,38,233,30,Hax,2,4,Alpha,2006-01-04
0841,N13W76,13,76,258,80,Hax,3,2,Alpha,2006-01-05
0843,N13W51,13,51,233,40,Hax,2,3,Alpha,2006-01-05
0841,N13W91,13,91,261,40,Hsx,4,1,Alpha,2006-01-06
0843,N12W64,12,64,234,50,Hax,2,2,Alpha,2006-01-06
0843,N12W77,12,77,234,10,Axx,1,2,Alpha,2006-01-07
0845,N18E72,18,-72,85,50,Cao,2,2,Beta,2006-01-07
0845,N19E56,19,-56,88,50,Hsx,2,1,Alpha,2006-01-08
0845,N18E44,18,-44,86,40,Hax,2,1,Alpha,2006-01-09
0845,N18E30,18,-30,87,30,Hsx,2,1,Alpha,2006-01-10
0845,N18E18,18,-18,86,20,Hax,2,1,Alpha,2006-01-11
0845,N17E04,17,-4,87,20,Hax,2,2,Alpha,2006-01-12
0845,N18W08,18,8,86,20,Hax,1,2,Alpha,2006-01-13
0846,N05W30,5,30,68,40,Dso,5,7,Beta,2006-01-16
0847,S09W08,-9,8,46,30,Cao,5,5,Beta,2006-01-16
0846,N06W44,6,44,69,70,Dai,6,11,Beta,2006-01-17
0847,S08W21,-8,21,46,60,Dai,5,11,Beta,2006-01-17
0846,N04W56,4,56,68,70,Dao,7,8,Beta,2006-01-18
0847,S08W35,-8,35,47,60,Dai,7,8,Beta,2006-01-18
0846,N04W71,4,71,70,50,Dao,7,4,Beta,2006-01-19
0847,S08W50,-8,50,49,50,Dao,8,7,Beta,2006-01-19
0848,S18E37,-18,-37,322,60,Dai,6,9,Beta,2006-01-19
0846,N04W88,4,88,73,20,Axx,1,1,Alpha,2006-01-20
0847,S08W62,-8,62,47,30,Cso,3,2,Beta,2006-01-20
0848,S19E24,-19,-24,321,140,Dao,8,15,Beta,2006-01-20
0847,S08W72,-8,72,44,10,Axx,1,1,Alpha,2006-01-21
0848,S20E10,-20,-10,322,160,Dao,9,12,Beta,2006-01-21
0848,S19W02,-19,2,321,200,Eki,11,18,Beta,2006-01-22
0848,S19W15,-19,15,321,250,Eac,12,39,Beta-Gamma-Delta,2006-01-23
0849,S07E44,-7,-44,262,10,Hsx,1,1,Alpha,2006-01-23
0848,S19W28,-19,28,321,230,Eac,11,36,Beta-Gamma,2006-01-24
0849,S07E31,-7,-31,223,10,Hsx,1,1,Alpha,2006-01-24
0850,N06W05,6,5,298,30,Dso,4,6,Beta,2006-01-24
0848,S19W41,-19,41,320,320,Eac,12,28,Beta-Gamma,2006-01-25
0849,S07E16,-7,-16,263,10,Hsx,1,2,Alpha,2006-01-25
0850,N06W18,6,18,297,10,Axx,1,2,Alpha,2006-01-25
0848,S18W52,-18,52,318,200,Esi,12,21,Beta,2006-01-26
0850,N06W28,6,28,294,10,Axx,1,1,Alpha,2006-01-26
0848,S20W66,-20,66,319,130,Eac,12,14,Beta,2006-01-27
0848,S20W78,-20,78,318,90,Eao,11,7,Beta,2006-01-28
0851,S15W61,-15,61,301,20,Cso,3,2,Beta,2006-01-28
0848,S24W88,-24,88,315,30,Hax,1,1,Alpha,2006-01-29
0852,S10W04,-10,4,87,10,Hsx,1,2,Alpha,2006-02-09
0852,S11W17,-11,17,87,10,Axx,1,3,Alpha,2006-02-10
0853,S11W49,-11,49,119,10,Hax,1,1,Alpha,2006-02-10
0853,S09W64,-9,64,120,20,Bxo,4,3,Beta,2006-02-11
0853,S09W78,-9,78,121,30,Hsx,1,1,Alpha,2006-02-12
0854,S07E23,-7,-23,327,30,Dso,5,5,Beta,2006-02-16
0854,S07E10,-7,-10,327,30,Dao,6,6,Beta,2006-02-17
0855,N06E28,6,-28,309,20,Hax,1,1,Alpha,2006-02-17
0854,S08W09,-8,9,333,10,Axx,0,1,Alpha,2006-02-18
0855,N05E15,5,-15,309,10,Axx,2,2,Alpha,2006-02-18
0856,S08E69,-8,-69,123,10,Axx,0,1,Alpha,2006-02-28
0856,S09E54,-9,-54,124,20,Axx,1,1,Alpha,2006-03-01
0856,S10E01,-10,-1,125,10,Axx,2,3,Alpha,2006-03-05
0856,S10W12,-10,12,125,10,Axx,4,5,Alpha,2006-03-06
0857,N08E41,8,-41,72,10,Cso,4,3,Beta,2006-03-06
0856,S10W25,-10,25,125,10,Axx,2,4,Alpha,2006-03-07
0857,N08E26,8,-26,74,10,Axx,1,3,Alpha,2006-03-07
0856,S08W38,-8,38,125,10,Axx,2,2,Alpha,2006-03-08
0857,N05E14,5,-14,73,20,Axx,3,3,Alpha,2006-03-08
0856,S08W50,-8,50,124,10,Axx,1,1,Alpha,2006-03-09
0857,N09E00,9,0,74,20,Axx,5,3,Alpha,2006-03-09
0857,N08W13,8,13,73,10,Axx,4,2,Alpha,2006-03-10
0857,N08W28,8,28,75,10,Axx,3,2,Alpha,2006-03-11
0858,N18E15,18,-15,5,20,Cro,5,8,Beta,2006-03-13
0858,N18W01,18,1,8,20,Bxo,6,4,Beta,2006-03-14
0858,N18W14,18,14,8,10,Bxo,6,2,Beta,2006-03-15
0859,S07W79,-7,79,73,10,Axx,1,1,Alpha,2006-03-15
0860,S03E50,-3,-50,304,10,Hsx,1,1,Alpha,2006-03-15
0860,S04E36,-4,-36,305,20,Axx,1,1,Alpha,2006-03-16
0861,S12E46,-12,-46,295,10,Axx,1,1,Alpha,2006-03-16
0860,S04E22,-4,-22,306,10,Axx,1,1,Alpha,2006-03-17
0861,S11E33,-11,-33,295,10,Axx,1,1,Alpha,2006-03-17
0860,S04E10,-4,-10,305,20,Axx,1,2,Alpha,2006-03-18
0861,S11E20,-11,-20,295,10,Axx,1,2,Alpha,2006-03-18
0860,S04W03,-4,3,305,10,Hrx,2,2,Alpha,2006-03-19
0862,S07E03,-7,-3,299,20,Cso,4,5,Beta,2006-03-19
0860,S04W16,-4,16,305,10,Axx,2,2,Alpha,2006-03-20
0862,S07W10,-7,10,299,90,Dai,8,18,Beta,2006-03-20
0862,S07W27,-7,27,302,130,Dac,9,23,Beta-Gamma,2006-03-21
0862,S07W39,-7,39,301,120,Dai,10,29,Beta-Gamma,2006-03-22
0862,S06W51,-6,51,300,110,Dac,11,25,Beta-Gamma,2006-03-23
0863,N08W52,8,52,301,20,Cso,3,4,Beta,2006-03-23
0862,S07W66,-7,66,302,60,Dai,11,14,Beta,2006-03-24
0863,N08W65,8,65,301,20,Cso,4,2,Beta,2006-03-24
0862,S06W77,-6,77,300,60,Bxo,8,7,Beta,2006-03-25
0863,N07W79,7,79,302,30,Bxo,3,3,Beta,2006-03-25
0864,S05W61,-5,61,284,20,Bxo,4,4,Beta,2006-03-25
0865,S13E60,-13,-60,110,20,Hsx,2,1,Alpha,2006-03-29
0865,S12E48,-12,-48,109,130,Dso,9,10,Beta,2006-03-30
0866,S06E69,-6,-69,88,70,Hsx,2,1,Alpha,2006-03-30
0865,S13E32,-13,-32,111,140,Dai,9,13,Beta-Gamma,2006-03-31
0866,S08E56,-8,-56,87,70,Hsx,3,2,Alpha,2006-03-31
0865,S13E20,-13,-20,110,210,Eai,11,18,Beta,2006-04-01
0866,S07E42,-7,-42,88,120,Hsx,3,1,Alpha,2006-04-01
0865,S12E07,-12,-7,110,240,Eai,12,18,Beta-Gamma-Delta,2006-04-02
0866,S06E28,-6,-28,89,80,Hsx,3,1,Alpha,2006-04-02
0865,S11W06,-11,6,110,340,Ehc,12,27,Beta-Gamma-Delta,2006-04-03
0866,S06E16,-6,-16,88,100,Hax,3,3,Alpha,2006-04-03
0867,S16E16,-16,-16,88,50,Dso,7,8,Beta,2006-04-03
0865,S11W21,-11,21,112,330,Eki,11,31,Beta-Gamma-Delta,2006-04-04
0866,S06E05,-6,-5,86,120,Cao,9,6,Beta,2006-04-04
0867,S16E03,-16,-3,88,100,Dao,8,12,Beta-Gamma,2006-04-04
0865,S11W35,-11,35,113,620,Dkc,9,20,Beta-Gamma,2006-04-05
0866,S06W11,-6,11,89,100,Cao,3,3,Beta,2006-04-05
0867,S16W11,-16,11,89,130,Dso,10,9,Beta-Gamma,2006-04-05
0865,S11W47,-11,47,111,600,Eki,12,22,Beta-Gamma,2006-04-06
0866,S06W23,-6,23,87,110,Cao,6,6,Beta,2006-04-06
0867,S16W26,-16,26,90,120,Esi,11,14,Beta-Gamma,2006-04-06
0868,S07W06,-7,6,70,30,Cao,5,6,Beta,2006-04-06
0865,S11W60,-11,60,111,530,Ekc,11,25,Beta-Gamma,2006-04-07
0866,S06W36,-6,36,87,120,Cao,4,6,Beta,2006-04-07
0867,S16W39,-16,39,90,80,Dsi,10,11,Beta-Gamma,2006-04-07
0868,S07W19,-7,19,70,40,Dso,5,6,Beta,2006-04-07
0869,S12E24,-12,-24,27,30,Bxo,5,7,Beta,2006-04-07
0865,S11W78,-11,78,116,230,Dko,8,7,Beta,2006-04-08
0866,S05W53,-5,53,91,90,Dso,3,5,Beta,2006-04-08
0867,S15W56,-15,56,94,80,Cho,4,5,Beta,2006-04-08
0869,S12E08,-12,-8,30,50,Dso,6,8,Beta,2006-04-08
0865,S09W90,-9,90,115,180,Cao,5,3,Beta,2006-04-09
0866,S06W63,-6,63,88,80,Cso,4,4,Beta,2006-04-09
0867,S16W67,-16,67,92,50,Cao,4,3,Beta,2006-04-09
0869,S12W04,-12,4,29,70,Cao,7,7,Beta,2006-04-09
0866,S06W79,-6,79,91,40,Cao,4,2,Beta,2006-04-10
0867,S16W82,-16,82,94,30,Hrx,2,2,Alpha,2006-04-10
0869,S12W16,-12,16,28,50,Cai,9,12,Beta,2006-04-10
0866,S05W92,-5,92,90,30,Axx,1,1,Alpha,2006-04-11
0867,S15W96,-15,96,94,30,Axx,1,1,Alpha,2006-04-11
0869,S12W31,-12,31,29,90,Eai,11,15,Beta,2006-04-11
0870,S08E22,-8,-22,336,10,Axx,1,1,Alpha,2006-04-11
0871,S08E52,-8,-52,306,50,Cao,12,2,Beta,2006-04-11
0869,S12W44,-12,44,29,60,Dao,8,7,Beta,2006-04-12
0870,S08E09,-8,-9,336,20,Hsx,2,3,Alpha,2006-04-12
0871,S08E39,-8,-39,306,40,Hax,2,2,Alpha,2006-04-12
0872,S09E74,-9,-74,271,50,Hsx,1,1,Alpha,2006-04-12
0873,S04E48,-4,-48,297,50,Dso,5,10,Beta,2006-04-12
0869,S11W61,-11,61,33,40,Cso,5,4,Beta,2006-04-13
0870,S08W05,-8,5,337,20,Cso,2,5,Beta,2006-04-13
0871,S08E23,-8,-23,309,50,Cso,5,3,Beta,2006-04-13
0872,S07E59,-7,-59,273,30,Hsx,1,1,Alpha,2006-04-13
0873,S04E35,-4,-35,297,90,Dai,8,16,Beta,2006-04-13
0869,S09W76,-9,76,35,40,Hax,1,1,Alpha,2006-04-14
0870,S08W19,-8,19,338,10,Axx,1,2,Alpha,2006-04-14
0871,S07E08,-7,-8,311,30,Cao,5,6,Beta,2006-04-14
0872,S07E46,-7,-46,273,30,Hsx,1,1,Alpha,2006-04-14
0873,S04E22,-4,-22,297,50,Dsc,8,9,Beta,2006-04-14
0869,S11W88,-11,88,34,40,Hax,1,1,Alpha,2006-04-15
0870,S09W30,-9,30,336,0,Axx,1,1,Alpha,2006-04-15
0871,S07W04,-7,4,310,30,Cso,5,3,Beta,2006-04-15
0872,S07E33,-7,-33,273,20,Cso,3,3,Beta,2006-04-15
0873,S03E08,-3,-8,298,20,Cao,7,4,Beta,2006-04-15
0871,S06W18,-6,18,311,60,Cao,5,6,Beta,2006-04-16
0872,S08E21,-8,-21,272,60,Bxo,9,8,Beta,2006-04-16
0873,S03W05,-3,5,298,20,Hsx,1,1,Alpha,2006-04-16
0871,S06W33,-6,33,312,60,Cso,5,5,Beta,2006-04-17
0872,S06E08,-6,-8,271,20,Bxo,8,6,Beta,2006-04-17
0873,N01W17,1,17,296,10,Bxo,3,4,Beta,2006-04-17
0870,S06W74,-6,74,340,10,Axx,1,1,Alpha,2006-04-18
0871,S06W46,-6,46,312,30,Cso,3,3,Beta,2006-04-18
0872,S08W05,-8,5,271,10,Bxo,3,3,Beta,2006-04-18
0873,S04W37,-4,37,303,0,Axx,1,1,Alpha,2006-04-18
0871,S06W59,-6,59,312,10,Hsx,1,1,Alpha,2006-04-19
0872,S08W18,-8,18,271,0,Axx,1,1,Alpha,2006-04-19
0873,S04W50,-4,50,303,10,Hsx,1,1,Alpha,2006-04-19
0874,N00E15,0,-15,238,10,Hsx,2,3,Alpha,2006-04-19
0871,S06W66,-6,66,306,10,Axx,1,1,Alpha,2006-04-20
0872,S08W31,-8,31,271,10,Bxo,3,3,Beta,2006-04-20
0874,N00E02,0,-2,238,20,Cao,6,4,Beta,2006-04-20
0871,S06W79,-6,79,306,10,Axx,1,1,Alpha,2006-04-21
0874,S01W11,-1,11,238,60,Dao,5,9,Beta,2006-04-21
0874,S01W25,-1,25,238,30,Dro,4,4,Beta,2006-04-22
0874,S02W39,-2,39,239,10,Bxo,4,5,Beta,2006-04-23
0874,S01W55,-1,55,242,0,Axx,1,1,Alpha,2006-04-24
0875,S11E71,-11,-71,116,270,Cao,11,3,Beta,2006-04-24
0875,S10E62,-10,-62,112,430,Dkc,10,16,Beta-Gamma,2006-04-25
0876,S14E80,-14,-80,94,150,Hax,1,2,Alpha,2006-04-25
0875,S10E46,-10,-46,115,480,Dki,8,9,Beta-Gamma-Delta,2006-04-26
0876,S16E69,-16,-69,92,180,Dao,9,4,Beta,2006-04-26
0875,S10E34,-10,-34,114,470,Dki,8,21,Beta-Gamma,2006-04-27
0876,S16E57,-16,-57,91,290,Dko,11,7,Beta-Gamma,2006-04-27
0877,S07E52,-7,-52,96,40,Hrx,1,2,Alpha,2006-04-27
0875,S11E20,-11,-20,114,310,Cai,7,21,Beta-Gamma,2006-04-28
0876,S16E54,-16,-54,80,230,Dso,10,11,Beta-Gamma,2006-04-28
0877,S07E40,-7,-40,94,10,Axx,1,1,Alpha,2006-04-28
0875,S11E06,-11,-6,115,380,Dac,8,23,Beta-Gamma,2006-04-29
0876,S15E30,-15,-30,91,200,Eai,11,13,Beta,2006-04-29
0877,S05E24,-5,-24,97,10,Axx,1,2,Alpha,2006-04-29
0875,S09W07,-9,7,115,280,Dkc,8,31,Beta-Gamma,2006-04-30
0876,S14E18,-14,-18,90,110,Eai,11,13,Beta,2006-04-30
0875,S08W21,-8,21,116,340,Eki,11,20,Beta-Gamma,2006-05-01
0876,S11E08,-11,-8,87,70,Cao,10,9,Beta-Gamma,2006-05-01
0878,N14E60,14,-60,35,60,Bxo,2,3,Beta,2006-05-01
0875,S11W33,-11,33,115,150,Dko,6,9,Beta-Gamma,2006-05-02
0876,S15W07,-15,7,89,70,Cso,9,9,Beta,2006-05-02
0878,N14E46,14,-46,36,70,Cso,2,3,Beta,2006-05-02
0875,S12W47,-12,47,115,140,Dao,4,7,Beta,2006-05-03
0876,S18W16,-18,16,84,40,Cso,4,5,Beta,2006-05-03
0878,N13E31,13,-31,37,60,Cso,3,2,Beta,2006-05-03
0879,N16E07,16,-7,61,50,Dao,4,4,Beta,2006-05-03
0875,S12W60,-12,60,115,180,Dao,3,3,Beta,2006-05-04
0876,S17W29,-17,29,84,20,Bxo,3,2,Beta,2006-05-04
0878,N14E18,14,-18,37,40,Hsx,2,1,Alpha,2006-05-04
0879,N17W05,17,5,60,100,Dso,5,6,Beta,2006-05-04
0875,S13W72,-13,72,113,160,Dho,3,2,Beta,2006-05-05
0878,N14E05,14,-5,36,40,Hsx,2,1,Alpha,2006-05-05
0879,N16W18,16,18,59,70,Chi,6,6,Beta,2006-05-05
0880,S08E63,-8,-63,338,80,Hhx,3,1,Alpha,2006-05-05
0875,S13W85,-13,85,113,70,Cso,3,3,Beta,2006-05-06
0878,N14W09,14,9,37,20,Hsx,1,2,Alpha,2006-05-06
0879,N16W31,16,31,59,20,Cso,4,3,Beta,2006-05-06
0880,S08E50,-8,-50,338,100,Cso,4,2,Beta,2006-05-06
0881,S12E75,-12,-75,313,0,Axx,1,1,Alpha,2006-05-06
0878,N14W22,14,22,37,10,Cso,4,3,Beta,2006-05-07
0879,N16W47,16,47,62,10,Axx,1,1,Alpha,2006-05-07
0880,S08E37,-8,-37,338,50,Cso,3,3,Beta,2006-05-07
0881,S12E68,-12,-68,307,70,Dao,8,7,Beta,2006-05-07
0882,S12W19,-12,19,34,20,Dao,3,5,Beta,2006-05-07
0878,N12W35,12,35,36,10,Axx,1,1,Alpha,2006-05-08
0880,S09E22,-9,-22,339,50,Hsx,1,2,Alpha,2006-05-08
0881,S10E50,-10,-50,311,50,Cso,5,5,Beta,2006-05-08
0882,S12W32,-12,32,33,30,Cro,4,5,Beta,2006-05-08
0883,S04E56,-4,-56,305,20,Axx,1,1,Alpha,2006-05-08
0880,S09E08,-9,-8,340,60,Hax,2,1,Alpha,2006-05-09
0881,S10E33,-10,-33,315,10,Axx,1,2,Alpha,2006-05-09
0882,S12W45,-12,45,33,130,Dao,7,7,Beta,2006-05-09
0883,S04E43,-4,-43,305,10,Bxo,7,3,Beta,2006-05-09
0880,S09W04,-9,4,339,40,Hax,2,3,Alpha,2006-05-10
0881,S08E17,-8,-17,318,10,Axx,1,1,Alpha,2006-05-10
0882,S12W58,-12,58,33,120,Dao,10,10,Beta,2006-05-10
0883,S04E26,-4,-26,309,10,Bxo,2,2,Beta,2006-05-10
0880,S09W17,-9,17,339,20,Hax,2,2,Alpha,2006-05-11
0882,S12W70,-12,70,32,110,Eao,13,5,Beta,2006-05-11
0880,S09W29,-9,29,338,20,Hsx,1,2,Alpha,2006-05-12
0882,S12W82,-12,82,31,90,Dao,9,3,Beta,2006-05-12
0883,S04E02,-4,-2,307,0,Axx,1,1,Alpha,2006-05-12
0880,S09W42,-9,42,338,20,Cso,1,3,Beta,2006-05-13
0881,S08W22,-8,22,318,0,Axx,1,1,Alpha,2006-05-13
0883,S04W10,-4,10,307,10,Cao,3,4,Beta,2006-05-13
0880,S08W57,-8,57,339,20,Hax,2,2,Alpha,2006-05-14
0883,S02W27,-2,27,309,10,Bxo,2,2,Beta,2006-05-14
0880,S09W71,-9,71,340,30,Axx,2,1,Alpha,2006-05-15
0884,S13E47,-13,-47,156,20,Bxo,5,5,Beta,2006-05-20
0884,S13E33,-13,-33,157,90,Cso,6,7,Beta,2006-05-21
0885,S12E44,-12,-44,146,40,Cro,4,2,Beta,2006-05-21
0884,S14E22,-14,-22,154,50,Cso,7,5,Beta,2006-05-22
0885,S12E32,-12,-32,144,60,Dro,6,5,Beta,2006-05-22
0884,S13E08,-13,-8,155,40,Cso,7,6,Beta,2006-05-23
0885,S12E17,-12,-17,146,60,Dso,7,6,Beta,2006-05-23
0884,S13W05,-13,5,155,20,Dso,5,4,Beta,2006-05-24
0885,S12E03,-12,-3,147,60,Dsi,6,11,Beta,2006-05-24
0886,N08E46,8,-46,104,30,Cro,5,3,Beta,2006-05-24
0884,S12W14,-12,14,150,40,Cso,3,3,Beta,2006-05-25
0885,S12W09,-12,9,145,60,Dso,2,4,Beta,2006-05-25
0886,N07E31,7,-31,105,80,Dso,7,7,Beta,2006-05-25
0885,S11W25,-11,25,148,50,Dso,9,8,Beta,2006-05-26
0886,N08E16,8,-16,107,50,Cao,6,5,Beta,2006-05-26
0885,S12W38,-12,38,148,40,Cro,7,3,Beta,2006-05-27
0886,N08E04,8,-4,106,60,Cso,8,3,Beta,2006-05-27
0887,S12E64,-12,-64,46,30,Bxo,6,2,Beta,2006-05-27
0888,N05W64,5,64,174,70,Cso,6,3,Beta,2006-05-27
0885,S12W54,-12,54,151,20,Cro,2,3,Beta,2006-05-28
0886,N08W12,8,12,109,50,Cso,7,6,Beta,2006-05-28
0887,S13E52,-13,-52,45,50,Cro,6,4,Beta,2006-05-28
0888,N06W77,6,77,174,90,Dao,6,4,Beta,2006-05-28
0889,S03E12,-3,-12,90,20,Cro,4,2,Beta,2006-05-28
0886,N07W24,7,24,108,30,Cso,4,5,Beta,2006-05-29
0887,S12E38,-12,-38,46,30,Cao,5,5,Beta,2006-05-29
0888,N05W91,5,91,175,60,Cao,6,2,Beta,2006-05-29
0889,S02W06,-2,6,90,40,Cso,2,6,Beta,2006-05-29
0890,S14W29,-14,29,113,40,Cso,5,10,Beta,2006-05-29
0886,N08W40,8,40,110,20,Hsx,1,1,Alpha,2006-05-30
0887,S12E24,-12,-24,46,30,Cao,5,6,Beta,2006-05-30
0889,S01W20,-1,20,90,10,Hsx,1,2,Alpha,2006-05-30
0890,S13W42,-13,42,112,30,Cso,4,5,Beta,2006-05-30
0886,N08W53,8,53,110,40,Cro,3,3,Beta,2006-05-31
0887,S12E10,-12,-10,47,30,Hrx,1,2,Alpha,2006-05-31
0890,S15W59,-15,59,116,30,Cro,2,2,Beta,2006-05-31
0891,S13E19,-13,-19,38,30,Cso,2,4,Beta,2006-05-31
0886,N07W66,7,66,110,20,Hrx,1,1,Alpha,2006-06-01
0887,S13W05,-13,5,49,10,Axx,1,1,Alpha,2006-06-01
0890,S14W73,-14,73,117,20,Axx,1,1,Alpha,2006-06-01
0891,S14E06,-14,-6,38,10,Axx,1,1,Alpha,2006-06-01
0886,N09W78,9,78,109,30,Axx,1,1,Alpha,2006-06-02
0892,S08E67,-8,-67,284,230,Dsi,10,7,Beta,2006-06-05
0892,S08E53,-8,-53,285,230,Eki,14,13,Beta-Gamma,2006-06-06
0892,S07E41,-7,-41,284,250,Eki,14,13,Beta,2006-06-07
0893,S03E64,-3,-64,261,30,Cao,4,3,Beta,2006-06-07
0892,S07E29,-7,-29,282,250,Eki,15,24,Beta-Delta,2006-06-08
0893,S01E52,-1,-52,259,60,Dao,4,4,Beta,2006-06-08
0892,S06E15,-6,-15,283,260,Eki,14,35,Beta-Gamma,2006-06-09
0893,S02E37,-2,-37,261,130,Dao,6,12,Beta,2006-06-09
0892,S06W02,-6,2,286,260,Ehi,11,16,Beta-Gamma,2006-06-10
0893,S02E24,-2,-24,260,100,Dao,6,6,Beta,2006-06-10
0892,S07W14,-7,14,285,220,Eai,14,18,Beta-Gamma,2006-06-11
0893,S02E10,-2,-10,261,80,Cso,6,8,Beta-Gamma,2006-06-11
0892,S07W27,-7,27,285,120,Cao,9,11,Beta-Gamma,2006-06-12
0893,S02W03,-2,3,261,40,Cso,5,4,Beta,2006-06-12
0894,S07E36,-7,-36,222,10,Hsx,1,1,Alpha,2006-06-12
0892,S07W40,-7,40,285,100,Cao,9,8,Beta,2006-06-13
0893,S02W16,-2,16,261,20,Cso,5,4,Beta,2006-06-13
0892,S07W56,-7,56,288,100,Hax,2,2,Alpha,2006-06-14
0893,S01W29,-1,29,261,20,Hsx,1,1,Alpha,2006-06-14
0892,S07W70,-7,70,288,100,Hsx,2,1,Alpha,2006-06-15
0893,S01W43,-1,43,261,10,Axx,1,2,Alpha,2006-06-15
0894,S07W04,-7,4,222,10,Axx,1,2,Alpha,2006-06-15
0892,S06W85,-6,85,290,80,Hsx,3,1,Alpha,2006-06-16
0894,S07W44,-7,44,223,40,Bxo,3,4,Beta,2006-06-18
0895,N00E09,0,-9,170,10,Axx,1,1,Alpha,2006-06-18
0896,S12E28,-12,-28,151,20,Cso,1,7,Beta,2006-06-18
0896,S11E16,-11,-16,150,20,Cao,6,13,Beta,2006-06-19
0896,S11E03,-11,-3,150,40,Dro,6,11,Beta,2006-06-20
0896,S10W11,-10,11,150,50,Dro,6,10,Beta,2006-06-21
0896,S10W25,-10,25,151,110,Bxo,6,9,Beta,2006-06-22
0897,N06E75,6,-75,358,60,Bxo,7,3,Beta,2006-06-26
0897,N06E57,6,-57,3,80,Dao,6,4,Beta,2006-06-27
0897,N06E44,6,-44,3,70,Cai,8,23,Beta-Gamma,2006-06-28
0897,N05E29,5,-29,5,110,Drc,9,17,Beta-Gamma,2006-06-29
0898,S06E66,-6,-66,328,150,Hsx,3,1,Alpha,2006-06-29
0897,N06E15,6,-15,6,70,Ero,11,12,Beta-Gamma,2006-06-30
0898,S05E54,-5,-54,327,260,Dso,5,3,Beta,2006-06-30
0897,N07E02,7,-2,6,40,Dro,10,10,Beta,2006-07-01
0898,S06E40,-6,-40,328,350,Dso,6,8,Beta,2006-07-01
0897,N06W12,6,12,6,30,Bxo,9,6,Beta,2006-07-02
0898,S06E26,-6,-26,328,210,Cho,6,10,Beta,2006-07-02
0897,N06W23,6,23,4,20,Bxo,1,1,Alpha,2006-07-03
0898,S06E14,-6,-14,327,290,Cho,5,13,Beta,2006-07-03
0897,N07W37,7,37,4,20,Cso,5,4,Beta,2006-07-04
0898,S07W01,-7,1,328,360,Dki,6,14,Beta,2006-07-04
0897,N06W49,6,49,3,10,Bxo,3,2,Beta,2006-07-05
0898,S07W14,-7,14,328,360,Dki,6,18,Beta,2006-07-05
0898,S08W28,-8,28,329,430,Cki,6,6,Beta,2006-07-06
0899,S05E69,-5,-69,232,90,Dro,7,2,Beta,2006-07-06
0898,S08W41,-8,41,328,420,Cki,6,8,Beta-Gamma-Delta,2006-07-07
0899,S05E56,-5,-56,231,100,Dso,9,6,Beta,2006-07-07
0898,S06W55,-6,55,329,400,Dkc,5,8,Beta-Gamma-Delta,2006-07-08
0899,S05E40,-5,-40,234,80,Dao,9,7,Beta,2006-07-08
0898,S06W69,-6,69,330,360,Dkc,5,9,Beta-Gamma-Delta,2006-07-09
0899,S05E27,-5,-27,234,60,Dao,8,5,Beta,2006-07-09
0898,S06W83,-6,83,331,260,Hkx,7,7,Alpha,2006-07-10
0899,S06E15,-6,-15,233,40,Cao,7,6,Beta,2006-07-10
0899,S06W05,-6,5,240,30,Cso,7,8,Beta,2006-07-11
0899,S06W18,-6,18,240,20,Bxo,3,3,Beta,2006-07-12
0899,S05W28,-5,28,236,10,Bxo,4,2,Beta,2006-07-13
0899,S05W41,-5,41,236,1,Axx,0,1,Alpha,2006-07-14
0900,S05E43,-5,-43,139,40,Cso,5,5,Beta,2006-07-15
0900,S05E30,-5,-30,139,50,Cao,10,7,Beta,2006-07-16
0900,S06E16,-6,-16,140,40,Bxo,8,10,Beta,2006-07-17
0900,S05E02,-5,-2,140,40,Bxo,7,13,Beta,2006-07-18
0900,S05W12,-5,12,141,90,Dsi,8,16,Beta,2006-07-19
0900,S04W25,-4,25,141,90,Dso,9,14,Beta,2006-07-20
0900,S04W38,-4,38,141,20,Bxo,6,4,Beta,2006-07-21
0900,S06W52,-6,52,142,10,Bxo,2,2,Beta,2006-07-22
0901,N06E70,6,-70,6,40,Cso,6,6,Beta,2006-07-23
0901,N06E56,6,-56,7,130,Dao,8,11,Beta,2006-07-24
0901,N05E42,5,-42,8,110,Dao,8,9,Beta,2006-07-25
0901,N06E28,6,-28,9,100,Dao,8,6,Beta,2006-07-26
0901,N06E15,6,-15,9,100,Cao,9,10,Beta,2006-07-27
0901,N05E00,5,0,11,70,Cso,9,13,Beta,2006-07-28
0901,N06W12,6,12,9,70,Cso,9,7,Beta,2006-07-29
0901,N06W26,6,26,9,80,Cso,9,9,Beta,2006-07-30
0901,N06W43,6,43,13,10,Hsx,1,1,Alpha,2006-07-31
0902,S10W21,-10,21,351,30,Cso,4,2,Beta,2006-07-31
0901,N06W54,6,54,11,20,Dso,8,4,Beta,2006-08-01
0902,S09W47,-9,47,4,10,Hsx,1,1,Alpha,2006-08-01
0902,S08W62,-8,62,6,10,Axx,1,1,Alpha,2006-08-02
0901,N08W73,8,73,3,20,Axx,1,1,Alpha,2006-08-03
0902,S09W74,-9,74,4,30,Cro,1,1,Beta,2006-08-03
0901,N08W86,8,86,3,30,Bxo,6,2,Beta,2006-08-04
0902,S09W87,-9,87,4,30,Axx,1,1,Alpha,2006-08-04
0903,S09E56,-9,-56,154,40,Cro,4,2,Beta,2006-08-09
0903,S09E43,-9,-43,154,30,Bxo,5,4,Beta,2006-08-10
0904,S14E76,-14,-76,121,80,Hax,3,1,Alpha,2006-08-10
0903,S09E29,-9,-29,155,10,Bxo,6,6,Beta,2006-08-11
0904,S13E63,-13,-63,121,300,Ekc,10,11,Beta-Gamma,2006-08-11
0903,S12E14,-12,-14,157,10,Bxo,2,3,Beta,2006-08-12
0904,S13E51,-13,-51,120,640,Ekc,13,16,Beta-Gamma,2006-08-12
0904,S13E38,-13,-38,120,750,Eki,14,17,Beta-Gamma,2006-08-13
0904,S13E25,-13,-25,119,680,Eko,15,16,Beta-Gamma,2006-08-14
0903,S08W26,-8,26,157,10,Axx,1,1,Alpha,2006-08-15
0904,S13E11,-13,-11,120,690,Eki,14,24,Beta-Gamma,2006-08-15
0904,S14W03,-14,3,121,700,Eki,15,22,Beta-Gamma,2006-08-16
0904,S12W15,-12,15,120,600,Fko,16,19,Beta-Gamma,2006-08-17
0904,S13W28,-13,28,120,590,Fko,16,16,Beta-Gamma,2006-08-18
0904,S13W42,-13,42,120,590,Fko,16,19,Beta-Gamma,2006-08-19
0904,S14W54,-14,54,120,540,Fko,17,11,Beta,2006-08-20
0904,S14W72,-14,72,124,520,Cko,9,5,Beta,2006-08-21
0904,S12W88,-12,88,127,180,Hhx,6,1,Alpha,2006-08-22
0905,S08E74,-8,-74,325,100,Cao,3,3,Beta,2006-08-22
0905,S07E60,-7,-60,326,220,Dso,10,2,Beta,2006-08-23
0905,S08E47,-8,-47,326,280,Dso,10,12,Beta-Gamma,2006-08-24
0905,S08E33,-8,-33,326,290,Eai,12,12,Beta-Gamma,2006-08-25
0905,S08E20,-8,-20,326,260,Eho,11,13,Beta-Gamma,2006-08-26
0905,S08E05,-8,-5,328,330,Eko,12,11,Beta-Gamma,2006-08-27
0905,S06W07,-6,7,327,350,Eac,13,16,Beta-Gamma,2006-08-28
0905,S08W22,-8,22,329,260,Eac,15,38,Beta-Gamma,2006-08-29
0905,S08W35,-8,35,328,180,Cao,15,20,Beta,2006-08-30
0905,S08W49,-8,49,329,160,Cao,14,9,Beta,2006-08-31
0905,S08W68,-8,68,335,100,Dso,3,7,Beta,2006-09-01
0906,S09W52,-9,52,319,100,Cao,5,12,Beta,2006-09-01
0905,S08W81,-8,81,335,90,Hax,3,2,Alpha,2006-09-02
0906,S09W65,-9,65,319,100,Dao,6,10,Beta,2006-09-02
0905,S08W96,-8,96,337,30,Axx,1,1,Alpha,2006-09-03
0906,S09W78,-9,78,319,90,Bxo,6,6,Beta,2006-09-03
0907,S13E44,-13,-44,157,20,Bxo,8,5,Beta,2006-09-06
0908,S13E71,-13,-71,130,110,Hax,3,1,Alpha,2006-09-06
0907,S13E31,-13,-31,157,30,Csi,7,7,Beta,2006-09-07
0908,S12E59,-12,-59,129,200,Hax,4,1,Alpha,2006-09-07
0909,S08E25,-8,-25,163,50,Csi,8,15,Beta,2006-09-07
0907,S13E17,-13,-17,158,20,Cso,7,3,Beta,2006-09-08
0908,S13E45,-13,-45,130,210,Hax,5,1,Alpha,2006-09-08
0909,S09E09,-9,-9,166,30,Cao,5,5,Beta,2006-09-08
0907,S13E03,-13,-3,159,10,Axx,1,1,Alpha,2006-09-09
0908,S13E32,-13,-32,130,260,Hkx,6,3,Alpha,2006-09-09
0909,S09W04,-9,4,166,60,Dso,6,15,Beta,2006-09-09
0907,S13W08,-13,8,156,20,Dso,6,4,Beta,2006-09-10
0908,S15E19,-15,-19,129,240,Cko,5,3,Beta,2006-09-10
0909,S08W17,-8,17,165,80,Dsi,10,14,Beta,2006-09-10
0907,S12W20,-12,20,155,10,Bxo,6,5,Beta,2006-09-11
0908,S14E06,-14,-6,129,230,Cao,5,5,Beta,2006-09-11
0909,S11W30,-11,30,165,80,Dro,10,10,Beta,2006-09-11
0907,S12W12,-12,12,159,10,Hax,2,3,Alpha,2006-09-12
0908,S13W07,-13,7,129,210,Hax,4,4,Alpha,2006-09-12
0909,S10W46,-10,46,168,30,Dro,9,5,Beta,2006-09-12
0907,S11W51,-11,51,160,10,Axx,1,1,Alpha,2006-09-13
0908,S12W18,-12,18,127,190,Cao,9,7,Beta,2006-09-13
0909,S09W60,-9,60,169,20,Bxo,9,3,Beta,2006-09-13
0907,S12W62,-12,62,158,20,Axx,1,1,Alpha,2006-09-14
0908,S13W34,-13,34,130,190,Cao,6,5,Beta,2006-09-14
0909,S09W80,-9,80,176,60,Bxo,4,2,Beta,2006-09-14
0908,S13W47,-13,47,130,190,Hax,5,4,Alpha,2006-09-15
0909,S08W95,-8,95,178,30,Axx,1,1,Alpha,2006-09-15
0908,S13W60,-13,60,129,180,Hsx,4,3,Alpha,2006-09-16
0908,S13W73,-13,73,129,190,Hsx,3,3,Alpha,2006-09-17
0908,S14W90,-14,90,133,120,Hax,4,1,Alpha,2006-09-18
0910,S08E49,-8,-49,341,30,Hsx,1,1,Alpha,2006-09-19
0910,S09E37,-9,-37,340,30,Hsx,1,1,Alpha,2006-09-20
0910,S09E24,-9,-24,339,10,Hrx,1,1,Alpha,2006-09-21
0910,S09E10,-9,-10,340,10,Hsx,1,1,Alpha,2006-09-22
0910,S10W04,-10,4,341,50,Csi,4,7,Beta,2006-09-23
0910,S10W18,-10,18,342,20,Cro,1,3,Beta,2006-09-24
0910,S09W32,-9,32,343,30,Axx,3,3,Alpha,2006-09-25
0910,S08W46,-8,46,343,10,Axx,1,1,Alpha,2006-09-26
0911,N07E72,7,-72,212,30,Bxo,1,3,Beta,2006-09-27
0911,N07E59,7,-59,212,20,Axx,1,1,Alpha,2006-09-28
0912,N06E65,6,-65,193,40,Bxo,5,3,Beta,2006-09-29
0913,S18E68,-18,-68,190,60,Hsx,3,2,Alpha,2006-09-29
0914,S07E75,-7,-75,183,20,Axx,2,1,Alpha,2006-09-29
0912,N03E52,3,-52,193,20,Axx,1,1,Alpha,2006-09-30
0913,S18E55,-18,-55,190,70,Hsx,3,2,Alpha,2006-09-30
0914,S07E62,-7,-62,183,50,Hrx,3,2,Alpha,2006-09-30
0915,S06W46,-6,46,291,40,Cso,5,6,Beta,2006-09-30
0913,S18E42,-18,-42,190,60,Cso,3,3,Beta-Gamma,2006-10-01
0914,S07E49,-7,-49,183,30,Hsx,1,1,Alpha,2006-10-01
0915,S06W59,-6,59,291,90,Dso,6,4,Beta,2006-10-01
0913,S19E27,-19,-27,191,40,Cso,2,2,Beta-Gamma,2006-10-02
0914,S10E36,-10,-36,182,30,Hsx,1,1,Alpha,2006-10-02
0915,S05W72,-5,72,290,60,Dso,6,2,Beta,2006-10-02
0913,S19E14,-19,-14,191,50,Hsx,3,3,Alpha,2006-10-03
0914,S10E22,-10,-22,183,20,Hsx,1,1,Alpha,2006-10-03
0915,S06W86,-6,86,291,30,Bxo,4,2,Beta,2006-10-03
0913,S19E01,-19,-1,191,50,Hax,2,2,Alpha,2006-10-04
0914,S09E09,-9,-9,183,10,Axx,1,1,Alpha,2006-10-04
0913,S19W12,-19,12,191,40,Hsx,2,2,Alpha,2006-10-05
0914,S09W04,-9,4,183,10,Hrx,1,1,Alpha,2006-10-05
0913,S20W23,-20,23,189,50,Cso,6,6,Beta,2006-10-06
0914,S10W18,-10,18,184,10,Hrx,1,1,Alpha,2006-10-06
0913,S21W37,-21,37,189,30,Hsx,2,2,Alpha,2006-10-07
0914,S12W31,-12,31,183,10,Axx,0,1,Alpha,2006-10-07
0913,S19W51,-19,51,189,30,Cso,4,3,Beta,2006-10-08
0914,S11W46,-11,46,184,20,Hrx,1,1,Alpha,2006-10-08
0913,S20W64,-20,64,189,20,Hsx,1,1,Alpha,2006-10-09
0914,S12W58,-12,58,183,10,Axx,1,1,Alpha,2006-10-09
0913,S26W76,-26,76,188,30,Axx,1,1,Alpha,2006-10-10
0916,S13W08,-13,8,107,10,Axx,1,1,Alpha,2006-10-11
0917,S05W04,-5,4,344,30,Bxo,4,4,Beta,2006-10-20
0917,S05W20,-5,20,347,30,Bxo,4,5,Beta,2006-10-21
0917,S05W33,-5,33,347,70,Cso,4,6,Beta,2006-10-22
0917,S05W46,-5,46,346,200,Dac,8,8,Beta-Gamma,2006-10-23
0917,S05W60,-5,60,347,160,Dai,10,24,Beta-Gamma,2006-10-24
0918,S04W72,-4,72,359,50,Cro,4,6,Beta,2006-10-24
0917,S05W73,-5,73,347,140,Cao,11,13,Beta,2006-10-25
0918,S04W85,-4,85,359,30,Hrx,2,2,Alpha,2006-10-25
0917,S05W86,-5,86,347,100,Cao,10,5,Beta,2006-10-26
0919,S15W01,-15,1,236,20,Bxo,4,4,Beta,2006-10-28
0919,S15W15,-15,15,236,20,Bxo,4,3,Beta,2006-10-29
0920,S07W82,-7,82,303,150,Eso,12,5,Beta,2006-10-29
0921,S06E58,-6,-58,137,50,Cro,5,5,Beta,2006-10-31
0921,S07E44,-7,-44,138,120,Dai,8,12,Beta-Gamma,2006-11-01
0922,S15E58,-15,-58,124,30,Cro,5,2,Beta,2006-11-01
0921,S07E30,-7,-30,139,270,Eai,13,22,Beta-Gamma,2006-11-02
0922,S14E44,-14,-44,125,40,Cso,6,4,Beta,2006-11-02
0921,S06E16,-6,-16,139,370,Ehi,14,31,Beta-Gamma,2006-11-03
0922,S14E31,-14,-31,124,90,Dso,7,8,Beta,2006-11-03
0921,S06E02,-6,-2,140,250,Esi,14,26,Beta-Gamma,2006-11-04
0922,S13E18,-13,-18,124,70,Dso,7,11,Beta,2006-11-04
0921,S06W11,-6,11,140,320,Eai,14,22,Beta-Gamma,2006-11-05
0922,S14E03,-14,-3,126,80,Dso,8,10,Beta,2006-11-05
0921,S08W24,-8,24,140,290,Eso,13,26,Beta-Gamma,2006-11-06
0922,S09W13,-9,13,129,90,Cao,10,16,Beta,2006-11-06
0921,S06W39,-6,39,142,140,Eao,12,9,Beta-Gamma,2006-11-07
0922,S08W24,-8,24,127,20,Axx,0,1,Alpha,2006-11-07
0921,S07W52,-7,52,142,80,Dso,10,4,Beta,2006-11-08
0922,S13W37,-13,37,127,10,Hsx,7,2,Alpha,2006-11-08
0921,S06W66,-6,66,142,100,Dso,9,6,Beta,2006-11-09
0922,S12W50,-12,50,126,10,Axx,1,1,Alpha,2006-11-09
0923,S05E71,-5,-71,5,280,Hkx,4,1,Alpha,2006-11-09
0921,S06W79,-6,79,142,70,Dso,9,3,Beta,2006-11-10
0923,S06E59,-6,-59,4,450,Hkx,5,6,Alpha,2006-11-10
0923,S05E46,-5,-46,4,530,Hkx,6,3,Alpha,2006-11-11
0923,S04E34,-4,-34,3,620,Hkx,6,3,Alpha,2006-11-12
0923,S04E22,-4,-22,3,610,Dki,7,8,Beta,2006-11-13
0923,S05E07,-5,-7,3,640,Cko,6,7,Beta,2006-11-14
0924,S07E59,-7,-59,311,70,Cao,11,3,Beta,2006-11-14
0923,S05W05,-5,5,2,660,Cko,8,7,Beta,2006-11-15
0924,S08E44,-8,-44,313,40,Dso,6,3,Beta,2006-11-15
0925,S06E52,-6,-52,305,100,Hax,3,1,Alpha,2006-11-15
0923,S05W20,-5,20,4,610,Cko,6,11,Beta,2006-11-16
0924,S08E28,-8,-28,316,30,Dso,4,5,Beta,2006-11-16
0925,S05E38,-5,-38,306,40,Cao,3,4,Beta,2006-11-16
0923,S05W33,-5,33,3,580,Cko,6,5,Beta,2006-11-17
0924,S08E16,-8,-16,315,50,Dao,5,5,Beta,2006-11-17
0925,S05E26,-5,-26,305,60,Hsx,3,2,Alpha,2006-11-17
0923,S05W48,-5,48,6,510,Cho,5,2,Beta,2006-11-18
0924,S08E00,-8,0,318,40,Cao,5,4,Beta,2006-11-18
0925,S05E11,-5,-11,307,20,Hrx,2,2,Alpha,2006-11-18
0923,S05W61,-5,61,6,510,Cko,5,4,Beta,2006-11-19
0924,S09W15,-9,15,320,30,Cao,5,2,Alpha,2006-11-19
0925,S07E00,-7,0,305,40,Cso,5,3,Beta,2006-11-19
0923,S05W74,-5,74,5,510,Hkx,5,2,Alpha,2006-11-20
0924,S09W30,-9,30,321,20,Cso,1,2,Beta,2006-11-20
0925,S09W13,-9,13,305,20,Cso,3,4,Alpha,2006-11-20
0923,S06W88,-6,88,6,310,Hhx,6,1,Alpha,2006-11-21
0924,S09W43,-9,43,321,20,Hrx,1,1,Alpha,2006-11-21
0925,S07W27,-7,27,305,10,Axx,1,1,Alpha,2006-11-21
0924,S09W56,-9,56,321,10,Axx,1,1,Alpha,2006-11-22
0926,S08E73,-8,-73,140,260,Hkx,4,2,Alpha,2006-11-26
0926,S08E60,-8,-60,140,160,Hkx,4,2,Alpha,2006-11-27
0926,S08E47,-8,-47,140,250,Cko,10,6,Beta,2006-11-28
0927,N08E59,8,-59,128,30,Cro,3,4,Beta,2006-11-28
0926,S10E35,-10,-35,139,170,Cao,9,6,Beta,2006-11-29
0927,N10E46,10,-46,128,70,Cso,6,8,Beta,2006-11-29
0926,S10E19,-10,-19,141,210,Cao,8,5,Beta,2006-11-30
0927,N10E32,10,-32,128,120,Cai,4,8,Beta,2006-11-30
0926,S10E09,-10,-9,138,200,Eao,11,12,Beta,2006-12-01
0927,N10E19,10,-19,128,120,Cai,7,14,Beta,2006-12-01
0928,S07W32,-7,32,179,20,Cso,3,3,Beta,2006-12-01
0926,S09W04,-9,4,138,170,Dai,10,13,Beta,2006-12-02
0927,N09E06,9,-6,128,110,Dsi,6,12,Beta,2006-12-02
0928,S08W45,-8,45,179,30,Cso,2,3,Beta,2006-12-02
0926,S09W18,-9,18,140,200,Eac,11,18,Beta-Gamma,2006-12-03
0927,N09W08,9,8,129,60,Cso,5,6,Beta,2006-12-03
0928,S07W58,-7,58,179,20,Hsx,1,1,Alpha,2006-12-03
0926,S10W25,-10,25,133,180,Eao,11,11,Beta-Gamma,2006-12-04
0927,N08W21,8,21,129,60,Cso,4,3,Beta,2006-12-04
0928,S07W72,-7,72,180,20,Axx,2,2,Alpha,2006-12-04
0926,S10W43,-10,43,138,100,Eao,11,10,Beta,2006-12-05
0927,N08W35,8,35,130,60,Hax,2,1,Alpha,2006-12-05
0929,N02E67,2,-67,28,30,Bxo,3,2,Beta,2006-12-05
0926,S09W57,-9,57,138,140,Eao,11,11,Beta,2006-12-06
0927,N08W50,8,50,131,80,Hsx,2,1,Alpha,2006-12-06
0929,N03E54,3,-54,27,10,Bxo,5,2,Beta,2006-12-06
0930,S06E72,-6,-72,9,390,Dko,4,5,Beta,2006-12-06
0926,S08W70,-8,70,138,70,Eao,11,5,Beta,2006-12-07
0927,N08W62,8,62,130,60,Hsx,2,1,Alpha,2006-12-07
0930,S05E60,-5,-60,8,490,Dkc,7,8,Beta-Gamma-Delta,2006-12-07
0926,S08W82,-8,82,137,20,Bxo,4,2,Beta,2006-12-08
0927,N07W76,7,76,131,70,Hsx,2,2,Alpha,2006-12-08
0930,S06E45,-6,-45,10,430,Dki,8,14,Beta-Gamma-Delta,2006-12-08
0927,N08W88,8,88,130,50,Axx,1,1,Alpha,2006-12-09
0930,S05E32,-5,-32,10,420,Cko,8,11,Beta-Gamma,2006-12-09
0930,S04E19,-4,-19,10,380,Cko,6,3,Beta,2006-12-10
0930,S05E06,-5,-6,9,440,Cki,7,13,Beta-Gamma-Delta,2006-12-11
0930,S05W07,-5,7,9,480,Dki,7,18,Beta-Gamma-Delta,2006-12-12
0930,S06W21,-6,21,10,680,Dki,8,17,Beta-Gamma-Delta,2006-12-13
0930,S05W33,-5,33,9,670,Dki,8,11,Beta-Gamma-Delta,2006-12-14
0930,S05W47,-5,47,10,620,Dkc,7,13,Beta-Gamma-Delta,2006-12-15
0930,S06W59,-6,59,9,550,Dki,9,9,Beta-Gamma-Delta,2006-12-16
0930,S06W72,-6,72,7,480,Dkc,8,10,Beta-Gamma-Delta,2006-12-17
0930,S06W88,-6,88,10,230,Dkc,12,1,Beta-Gamma-Delta,2006-12-18
0931,S08E55,-8,-55,122,10,Axx,1,1,Alpha,2006-12-26
0932,S07E35,-7,-35,142,20,Cso,4,10,Beta,2006-12-26
0931,S08E39,-8,-39,125,10,Axx,1,1,Alpha,2006-12-27
0932,S07E21,-7,-21,143,20,Cso,4,4,Beta,2006-12-27
0931,S07E27,-7,-27,123,10,Axx,1,1,Alpha,2006-12-28
0932,S08E08,-8,-8,142,10,Bxo,4,2,Beta,2006-12-28
0933,S04E78,-4,-78,33,60,Axx,1,1,Alpha,2006-12-31
0933,S03E66,-3,-66,32,210,Cao,9,4,Beta,2007-01-01
0934,N04E64,4,-64,34,50,Cro,3,4,Beta,2007-01-01
0933,S05E52,-5,-52,32,220,Dso,8,6,Beta,2007-01-02
0934,N03E51,3,-51,33,40,Hax,2,2,Alpha,2007-01-02
0933,S03E40,-3,-40,31,290,Dao,9,6,Beta,2007-01-03
0934,N05E38,5,-38,33,40,Hax,2,4,Alpha,2007-01-03
0933,S04E27,-4,-27,31,310,Cho,9,5,Beta,2007-01-04
0934,N04E24,4,-24,34,20,Hrx,1,2,Alpha,2007-01-04
0935,S06E51,-6,-51,7,240,Hhx,3,1,Alpha,2007-01-04
0933,S04E13,-4,-13,32,220,Dao,6,4,Beta,2007-01-05
0934,N04E11,4,-11,34,30,Hsx,1,1,Alpha,2007-01-05
0935,S06E37,-6,-37,8,270,Hhx,4,1,Alpha,2007-01-05
0933,S03E00,-3,0,33,250,Dao,10,11,Beta,2007-01-06
0934,N04W02,4,2,35,20,Hrx,1,1,Alpha,2007-01-06
0935,S05E24,-5,-24,9,240,Hax,3,1,Alpha,2007-01-06
0933,S04W14,-4,14,33,170,Cao,9,2,Beta,2007-01-07
0934,N03W14,3,14,33,10,Hrx,1,2,Alpha,2007-01-07
0935,S06E10,-6,-10,9,220,Hax,4,1,Alpha,2007-01-07
0936,N10E41,10,-41,338,20,Hrx,1,2,Alpha,2007-01-07
0933,S05W27,-5,27,33,180,Hkx,4,2,Alpha,2007-01-08
0934,N04W28,4,28,34,10,Axx,1,1,Alpha,2007-01-08
0935,S07W02,-7,2,8,250,Cho,3,2,Beta,2007-01-08
0936,N09E28,9,-28,338,10,Axx,1,1,Alpha,2007-01-08
0933,S05W44,-5,44,37,230,Cki,7,8,Beta,2007-01-09
0935,S07W16,-7,16,9,250,Hkx,3,1,Alpha,2007-01-09
0936,N10E15,10,-15,338,10,Axx,1,1,Alpha,2007-01-09
0937,S14E07,-14,-7,346,20,Cso,4,2,Beta,2007-01-09
0933,S06W56,-6,56,36,310,Dhi,5,5,Beta,2007-01-10
0935,S08W28,-8,28,8,250,Hhx,3,1,Alpha,2007-01-10
0937,S12W06,-12,6,346,20,Bxo,5,5,Beta,2007-01-10
0933,S04W70,-4,70,37,230,Cao,5,5,Beta,2007-01-11
0935,S07W41,-7,41,8,230,Hhx,3,1,Alpha,2007-01-11
0937,S14W21,-14,21,348,20,Cso,3,3,Beta,2007-01-11
0933,S05W84,-5,84,38,100,Hhx,6,2,Alpha,2007-01-12
0935,S08W54,-8,54,8,160,Hhx,4,1,Alpha,2007-01-12
0936,N14W04,14,4,318,10,Axx,1,1,Alpha,2007-01-12
0937,S14W36,-14,36,350,20,Hsx,1,1,Alpha,2007-01-12
0933,S06W90,-6,90,34,110,Hax,4,1,Alpha,2007-01-13
0935,S08W67,-8,67,7,190,Hsx,4,1,Alpha,2007-01-13
0937,S14W49,-14,49,349,10,Hsx,1,1,Alpha,2007-01-13
0935,S08W81,-8,81,8,190,Hax,3,1,Alpha,2007-01-14
0937,S14W62,-14,62,349,20,Axx,1,1,Alpha,2007-01-14
0938,N02E61,2,-61,226,110,Dso,5,4,Beta,2007-01-14
0935,S08W94,-8,94,8,60,Hax,1,1,Alpha,2007-01-15
0938,N02E48,2,-48,226,120,Dso,5,6,Beta,2007-01-15
0938,N02E35,2,-35,226,90,Dso,7,6,Beta,2007-01-16
0938,N02E22,2,-22,226,60,Dso,7,8,Beta,2007-01-17
0938,N03E10,3,-10,224,10,Bxo,6,7,Beta,2007-01-18
0938,N01W06,1,6,227,30,Bxi,12,13,Beta,2007-01-19
0938,N07W13,7,13,221,30,Cro,12,5,Beta,2007-01-20
0938,N04W27,4,27,222,20,Axx,2,3,Alpha,2007-01-21
0939,S03W17,-3,17,212,100,Cai,4,8,Beta,2007-01-21
0939,S04W30,-4,30,212,110,Dac,5,8,Beta,2007-01-22
0939,S04W43,-4,43,212,120,Dso,5,13,Beta,2007-01-23
0939,S03W55,-3,55,210,170,Dai,6,8,Beta,2007-01-24
0939,S04W69,-4,69,211,160,Dao,6,5,Beta,2007-01-25
0939,S06W83,-6,83,212,60,Axx,2,1,Alpha,2007-01-26
0940,S06E77,-6,-77,39,120,Hax,1,1,Alpha,2007-01-27
0940,S06E62,-6,-62,41,170,Hax,4,1,Alpha,2007-01-28
0940,S06E49,-6,-49,40,180,Dao,7,3,Beta,2007-01-29
0940,S05E35,-5,-35,41,240,Dso,6,6,Beta,2007-01-30
0941,S09E69,-9,-69,7,110,Hsx,5,1,Alpha,2007-01-30
0940,S04E21,-4,-21,42,280,Dao,7,12,Beta,2007-01-31
0941,S06E56,-6,-56,7,130,Hsx,3,1,Alpha,2007-01-31
0940,S04E09,-4,-9,41,290,Dsi,10,11,Beta,2007-02-01
0941,S08E43,-8,-43,7,150,Hhx,3,1,Alpha,2007-02-01
0940,S04W06,-4,6,43,290,Dso,7,10,Beta,2007-02-02
0941,S07E29,-7,-29,8,150,Hsx,2,1,Alpha,2007-02-02
0940,S04W19,-4,19,43,250,Dhi,8,15,Beta,2007-02-03
0941,S07E17,-7,-17,7,140,Hsx,3,1,Alpha,2007-02-03
0940,S04W31,-4,31,41,210,Dai,8,14,Beta,2007-02-04
0941,S07E04,-7,-4,6,140,Hax,2,1,Alpha,2007-02-04
0940,S05W44,-5,44,41,190,Dso,7,7,Beta,2007-02-05
0941,S07W10,-7,10,7,120,Hsx,3,1,Alpha,2007-02-05
0940,S05W58,-5,58,43,180,Cao,7,4,Beta,2007-02-06
0941,S07W22,-7,22,7,120,Hsx,3,1,Alpha,2007-02-06
0940,S05W71,-5,71,43,130,Cso,5,2,Beta,2007-02-07
0941,S07W35,-7,35,7,190,Hsx,3,1,Alpha,2007-02-07
0940,S05W84,-5,84,43,120,Hax,2,1,Alpha,2007-02-08
0941,S07W48,-7,48,7,120,Hsx,2,2,Alpha,2007-02-08
0940,S05W97,-5,97,43,120,Hsx,2,1,Alpha,2007-02-09
0941,S07W61,-7,61,7,110,Hsx,2,1,Alpha,2007-02-09
0941,S07W75,-7,75,7,110,Hsx,2,1,Alpha,2007-02-10
0941,S07W89,-7,89,8,120,Hsx,2,1,Alpha,2007-02-11
0942,S13E69,-13,-69,131,60,Cao,3,2,Beta,2007-02-17
0942,S11E55,-11,-55,132,20,Hsx,1,1,Alpha,2007-02-18
0942,S12E41,-12,-41,133,40,Cso,3,2,Beta,2007-02-19
0942,S12E28,-12,-28,132,60,Cso,2,3,Beta,2007-02-20
0943,S12E04,-12,-4,156,50,Cao,3,3,Beta,2007-02-20
0942,S11E15,-11,-15,132,40,Bxo,2,4,Beta,2007-02-21
0943,S12W10,-12,10,157,40,Bxo,3,3,Beta,2007-02-21
0942,S11E05,-11,-5,129,50,Dso,9,4,Beta,2007-02-22
0942,S10W09,-10,9,130,20,Bxo,8,4,Beta,2007-02-23
0944,S10E75,-10,-75,46,120,Hsx,3,1,Alpha,2007-02-23
0942,S11W26,-11,26,133,10,Axx,1,1,Alpha,2007-02-24
0944,S03E61,-3,-61,46,110,Hsx,3,1,Alpha,2007-02-24
0944,S07E49,-7,-49,44,90,Hsx,3,1,Alpha,2007-02-25
0944,S08E37,-8,-37,43,110,Hsx,3,2,Alpha,2007-02-26
0944,S07E22,-7,-22,45,110,Hkx,3,1,Alpha,2007-02-27
0945,S06E60,-6,-60,7,20,Hsx,2,1,Alpha,2007-02-27
0944,S06E11,-6,-11,43,100,Hsx,2,1,Alpha,2007-02-28
0945,S05E48,-5,-48,6,20,Axx,1,2,Alpha,2007-02-28
0944,S06W04,-6,4,45,100,Hsx,2,1,Alpha,2007-03-01
0945,S05E34,-5,-34,7,30,Axx,1,1,Alpha,2007-03-01
0944,S06W17,-6,17,45,90,Hsx,2,1,Alpha,2007-03-02
0944,S05W30,-5,30,44,90,Hsx,3,1,Alpha,2007-03-03
0945,S07E11,-7,-11,3,70,Dao,2,2,Beta,2007-03-03
0944,S06W43,-6,43,44,90,Hsx,2,1,Alpha,2007-03-04
0944,S06W57,-6,57,45,60,Hax,2,1,Alpha,2007-03-05
0945,S06W17,-6,17,5,10,Axx,3,3,Alpha,2007-03-05
0944,S05W70,-5,70,45,60,Hsx,2,2,Alpha,2007-03-06
0945,S06W30,-6,30,5,20,Dro,3,5,Beta,2007-03-06
0944,S07W84,-7,84,46,20,Axx,1,1,Alpha,2007-03-07
0945,S06W43,-6,43,5,30,Bxo,2,5,Beta,2007-03-07
0945,S07W56,-7,56,4,10,Axx,1,1,Alpha,2007-03-08
0946,N10W46,10,46,315,30,Bxo,5,6,Beta,2007-03-11
0946,N10W59,10,59,315,70,Dso,5,4,Beta,2007-03-12
0946,N07W72,7,72,315,20,Hsx,2,1,Alpha,2007-03-13
0947,S13W60,-13,60,158,20,Cso,3,4,Beta,2007-03-24
0947,S14W74,-14,74,159,20,Hsx,1,1,Alpha,2007-03-25
0947,S15W86,-15,86,158,10,Axx,1,1,Alpha,2007-03-26
0948,S02W44,-2,44,103,30,Dao,4,7,Beta,2007-03-27
0948,S02W56,-2,56,102,20,Axx,1,1,Alpha,2007-03-28
0948,S02W70,-2,70,103,10,Axx,1,1,Alpha,2007-03-29
0949,N07E62,7,-62,331,70,Hax,3,2,Alpha,2007-03-29
0949,N06E48,6,-48,331,40,Cso,4,4,Beta,2007-03-30
0949,N07E34,7,-34,332,10,Bxo,3,3,Beta,2007-03-31
0949,N06E21,6,-21,332,20,Cso,5,5,Beta,2007-04-01
0949,N08E08,8,-8,332,50,Cro,4,3,Beta,2007-04-02
0949,N07W05,7,5,332,20,Axx,3,2,Alpha,2007-04-03
0949,N08W19,8,19,332,10,Axx,1,1,Alpha,2007-04-04
0950,S12W32,-12,32,345,10,Bxo,2,2,Beta,2007-04-04
0951,S12E31,-12,-31,137,10,Axx,1,1,Alpha,2007-04-15
0952,S08W73,-8,73,202,20,Hrx,2,2,Alpha,2007-04-18
0951,S12W18,-12,18,134,10,Axx,1,1,Alpha,2007-04-19
0953,S14E73,-14,-73,310,230,Hsx,4,4,Alpha,2007-04-26
0953,S10E61,-10,-61,309,450,Hkx,11,7,Alpha,2007-04-27
0953,S10E49,-10,-49,308,500,Dkc,7,8,Beta-Delta,2007-04-28
0953,S10E36,-10,-36,308,520,Dkc,8,10,Beta-Gamma,2007-04-29
0953,S10E23,-10,-23,308,500,Dki,5,8,Beta-Gamma-Delta,2007-04-30
0953,S10E09,-10,-9,308,480,Dki,5,13,Beta-Gamma-Delta,2007-05-01
0954,S05E29,-5,-29,288,30,Cao,4,5,Beta,2007-05-01
0953,S12W04,-12,4,308,440,Cko,7,8,Beta-Gamma,2007-05-02
0954,S06E16,-6,-16,288,40,Bxo,3,4,Beta,2007-05-02
0953,S10W17,-10,17,308,420,Cko,7,10,Beta,2007-05-03
0954,S06E01,-6,-1,290,30,Bxo,3,3,Beta,2007-05-03
0953,S11W30,-11,30,308,380,Cko,7,10,Beta,2007-05-04
0954,S07W12,-7,12,290,20,Bxo,2,3,Beta,2007-05-04
0953,S10W44,-10,44,308,330,Cko,6,9,Beta,2007-05-05
0953,S10W57,-10,57,307,260,Cko,5,8,Beta,2007-05-06
0953,S10W69,-10,69,305,120,Cao,5,4,Beta,2007-05-07
0953,S11W82,-11,82,305,190,Hkx,3,2,Alpha,2007-05-08
0953,S11W98,-11,98,308,90,Axx,3,2,Alpha,2007-05-09
0955,S10E22,-10,-22,175,250,Dao,5,8,Beta,2007-05-10
0955,S09E08,-9,-8,176,80,Dso,6,10,Beta,2007-05-11
0955,S09W06,-9,6,176,150,Dao,8,14,Beta,2007-05-12
0955,S09W21,-9,21,178,90,Dao,8,11,Beta,2007-05-13
0955,S09W35,-9,35,179,50,Cao,10,8,Beta,2007-05-14
0955,S09W45,-9,45,176,50,Cso,8,5,Beta,2007-05-15
0956,N02E61,2,-61,70,80,Cao,5,4,Beta,2007-05-15
0955,S07W58,-7,58,176,10,Bxo,6,3,Beta,2007-05-16
0956,N02E48,2,-48,70,130,Dso,5,14,Beta-Gamma,2007-05-16
0955,S07W77,-7,77,182,10,Axx,1,1,Alpha,2007-05-17
0956,N02E35,2,-35,70,220,Dkc,6,22,Beta-Gamma-Delta,2007-05-17
0957,S04W34,-4,34,139,10,Bxo,3,3,Beta,2007-05-17
0956,N02E21,2,-21,70,300,Dkc,7,20,Beta-Gamma-Delta,2007-05-18
0956,N03E07,3,-7,71,280,Dko,6,22,Beta-Gamma-Delta,2007-05-19
0957,S05W60,-5,60,138,30,Cro,5,3,Beta,2007-05-19
0956,N02W06,2,6,71,150,Dac,7,21,Beta-Gamma,2007-05-20
0957,S05W74,-5,74,139,30,Bxo,4,3,Beta,2007-05-20
0956,N04W18,4,18,70,190,Dai,5,13,Beta,2007-05-21
0956,N03W32,3,32,71,90,Dao,4,5,Beta,2007-05-22
0956,N03W46,3,46,71,40,Bxo,2,4,Beta,2007-05-23
0956,N03W60,3,60,72,20,Cso,2,2,Beta,2007-05-24
0958,S13E62,-13,-62,231,30,Axx,1,1,Alpha,2007-05-30
0958,S13E49,-13,-49,231,30,Hax,1,2,Alpha,2007-05-31
0958,S13E35,-13,-35,232,0,Axx,1,1,Alpha,2007-06-01
0958,S13E22,-13,-22,232,10,Bxo,5,4,Beta,2007-06-02
0959,S12E49,-12,-49,205,10,Bxo,4,2,Beta,2007-06-02
0960,S06E73,-6,-73,181,320,Dki,10,5,Beta,2007-06-02
0958,S12E13,-12,-13,227,10,Hsx,1,1,Alpha,2007-06-03
0959,S12E36,-12,-36,204,30,Cso,4,2,Beta,2007-06-03
0960,S07E62,-7,-62,178,480,Fkc,16,12,Beta-Gamma-Delta,2007-06-03
0958,S09W03,-9,3,230,10,Bxo,2,2,Beta,2007-06-04
0959,S10E27,-10,-27,200,20,Bxo,4,3,Beta,2007-06-04
0960,S09E50,-9,-50,177,540,Fkc,16,23,Beta-Gamma-Delta,2007-06-04
0959,S10E11,-10,-11,203,10,Axx,1,1,Alpha,2007-06-05
0960,S08E38,-8,-38,176,480,Fkc,16,37,Beta-Gamma-Delta,2007-06-05
0958,S12W26,-12,26,227,30,Bxo,3,4,Beta,2007-06-06
0960,S07E24,-7,-24,177,410,Ekc,15,39,Beta-Gamma-Delta,2007-06-06
0958,S13W40,-13,40,228,10,Bxo,4,3,Beta,2007-06-07
0960,S07E11,-7,-11,177,280,Esi,15,24,Beta-Gamma,2007-06-07
0958,S12W54,-12,54,227,0,Axx,0,1,Alpha,2007-06-08
0959,S11W31,-11,31,204,30,Bxi,5,9,Beta,2007-06-08
0960,S07W03,-7,3,176,270,Esi,14,19,Beta-Gamma,2007-06-08
0958,S12W67,-12,67,227,0,Axx,0,1,Alpha,2007-06-09
0959,S10W44,-10,44,204,10,Bxo,6,5,Beta,2007-06-09
0960,S08W17,-8,17,177,240,Esc,12,15,Beta,2007-06-09
0960,S06W32,-6,32,179,150,Dao,10,9,Beta,2007-06-10
0960,S05W46,-5,46,180,130,Dso,8,4,Beta,2007-06-11
0960,S05W59,-5,59,180,80,Dso,7,3,Beta,2007-06-12
0960,S05W71,-5,71,179,80,Hsx,5,2,Alpha,2007-06-13
0960,S05W85,-5,85,179,70,Cao,4,2,Beta,2007-06-14
0961,S09E77,-9,-77,219,110,Hsx,4,1,Alpha,2007-06-26
0961,S11E60,-11,-60,223,110,Hsx,5,1,Alpha,2007-06-27
0961,S11E50,-11,-50,220,180,Cko,7,5,Beta,2007-06-28
0961,S11E36,-11,-36,221,180,Cso,4,5,Beta,2007-06-29
0962,S12E67,-12,-67,190,40,Bxo,6,2,Beta,2007-06-29
0961,S13E23,-13,-23,220,130,Cso,4,6,Beta,2007-06-30
0962,S10E55,-10,-55,188,20,Bxo,7,2,Beta,2007-06-30
0961,S12E09,-12,-9,221,210,Dac,5,14,Beta,2007-07-01
0962,S10E37,-10,-37,193,30,Axx,3,2,Alpha,2007-07-01
0961,S10W04,-10,4,221,140,Dso,4,8,Beta,2007-07-02
0962,S08E25,-8,-25,189,10,Axx,1,2,Alpha,2007-07-02
0961,S09W17,-9,17,222,90,Cao,3,3,Beta,2007-07-03
0961,S09W31,-9,31,221,90,Hsx,3,2,Alpha,2007-07-04
0961,S09W44,-9,44,220,100,Hsx,3,3,Alpha,2007-07-05
0961,S08W57,-8,57,220,60,Hsx,2,3,Alpha,2007-07-06
0962,S05W25,-5,25,188,60,Axx,2,1,Alpha,2007-07-06
0961,S09W71,-9,71,221,50,Hsx,3,2,Alpha,2007-07-07
0961,S08W86,-8,86,223,60,Hsx,3,2,Alpha,2007-07-08
0963,S09E83,-9,-83,54,50,Axx,5,1,Alpha,2007-07-08
0963,S07E66,-7,-66,58,150,Dao,4,6,Beta,2007-07-09
0963,S07E54,-7,-54,57,260,Dai,10,10,Beta-Gamma,2007-07-10
0963,S06E40,-6,-40,57,530,Ehi,13,15,Beta-Gamma,2007-07-11
0963,S06E28,-6,-28,56,370,Ekc,13,18,Beta,2007-07-12
0963,S05E15,-5,-15,56,430,Ekc,13,15,Beta,2007-07-13
0963,S06E01,-6,-1,56,310,Ekc,12,11,Beta,2007-07-14
0964,N04W30,4,30,87,40,Cao,5,7,Beta,2007-07-14
0963,S06W14,-6,14,58,200,Eac,13,14,Beta,2007-07-15
0964,N03W40,3,40,84,50,Dso,6,7,Beta,2007-07-15
0963,S06W27,-6,27,57,270,Eai,13,16,Beta,2007-07-16
0964,N02W54,2,54,84,50,Cso,7,5,Beta,2007-07-16
0963,S05W40,-5,40,57,240,Eao,13,9,Beta,2007-07-17
0964,N03W71,3,71,88,20,Axx,1,1,Alpha,2007-07-17
0963,S06W53,-6,53,57,240,Eao,12,7,Beta,2007-07-18
0963,S05W67,-5,67,58,210,Cao,13,3,Beta,2007-07-19
0963,S04W86,-4,86,64,110,Hsx,4,2,Alpha,2007-07-20
0965,S11E24,-11,-24,195,30,Cso,2,3,Beta,2007-07-29
0965,S11E10,-11,-10,196,40,Cso,3,4,Beta,2007-07-30
0965,S10W04,-10,4,197,10,Bxo,2,3,Beta,2007-07-31
0965,S12W15,-12,15,194,10,Axx,1,1,Alpha,2007-08-01
0966,S04E74,-4,-74,66,10,Hsx,1,1,Alpha,2007-08-04
0966,S05E62,-5,-62,64,30,Hsx,2,1,Alpha,2007-08-05
0966,S07E46,-7,-46,67,10,Axx,2,1,Alpha,2007-08-06
0966,S06E34,-6,-34,65,30,Dso,4,6,Beta,2007-08-07
0966,S06E21,-6,-21,65,20,Hsx,2,3,Alpha,2007-08-08
0966,S06E07,-6,-7,66,40,Dso,3,4,Beta,2007-08-09
0967,N05W75,5,75,148,50,Axx,1,1,Alpha,2007-08-09
0966,S06W07,-6,7,67,40,Cso,3,4,Beta,2007-08-10
0966,S06W20,-6,20,67,30,Cro,3,4,Beta,2007-08-11
0966,S08W33,-8,33,66,20,Bxo,3,3,Beta,2007-08-12
0966,S06W47,-6,47,67,10,Axx,1,1,Alpha,2007-08-13
0968,N03W19,3,19,26,20,Bxo,4,3,Beta,2007-08-14
0968,N05W28,5,28,22,20,Bxo,4,4,Beta,2007-08-15
0969,S06E73,-6,-73,189,90,Hsx,7,1,Alpha,2007-08-22
0969,S06E61,-6,-61,187,100,Hsx,3,2,Alpha,2007-08-23
0969,S05E47,-5,-47,188,100,Hax,2,2,Alpha,2007-08-24
0969,S05E35,-5,-35,187,90,Hax,2,2,Alpha,2007-08-25
0969,S05E22,-5,-22,187,110,Cso,4,4,Beta,2007-08-26
0969,S05E08,-5,-8,188,80,Hhx,4,3,Alpha,2007-08-27
0969,S05W05,-5,5,188,100,Hax,3,2,Alpha,2007-08-28
0969,S05W19,-5,19,188,110,Cso,2,4,Beta,2007-08-29
0969,S05W30,-5,30,186,100,Cho,4,3,Beta,2007-08-30
0969,S06W45,-6,45,188,90,Hsx,6,5,Alpha,2007-08-31
0969,S08W58,-8,58,188,120,Dso,5,4,Beta,2007-09-01
0969,S06W72,-6,72,189,30,Hrx,1,1,Alpha,2007-09-02
0970,S06W07,-6,7,124,50,Cso,6,5,Beta,2007-09-02
0970,S07W21,-7,21,124,30,Cso,4,4,Beta,2007-09-03
0970,S07W34,-7,34,124,30,Bxo,6,5,Beta,2007-09-04
0970,S07W44,-7,44,121,20,Bxo,4,4,Beta,2007-09-05
0970,S09W63,-9,63,127,30,Bxo,5,5,Beta,2007-09-06
0970,S07W75,-7,75,126,10,Bxo,5,2,Beta,2007-09-07
0971,N03E07,3,-7,113,40,Cro,4,5,Beta,2007-09-29
0971,N03W06,3,6,112,50,Cro,4,6,Beta,2007-09-30
0971,N02W19,2,19,112,40,Bxo,4,7,Beta,2007-10-01
0971,S01W32,-1,32,112,20,Bxo,3,2,Beta,2007-10-02
0972,S05W06,-5,6,20,60,Cro,6,5,Beta,2007-10-07
0972,S06W19,-6,19,20,20,Bxo,6,3,Beta,2007-10-08
0973,S11W54,-11,54,19,10,Axx,1,1,Alpha,2007-11-07
0974,N12W04,12,4,200,20,Bxo,2,3,Beta,2007-11-17
0974,N13W21,13,21,201,40,Dao,3,3,Beta-Gamma,2007-11-18
0975,N02W15,2,15,103,20,Bxo,2,5,Beta,2007-11-25
0975,N02W27,2,27,102,10,Bxo,3,2,Beta,2007-11-26
0975,N03W38,3,38,100,10,Axx,1,1,Alpha,2007-11-27
0976,S08E27,-8,-27,329,30,Bxo,3,3,Beta,2007-12-02
0976,S09E10,-9,-10,333,10,Bxo,2,2,Beta,2007-12-03
0977,S05E53,-5,-53,290,30,Bxo,4,4,Beta,2007-12-03
0977,S06E40,-6,-40,289,30,Cso,3,3,Beta,2007-12-04
0977,S05E26,-5,-26,290,30,Dso,4,3,Beta,2007-12-05
0977,S06E13,-6,-13,290,20,Dso,3,3,Beta,2007-12-06
0977,S05W03,-5,3,293,10,Bxo,3,4,Beta,2007-12-07
0978,S09E68,-9,-68,222,70,Dso,6,5,Beta,2007-12-07
0978,S09E54,-9,-54,223,90,Dao,8,14,Beta,2007-12-08
0978,S10E39,-10,-39,225,160,Dkc,10,12,Beta,2007-12-09
0979,N07W65,7,65,329,50,Dso,7,4,Beta,2007-12-09
0978,S09E26,-9,-26,225,220,Dkc,10,20,Beta,2007-12-10
0979,N08W78,8,78,329,80,Hax,4,2,Alpha,2007-12-10
0978,S01E14,-1,-14,223,250,Esi,12,22,Beta-Gamma,2007-12-11
0979,N08W93,8,93,330,60,Hax,1,1,Alpha,2007-12-11
0978,S07E01,-7,-1,223,240,Eai,12,34,Beta-Gamma,2007-12-12
0978,S06W12,-6,12,223,200,Dai,10,29,Beta-Gamma,2007-12-13
0978,S08W25,-8,25,224,340,Dac,10,29,Beta-Gamma-Delta,2007-12-14
0978,S09W40,-9,40,224,290,Dkc,10,25,Beta,2007-12-15
0978,S10W52,-10,52,223,340,Dac,10,29,Beta,2007-12-16
0978,S10W65,-10,65,223,240,Dai,10,18,Beta-Gamma,2007-12-17
0978,S09W78,-9,78,223,100,Cao,6,4,Beta,2007-12-18
0978,S08W91,-8,91,223,120,Cao,3,4,Beta,2007-12-19
0980,S07E69,-7,-69,238,30,Bxo,2,2,Alpha,2008-01-02
0980,S08E58,-8,-58,236,30,Cso,4,3,Beta,2008-01-03
0980,S06E42,-6,-42,239,20,Hsx,2,3,Alpha,2008-01-04
0980,S06E29,-6,-29,239,10,Axx,1,3,Alpha,2008-01-05
0981,N30E22,30,-22,246,20,Cso,3,3,Beta,2008-01-05
0981,N29E14,29,-14,241,20,Bxo,1,2,Beta,2008-01-06
0981,N27W04,27,4,246,20,Axx,2,2,Alpha,2008-01-07
0980,S06W03,-6,3,232,20,Dso,3,4,Beta,2008-01-08
0980,S08W23,-8,23,239,20,Axx,4,6,Alpha,2008-01-09
0982,S09E53,-9,-53,246,20,Bxo,4,3,Beta,2008-01-30
0982,S09E40,-9,-40,246,60,Bxo,5,4,Beta,2008-01-31
0982,S08E25,-8,-25,248,50,Dso,5,5,Beta,2008-02-01
0982,S10E14,-10,-14,245,30,Cro,7,9,Beta,2008-02-02
0982,S08W02,-8,2,248,20,Bxo,4,6,Beta,2008-02-03
0982,S08W16,-8,16,249,10,Bxo,2,4,Beta,2008-02-04
0982,S09W27,-9,27,247,10,Bxo,4,4,Beta,2008-02-05
0983,S01W39,-1,39,342,20,Axx,4,2,Alpha,2008-02-26
0983,S06W54,-6,54,344,30,Bxo,4,3,Beta,2008-02-27
0983,S05W67,-5,67,344,30,Bxo,5,2,Beta,2008-02-28
0983,S06W81,-6,81,344,30,Bxo,6,2,Beta,2008-02-29
0984,S05W69,-5,69,253,20,Bxo,3,3,Beta,2008-03-06
0984,S08W80,-8,80,251,30,Bxo,1,2,Beta,2008-03-07
0985,S10W83,-10,83,201,90,Bxo,5,2,Beta,2008-03-11
0986,S04W41,-4,41,94,20,Bxo,3,2,Beta,2008-03-16
0986,S04W56,-4,56,96,20,Bxo,2,2,Beta,2008-03-17
0986,S04W71,-4,71,98,10,Axx,0,1,Alpha,2008-03-18
0987,S08E50,-8,-50,258,40,Cso,3,4,Beta,2008-03-24
0987,S08E36,-8,-36,259,110,Dai,6,9,Beta,2008-03-25
0988,S09E59,-9,-59,236,100,Dsi,7,6,Beta,2008-03-25
0987,S08E23,-8,-23,259,130,Dac,8,10,Beta,2008-03-26
0988,S09E47,-9,-47,235,200,Dao,8,11,Beta,2008-03-26
0989,S10E77,-10,-77,205,50,Hax,2,1,Alpha,2008-03-26
0987,S08E09,-8,-9,259,170,Dao,8,15,Beta,2008-03-27
0988,S09E34,-9,-34,234,300,Dso,10,15,Beta,2008-03-27
0989,S12E63,-12,-63,205,50,Dao,4,3,Beta,2008-03-27
0987,S07W05,-7,5,260,170,Dai,8,11,Beta,2008-03-28
0988,S09E20,-9,-20,235,280,Dsi,10,14,Beta,2008-03-28
0989,S13E48,-13,-48,207,60,Dso,4,2,Beta,2008-03-28
0987,S08W18,-8,18,260,130,Dsi,8,14,Beta,2008-03-29
0988,S08E07,-8,-7,235,230,Eai,12,14,Beta,2008-03-29
0989,S12E36,-12,-36,206,50,Dao,5,5,Beta,2008-03-29
0987,S06W31,-6,31,260,90,Dso,8,6,Beta,2008-03-30
0988,S08W06,-8,6,235,220,Eai,11,10,Beta,2008-03-30
0989,S12E23,-12,-23,206,80,Cso,4,4,Beta,2008-03-30
0987,S06W46,-6,46,262,80,Dso,7,5,Beta,2008-03-31
0988,S06W21,-6,21,237,200,Cao,7,4,Beta,2008-03-31
0989,S12E08,-12,-8,208,20,Cso,2,2,Beta,2008-03-31
0987,S07W58,-7,58,261,50,Cro,4,5,Beta,2008-04-01
0988,S07W35,-7,35,238,190,Cao,6,9,Beta,2008-04-01
0989,S11W01,-11,1,204,10,Axx,0,1,Alpha,2008-04-01
0987,S08W75,-8,75,264,30,Hsx,1,1,Alpha,2008-04-02
0988,S07W50,-7,50,239,150,Dso,6,4,Beta,2008-04-02
0987,S08W89,-8,89,265,20,Axx,1,2,Alpha,2008-04-03
0988,S07W63,-7,63,239,200,Hsx,3,2,Alpha,2008-04-03
0988,S06W78,-6,78,241,70,Hsx,4,4,Alpha,2008-04-04
0990,N26E20,26,-20,358,10,Axx,1,1,Alpha,2008-04-15
0990,N27E05,27,-5,0,10,Bxo,3,2,Beta,2008-04-16
0991,S09E29,-9,-29,282,20,Bxo,2,3,Beta,2008-04-20
0991,S10E15,-10,-15,283,20,Axx,1,2,Alpha,2008-04-21
0992,N13W01,13,1,272,40,Cso,3,3,Beta,2008-04-23
0992,N13W17,13,17,275,40,Cso,4,3,Beta,2008-04-24
0992,N13W32,13,32,277,10,Axx,1,1,Alpha,2008-04-25
0993,S29E27,-29,-27,86,10,Bxo,3,3,Beta,2008-05-05
0993,S31E14,-31,-14,85,20,Bxo,4,5,Beta,2008-05-06
0994,S11E04,-11,-4,310,15,Axx,1,1,Alpha,2008-05-17
0995,N12E22,12,-22,292,10,Axx,1,1,Alpha,2008-05-17
0996,N13E59,13,-59,255,20,Bxo,6,2,Beta,2008-05-17
0995,N11E09,11,-9,292,10,Axx,4,1,Alpha,2008-05-18
0996,N10E46,10,-46,255,20,Bxo,5,2,Beta,2008-05-18
0994,S12W22,-12,22,310,50,Bxo,4,6,Beta,2008-05-19
0996,N10E32,10,-32,256,30,Bxo,4,4,Beta,2008-05-19
0994,S12W36,-12,36,310,20,Bxo,4,5,Beta,2008-05-20
0996,N09E18,9,-18,256,10,Bxo,4,3,Beta,2008-05-20
0994,S12W50,-12,50,311,10,Axx,1,1,Alpha,2008-05-21
0996,N10E05,10,-5,256,10,Bxo,2,2,Beta,2008-05-21
0997,S08W01,-8,1,183,10,Axx,1,2,Alpha,2008-05-27
0998,S09E53,-9,-53,291,40,Cro,4,4,Beta,2008-06-11
0998,S09E38,-9,-38,292,20,Hsx,1,1,Alpha,2008-06-12
0998,S09E26,-9,-26,291,30,Cso,4,3,Beta,2008-06-13
0998,S10E12,-10,-12,292,20,Cso,2,3,Beta,2008-06-14
0999,S02E60,-2,-60,204,20,Axx,1,1,Alpha,2008-06-17
0999,S02E46,-2,-46,205,20,Hsx,1,1,Alpha,2008-06-18
0999,S03E37,-3,-37,204,10,Hsx,1,1,Alpha,2008-06-19
0999,S03E20,-3,-20,205,10,Axx,1,1,Alpha,2008-06-20
0999,S02E06,-2,-6,206,10,Hsx,1,1,Alpha,2008-06-21
0999,S02W08,-2,8,207,10,Hsx,1,1,Alpha,2008-06-22
0999,S02W22,-2,22,207,10,Hsx,1,1,Alpha,2008-06-23
1000,S13E24,-13,-24,177,10,Hrx,1,1,Alpha,2008-07-19
1000,S12E10,-12,-10,178,20,Bxo,2,2,Beta,2008-07-20
1000,S12W05,-12,5,179,10,Axx,1,1,Alpha,2008-07-21
1001,N06E14,6,-14,179,20,Bxo,3,2,Beta,2008-09-12
1002,N25W27,25,27,76,30,Dso,5,8,Beta,2008-09-23
1002,N26W40,26,40,75,20,Cro,4,6,Beta,2008-09-24
1003,S23E28,-23,-28,222,10,Axx,1,2,Alpha,2008-10-05
1004,S08W17,-8,17,188,10,Axx,1,2,Alpha,2008-10-11
1005,N26E42,26,-42,116,40,Bxi,3,6,Beta,2008-10-12
1005,N27E28,27,-28,117,70,Cro,6,6,Beta,2008-10-13
1005,N26E13,26,-13,119,40,Cso,6,5,Beta,2008-10-14
1005,N27W02,27,2,120,20,Cso,3,4,Beta,2008-10-15
1005,N26W15,26,15,121,30,Cro,4,3,Beta,2008-10-16
1005,N26W29,26,29,121,30,Bxo,3,3,Beta,2008-10-17
1006,S27W63,-27,63,155,20,Axx,1,1,Alpha,2008-10-17
1006,S26W78,-26,78,157,30,Axx,1,1,Alpha,2008-10-18
1007,N35E15,35,-15,252,20,Bxo,4,3,Beta,2008-10-31
1007,N34E04,34,-4,250,30,Bxo,4,6,Beta,2008-11-01
1007,N35W10,35,10,251,20,Bxo,7,6,Beta,2008-11-02
1007,N35W25,35,25,253,60,Bxi,7,7,Beta,2008-11-03
1007,N35W38,35,38,252,80,Dso,8,8,Beta,2008-11-04
1007,N36W52,36,52,253,60,Cso,12,4,Beta,2008-11-05
1007,N35W72,35,72,260,30,Hsx,1,1,Alpha,2008-11-06
1007,N35W84,35,84,259,30,Hsx,1,1,Alpha,2008-11-07
1008,N33E01,33,-1,121,40,Dso,3,6,Beta,2008-11-11
1008,N33W09,33,9,118,80,Dso,6,8,Beta,2008-11-12
1008,N33W24,33,24,119,80,Dso,8,11,Beta,2008-11-13
1008,N33W38,33,38,120,70,Cao,8,6,Beta,2008-11-14
1008,N33W53,33,53,121,30,Cro,1,2,Beta,2008-11-15
1008,N32W65,32,65,120,50,Hsx,2,1,Alpha,2008-11-16
1008,N33W78,33,78,120,40,Hsx,2,1,Alpha,2008-11-17
1008,N33W91,33,91,120,10,Axx,2,1,Alpha,2008-11-18
1009,S26W59,-26,59,146,50,Dso,7,3,Beta,2008-12-11
1009,S25W73,-25,73,147,20,Bxo,5,2,Beta,2008-12-12
1009,S25W90,-25,90,151,20,Bxo,2,4,Beta,2008-12-13
1010,N18E33,18,-33,19,20,Bxo,3,4,Beta,2009-01-10
1010,N20E19,20,-19,20,30,Dso,5,7,Beta,2009-01-11
1010,N18E05,18,-5,21,50,Bxo,6,10,Beta,2009-01-12
1010,N19W08,19,8,21,10,Axx,1,2,Alpha,2009-01-13
1010,N18W20,18,20,19,10,Axx,1,1,Alpha,2009-01-14
1011,S12W25,-12,25,305,10,Bxo,3,3,Beta,2009-01-20
1012,S06E62,-6,-62,275,10,Axx,1,1,Alpha,2009-02-12
1012,S05E48,-5,-48,276,10,Axx,1,1,Alpha,2009-02-13
1012,S06E34,-6,-34,278,10,Axx,1,1,Alpha,2009-02-14
1013,N26E20,26,-20,146,20,Cso,2,2,Beta,2009-02-25
1013,N26E07,26,-7,146,10,Bxo,4,4,Beta,2009-02-26
1013,N26W06,26,6,146,10,Bxo,2,2,Beta,2009-02-27
1014,S04E00,-4,0,34,20,Bxo,2,2,Beta,2009-03-07
1014,S01W14,-1,14,35,20,Bxo,2,2,Beta,2009-03-08
1015,N22W65,22,65,213,10,Axx,0,1,Alpha,2009-04-22
1016,S08W64,-8,64,106,20,Cao,6,5,Beta,2009-04-30
1016,S07W79,-7,79,108,10,Axx,2,2,Alpha,2009-05-01
1017,N18E27,18,-27,190,10,Bxo,6,2,Beta,2009-05-14
1017,N18E17,18,-17,186,20,Bxo,7,8,Beta,2009-05-15
1017,N18E06,18,-6,184,10,Axx,1,2,Alpha,2009-05-16
1017,N18W09,18,9,186,20,Bxo,3,5,Beta,2009-05-17
1017,N18W21,18,21,185,10,Bxo,3,3,Beta,2009-05-18
1017,N18W35,18,35,185,30,Bxo,3,4,Beta,2009-05-19
1017,N17W50,17,50,187,10,Hrx,0,1,Alpha,2009-05-20
1018,S33E38,-33,-38,46,30,Bxo,3,3,Beta,2009-05-24
1019,N27E41,27,-41,298,30,Bxo,4,5,Beta,2009-06-01
1019,N28E29,28,-29,297,80,Cro,6,13,Beta,2009-06-02
1019,N28E15,28,-15,298,60,Bxo,6,9,Beta,2009-06-03
1019,N26E03,26,-3,296,10,Bxo,7,7,Beta,2009-06-04
1019,N24W10,24,10,296,20,Bxo,6,7,Beta,2009-06-05
1019,N24W23,24,23,296,10,Bxo,3,3,Beta,2009-06-06
1020,N22E07,22,-7,225,20,Bxo,3,2,Beta,2009-06-09
1020,N24W05,24,5,223,20,Bxo,3,2,Beta,2009-06-10
1020,N25W46,25,46,226,10,Hrx,2,2,Alpha,2009-06-13
1021,S16W71,-16,71,184,10,Axx,1,1,Alpha,2009-06-18
1022,S27E15,-27,-15,45,20,Bxo,3,2,Beta,2009-06-22
1022,S26E01,-26,-1,46,10,Axx,1,1,Alpha,2009-06-23
1023,S22E29,-22,-29,18,40,Cso,5,3,Beta,2009-06-23
1023,S25E15,-25,-15,19,30,Cso,7,2,Beta,2009-06-24
1023,S23E01,-23,-1,20,40,Cso,7,4,Beta,2009-06-25
1024,S25E16,-25,-16,246,60,Dso,5,7,Beta,2009-07-04
1024,S27E02,-27,-2,247,100,Dsi,6,14,Beta,2009-07-05
1024,S27W13,-27,13,247,170,Dsi,10,16,Beta,2009-07-06
1024,S27W26,-27,26,247,160,Dsi,10,13,Beta,2009-07-07
1024,S27W39,-27,39,248,180,Eai,11,11,Beta,2009-07-08
1024,S25W52,-25,52,248,190,Esi,11,8,Beta,2009-07-09
1024,S09W65,-9,65,248,230,Eao,13,5,Beta,2009-07-10
1024,S25W79,-25,79,248,60,Eso,14,3,Beta,2009-07-11
1025,N17E32,17,-32,169,10,Bxo,3,2,Beta,2009-09-01
1025,N17E18,17,-18,170,10,Bxo,3,2,Beta,2009-09-02
1026,S29E63,-29,-63,221,10,Axx,1,1,Alpha,2009-09-22
1026,S30E54,-30,-54,217,30,Cso,9,2,Beta,2009-09-23
1027,N24E32,24,-32,239,40,Dro,5,4,Beta,2009-09-23
1026,S36E34,-36,-34,224,40,Hsx,2,2,Alpha,2009-09-24
1027,N23E21,23,-21,238,100,Dsc,7,9,Beta,2009-09-24
1026,S29E28,-29,-28,221,70,Hsx,1,1,Alpha,2009-09-25
1027,N24E05,24,-5,240,110,Dao,8,11,Beta,2009-09-25
1026,S30E15,-30,-15,217,20,Axx,1,1,Alpha,2009-09-26
1027,N24W08,24,8,239,60,Cao,8,4,Beta,2009-09-26
1027,N24W21,24,21,239,60,Bxo,7,4,Beta,2009-09-27
1027,N24W34,24,34,239,10,Axx,1,1,Alpha,2009-09-28
1027,N23W47,23,47,239,60,Dao,5,5,Beta,2009-09-29
1027,N23W62,23,62,241,40,Cro,5,4,Beta,2009-09-30
1027,N23W76,23,76,241,10,Axx,0,1,Alpha,2009-10-01
1027,N24W89,24,89,241,10,Axx,0,1,Alpha,2009-10-02
1028,N26E51,26,-51,211,10,Axx,1,1,Alpha,2009-10-21
1028,N27E16,27,-16,206,10,Axx,1,1,Alpha,2009-10-24
1029,N14E14,14,-14,208,50,Dsi,5,9,Beta,2009-10-24
1029,N14W02,14,2,211,120,Cai,7,11,Beta,2009-10-25
1029,N15W15,15,15,211,130,Dsi,9,18,Beta-Gamma,2009-10-26
1029,N16W30,16,30,212,190,Dai,9,19,Beta-Gamma,2009-10-27
1029,N15W45,15,45,213,260,Dai,8,19,Beta-Gamma,2009-10-28
1029,N16W59,16,59,215,340,Dsc,9,16,Beta-Gamma,2009-10-29
1029,N17W71,17,71,213,380,Eko,11,9,Beta,2009-10-30
1029,N16W84,16,84,213,320,Dso,9,3,Beta,2009-10-31
1030,N25E04,25,-4,46,50,Cro,6,5,Beta,2009-11-06
1030,N24W07,24,7,44,10,Bxo,5,6,Beta,2009-11-07
1030,N25W25,25,25,48,10,Axx,1,1,Alpha,2009-11-08
1030,N24W48,24,48,45,10,Bxo,5,4,Beta,2009-11-10
1030,N24W62,24,62,46,10,Axx,2,3,Alpha,2009-11-11
1030,N24W79,24,79,50,10,Axx,1,1,Alpha,2009-11-12
1030,N23W92,23,92,50,10,Axx,1,1,Alpha,2009-11-13
1031,N30E20,30,-20,258,10,Axx,1,1,Alpha,2009-11-16
1031,N30E08,30,-8,257,10,Bxo,3,2,Beta,2009-11-17
1032,N17E20,17,-20,218,20,Bxo,2,4,Beta,2009-11-19
1033,N21E47,21,-47,191,30,Bxo,3,5,Beta,2009-11-19
1032,N15E07,15,-7,218,10,Bxo,2,3,Beta,2009-11-20
1033,N19E34,19,-34,191,60,Bxo,5,7,Beta,2009-11-20
1032,N16W03,16,3,218,10,Bxo,2,2,Beta,2009-11-21
1033,N21E23,21,-23,189,10,Bxo,1,9,Beta,2009-11-21
1033,N18E07,18,-7,192,30,Bxo,4,4,Beta,2009-11-22
1033,N18W05,18,5,191,10,Bxo,6,3,Beta,2009-11-23
1034,N18E73,18,-73,250,10,Bxo,6,3,Beta,2009-12-10
1034,N20E59,20,-59,250,10,Bxo,5,3,Beta,2009-12-11
1034,N20E45,20,-45,251,20,Bxo,2,3,Beta,2009-12-12
1034,N20E32,20,-32,251,20,Bxo,4,2,Beta,2009-12-13
1034,N19E16,19,-16,254,20,Bxo,5,4,Beta,2009-12-14
1034,N20E03,20,-3,254,10,Bxo,4,4,Beta,2009-12-15
1035,N31E07,31,-7,250,20,Bxo,3,4,Beta,2009-12-15
1034,N19W14,19,14,257,10,Bxo,4,2,Beta,2009-12-16
1035,N30W05,30,5,248,120,Dai,8,16,Beta,2009-12-16
1035,N30W18,30,18,248,140,Eac,11,20,Beta-Delta,2009-12-17
1035,N30W32,30,32,249,210,Eac,12,14,Beta,2009-12-18
1035,N30W45,30,45,249,310,Esi,13,10,Beta,2009-12-19
1035,N30W56,30,56,247,220,Eho,12,8,Beta,2009-12-20
1036,S29W19,-29,19,210,10,Bxo,5,3,Beta,2009-12-20
1037,N18E54,18,-54,137,10,Bxo,6,2,Beta,2009-12-20
1035,N31W70,31,70,248,310,Eho,13,4,Beta,2009-12-21
1036,S27W32,-27,32,210,10,Bxo,7,6,Beta,2009-12-21
1038,N16W26,16,26,204,10,Axx,2,2,Alpha,2009-12-21
1035,N31W85,31,85,249,90,Fso,18,2,Beta,2009-12-22
1036,S27W45,-27,45,209,70,Dso,7,7,Beta,2009-12-22
1038,N17W38,17,38,202,20,Cso,3,3,Beta,2009-12-22
1036,S27W58,-27,58,209,10,Bxo,6,3,Beta,2009-12-23
1038,N17W51,17,51,202,10,Bxo,4,3,Beta,2009-12-23
1036,S28W70,-28,70,208,50,Cso,2,2,Beta,2009-12-24
1038,N15W69,15,69,207,20,Axx,1,1,Alpha,2009-12-24
1038,N13W81,13,81,206,10,Axx,1,1,Alpha,2009-12-25
1039,S26E45,-26,-45,53,10,Bxo,6,3,Beta,2009-12-27
1039,S27E31,-27,-31,54,100,Dso,7,7,Beta,2009-12-28
1039,S28E18,-28,-18,54,90,Dso,8,7,Beta,2009-12-29
1039,S28E06,-28,-6,53,80,Dao,9,7,Beta,2009-12-30
1039,S27W08,-27,8,54,50,Dso,6,5,Beta,2009-12-31
1039,S28W21,-28,21,54,130,Dai,6,8,Beta,2010-01-01
1039,S27W35,-27,35,54,120,Dso,9,6,Beta,2010-01-02
1039,S28W46,-28,46,52,190,Dso,8,12,Beta,2010-01-03
1039,S29W59,-29,59,52,220,Dso,7,10,Beta,2010-01-04
1039,S28W72,-28,72,52,150,Dso,7,5,Beta,2010-01-05
1039,S29W90,-29,90,56,90,Dro,5,3,Beta,2010-01-06
1040,N28E59,28,-59,241,80,Bxo,5,5,Beta,2010-01-08
1040,N29E47,29,-47,240,40,Bxo,3,4,Beta,2010-01-09
1040,N30E35,30,-35,239,70,Cri,10,10,Beta,2010-01-10
1040,N30E18,30,-18,243,130,Eao,15,15,Beta,2010-01-11
1040,N29E10,29,-10,237,300,Dhc,9,25,Beta,2010-01-12
1040,N28W04,28,4,238,300,Eao,12,25,Beta,2010-01-13
1040,N28W11,28,11,236,380,Eki,13,31,Beta,2010-01-14
1040,N28W30,28,30,238,290,Eki,13,24,Beta,2010-01-15
1040,N29W41,29,41,236,350,Eki,13,16,Beta,2010-01-16
1040,N29W57,29,57,239,290,Cki,12,14,Beta,2010-01-17
1040,N30W74,30,74,242,160,Dso,8,6,Beta,2010-01-18
1040,N26W83,26,83,238,140,Dho,5,4,Beta,2010-01-19
1041,S25E77,-25,-77,52,60,Cso,10,6,Beta,2010-01-21
1041,S24E61,-24,-61,55,190,Cao,11,7,Beta,2010-01-22
1041,S25E50,-25,-50,52,200,Eso,14,7,Beta,2010-01-23
1042,N22W28,22,28,130,40,Cso,4,3,Beta,2010-01-23
1041,S24E35,-24,-35,54,190,Eai,11,9,Beta,2010-01-24
1042,N22W42,22,42,131,190,Cao,7,11,Beta,2010-01-24
1041,S24E23,-24,-23,53,170,Dsi,9,7,Beta,2010-01-25
1042,N21W56,21,56,132,160,Dai,6,5,Beta,2010-01-25
1041,S25E12,-25,-12,52,50,Cai,11,11,Beta,2010-01-26
1042,N18W73,18,73,137,50,Cro,3,3,Beta,2010-01-26
1041,S24W03,-24,3,53,60,Dso,4,7,Beta,2010-01-27
1042,N18W86,18,86,136,90,Hsx,5,1,Alpha,2010-01-27
1041,S25W16,-25,16,53,40,Cso,4,5,Beta,2010-01-28
1041,S26W32,-26,32,55,30,Hsx,2,3,Alpha,2010-01-29
1041,S27W42,-27,42,52,20,Bxo,2,2,Beta,2010-01-30
1041,S27W58,-27,58,55,10,Axx,1,1,Alpha,2010-01-31
1043,N27E35,27,-35,322,40,Bxo,3,4,Beta,2010-01-31
1043,N25E24,25,-24,320,60,Dso,5,4,Beta,2010-02-01
1043,N25E10,25,-10,321,70,Cso,7,6,Beta,2010-02-02
1043,N25W05,25,5,322,50,Hsx,1,1,Alpha,2010-02-03
1043,N25W18,25,18,322,50,Hsx,6,1,Alpha,2010-02-04
1043,N26W33,26,33,324,20,Hsx,1,1,Alpha,2010-02-05
1043,N24W50,24,50,328,20,Hax,1,1,Alpha,2010-02-06
1044,N18W36,18,36,314,10,Axx,1,1,Alpha,2010-02-06
1043,N25W62,25,62,327,20,Axx,1,1,Alpha,2010-02-07
1045,N24E15,24,-15,250,290,Dkc,8,9,Beta-Gamma,2010-02-07
1043,N23W73,23,73,325,10,Axx,1,1,Alpha,2010-02-08
1045,N23W01,23,1,253,320,Fkc,19,18,Beta-Gamma,2010-02-08
1046,N25E65,25,-65,187,30,Bxo,4,2,Beta,2010-02-08
1045,N23W17,23,17,256,420,Fkc,20,35,Beta-Gamma-Delta,2010-02-09
1046,N24E52,24,-52,186,30,Bxo,10,4,Beta,2010-02-09
1047,S15E70,-15,-70,169,10,Axx,2,2,Alpha,2010-02-09
1045,N23W26,23,26,252,300,Fkc,19,25,Beta-Gamma-Delta,2010-02-10
1046,N24E42,24,-42,184,10,Bxo,11,7,Beta,2010-02-10
1047,S17E61,-17,-61,165,10,Axx,1,1,Alpha,2010-02-10
1045,N22W39,22,39,252,240,Fai,17,16,Beta,2010-02-11
1046,N24E28,24,-28,185,130,Dso,10,8,Beta,2010-02-11
1047,S18E43,-18,-43,170,10,Axx,1,1,Alpha,2010-02-11
1045,N22W52,22,52,252,150,Fsi,17,11,Beta,2010-02-12
1046,N23E15,23,-15,185,190,Eac,12,33,Beta-Gamma,2010-02-12
1045,N19W63,19,63,251,90,Fso,22,5,Beta-Gamma,2010-02-13
1046,N24E00,24,0,185,130,Esc,11,13,Beta-Gamma,2010-02-13
1045,N24W69,24,69,242,100,Bxo,17,4,Beta,2010-02-14
1046,N23W11,23,11,184,130,Cso,12,13,Beta,2010-02-14
1046,N24W23,24,23,183,70,Cao,11,6,Beta,2010-02-15
1048,N20E64,20,-64,96,10,Bxo,5,2,Beta,2010-02-15
1046,N24W36,24,36,183,40,Cao,6,4,Beta,2010-02-16
1048,N21E50,21,-50,97,10,Bxo,5,3,Beta,2010-02-16
1046,N22W49,22,49,183,40,Cro,3,3,Beta,2010-02-17
1048,N21E34,21,-34,100,10,Bxo,3,5,Beta,2010-02-17
1046,N22W58,22,58,179,30,Hsx,1,3,Alpha,2010-02-18
1048,N20E24,20,-24,97,10,Axx,2,4,Alpha,2010-02-18
1049,S19E02,-19,-2,119,40,Dso,5,12,Beta,2010-02-18
1049,S19W13,-19,13,121,60,Dao,7,7,Beta,2010-02-19
1049,S19W25,-19,25,120,60,Dsi,8,13,Beta,2010-02-20
1049,S19W38,-19,38,120,60,Dsi,8,9,Beta,2010-02-21
1049,S18W53,-18,53,121,50,Cso,10,7,Beta,2010-02-22
1049,S18W67,-18,67,122,20,Cso,5,4,Beta,2010-02-23
1049,S18W78,-18,78,120,10,Bxo,9,3,Beta,2010-02-24
1050,S18W12,-18,12,54,20,Bxo,4,8,Beta,2010-02-24
1049,S19W91,-19,91,120,10,Bxo,5,2,Beta,2010-02-25
1050,S19W27,-19,27,55,10,Bxo,5,5,Beta,2010-02-25
1051,N17E66,17,-66,322,100,Cao,9,3,Beta,2010-02-25
1050,S19W40,-19,40,55,20,Bxo,6,7,Beta,2010-02-26
1051,N16E54,16,-54,321,10,Bxo,6,3,Beta,2010-02-26
1050,S19W52,-19,52,54,30,Bxo,2,3,Beta,2010-02-27
1051,N15E41,15,-41,321,40,Cso,2,3,Beta,2010-02-27
1050,S18W64,-18,64,53,0,Axx,0,2,Alpha,2010-02-28
1051,N15E27,15,-27,322,30,Cao,6,4,Beta,2010-02-28
1051,N15E12,15,-12,324,10,Hsx,1,3,Alpha,2010-03-01
1051,N16W01,16,1,323,10,Hsx,1,1,Alpha,2010-03-02
1052,S18W26,-18,26,348,20,Bxo,4,3,Beta,2010-03-02
1053,S22W38,-22,38,360,20,Bxo,4,2,Beta,2010-03-02
1051,N16W14,16,14,323,10,Hsx,1,1,Alpha,2010-03-03
1052,S18W41,-18,41,350,20,Cso,5,4,Beta,2010-03-03
1053,S23W51,-23,51,360,30,Cso,5,4,Beta,2010-03-03
1051,N15W28,15,28,324,10,Axx,2,2,Alpha,2010-03-04
1052,S17W56,-17,56,352,10,Bxo,3,3,Beta,2010-03-04
1053,S22W62,-22,62,358,10,Bxo,4,4,Beta,2010-03-04
1051,N16W41,16,41,324,10,Axx,1,1,Alpha,2010-03-05
1052,S17W70,-17,70,353,40,Cro,7,5,Beta,2010-03-05
1053,S22W77,-22,77,360,40,Cro,8,4,Beta,2010-03-05
1051,N16W53,16,53,323,10,Axx,1,1,Alpha,2010-03-06
1052,S16W82,-16,82,352,10,Bxo,8,3,Beta,2010-03-06
1053,S22W89,-22,89,359,10,Axx,1,1,Alpha,2010-03-06
1054,N12E56,12,-56,148,10,Bxo,3,2,Beta,2010-03-11
1054,N15E43,15,-43,148,110,Dso,6,7,Beta,2010-03-12
1055,S23W15,-23,15,206,30,Cso,3,4,Beta,2010-03-12
1054,N15E29,15,-29,148,190,Dao,7,12,Beta,2010-03-13
1055,S24W27,-24,27,204,30,Cso,3,4,Beta,2010-03-13
1054,N15E15,15,-15,149,230,Esc,11,22,Beta-Gamma,2010-03-14
1054,N14E01,14,-1,149,230,Esi,13,20,Beta-Gamma,2010-03-15
1054,N14W14,14,14,151,240,Eai,14,18,Beta-Gamma,2010-03-16
1054,N15W25,15,25,149,90,Dai,9,11,Beta,2010-03-17
1054,N15W37,15,37,148,70,Cai,7,4,Beta,2010-03-18
1056,N17E47,17,-47,64,20,Bxo,5,4,Beta,2010-03-18
1054,N16W55,16,55,153,40,Bxo,5,3,Beta,2010-03-19
1056,N18E34,18,-34,64,50,Bxo,6,5,Beta,2010-03-19
1054,N16W71,16,71,156,10,Hsx,1,1,Alpha,2010-03-20
1056,N18E22,18,-22,63,10,Bxo,2,3,Beta,2010-03-20
1054,N16W82,16,82,154,10,Axx,1,1,Alpha,2010-03-21
1056,N18E07,18,-7,65,30,Bxo,4,4,Beta,2010-03-21
1056,N18W06,18,6,65,70,Csi,7,15,Beta,2010-03-22
1056,N19W21,19,21,67,50,Bxo,8,7,Beta,2010-03-23
1056,N18W34,18,34,66,5,Bxo,7,3,Beta,2010-03-24
1057,N16E73,16,-73,319,5,Bxo,7,3,Beta,2010-03-24
1057,N16E57,16,-57,322,240,Dac,6,5,Beta-Gamma,2010-03-25
1057,N15E45,15,-45,321,400,Dhc,7,4,Beta,2010-03-26
1058,N27W06,27,6,12,1,Axx,1,1,Alpha,2010-03-26
1057,N15E30,15,-30,323,320,Dki,8,6,Beta,2010-03-27
1058,N25W21,25,21,14,5,Axx,1,1,Alpha,2010-03-27
1057,N15E16,15,-16,324,380,Dhi,8,9,Beta,2010-03-28
1059,S21E73,-21,-73,267,120,Hsx,2,1,Alpha,2010-03-28
1057,N15E04,15,-4,322,410,Eki,11,12,Beta,2010-03-29
1059,S22E61,-22,-61,265,100,Hax,2,1,Alpha,2010-03-29
1057,N15W10,15,10,324,290,Dki,10,11,Beta,2010-03-30
1059,S23E48,-23,-48,265,150,Hsx,2,1,Alpha,2010-03-30
1057,N15W22,15,22,322,260,Dhi,10,10,Beta,2010-03-31
1059,S23E36,-23,-36,264,130,Hax,2,2,Alpha,2010-03-31
1057,N16W35,16,35,322,250,Cko,9,2,Beta,2010-04-01
1059,S22E23,-22,-23,264,70,Hax,2,1,Alpha,2010-04-01
1057,N15W45,15,45,320,190,Cao,2,3,Beta,2010-04-02
1059,S22E10,-22,-10,264,50,Hsx,2,2,Alpha,2010-04-02
1057,N16W59,16,59,320,250,Hhx,4,4,Alpha,2010-04-03
1059,S23W03,-23,3,264,40,Cso,2,4,Beta,2010-04-03
1057,N16W72,16,72,319,200,Hsx,3,3,Alpha,2010-04-04
1059,S22W15,-22,15,262,50,Hsx,4,4,Alpha,2010-04-04
1057,N16W84,16,84,318,90,Hsx,5,3,Alpha,2010-04-05
1059,S23W28,-23,28,262,30,Hsx,3,3,Alpha,2010-04-05
1060,N24E58,24,-58,176,90,Dro,4,4,Beta,2010-04-05
1059,S25W40,-25,40,261,30,Hax,3,3,Alpha,2010-04-06
1060,N25E45,25,-45,176,60,Cro,5,4,Beta,2010-04-06
1061,N14W11,14,11,232,50,Dso,4,4,Beta,2010-04-06
1059,S25W51,-25,51,259,10,Axx,2,2,Alpha,2010-04-07
1060,N26E32,26,-32,176,30,Cro,7,3,Beta,2010-04-07
1061,N14W24,14,24,232,110,Dso,6,6,Beta,2010-04-07
1060,N24E14,24,-14,181,10,Axx,1,1,Alpha,2010-04-08
1061,N13W39,13,39,234,70,Dso,7,4,Beta,2010-04-08
1060,N25E00,25,0,181,0,Axx,1,1,Alpha,2010-04-09
1061,N14W52,14,52,233,50,Cso,5,2,Beta,2010-04-09
1061,N13W69,13,69,237,40,Hsx,1,1,Alpha,2010-04-10
1061,N13W83,13,83,238,10,Axx,1,1,Alpha,2010-04-11
1062,S18W05,-18,5,134,10,Bxo,3,4,Beta,2010-04-13
1062,S18W20,-18,20,135,20,Cro,4,4,Beta,2010-04-14
1062,S18W34,-18,34,136,10,Bxo,2,2,Beta,2010-04-15
1063,N16E14,16,-14,264,10,Bxo,2,2,Beta,2010-04-29
1064,N15E28,15,-28,223,20,Bxo,2,2,Beta,2010-05-01
1064,N16E15,16,-15,223,10,Cro,3,3,Beta,2010-05-02
1064,N15E02,15,-2,223,0,Axx,1,1,Alpha,2010-05-03
1065,S32W16,-32,16,241,0,Axx,1,1,Alpha,2010-05-03
1066,S27E16,-27,-16,209,0,Axx,1,1,Alpha,2010-05-03
1067,N23E55,23,-55,170,20,Bxo,5,4,Beta,2010-05-03
1063,N18W52,18,52,264,10,Bxo,3,2,Beta,2010-05-04
1065,S32W29,-32,29,241,0,Axx,1,1,Alpha,2010-05-04
1066,S27E05,-27,-5,207,20,Cro,5,5,Beta,2010-05-04
1067,N23E38,23,-38,174,20,Cso,4,2,Beta,2010-05-04
1068,S19E76,-19,-76,135,0,Axx,1,1,Alpha,2010-05-04
1063,N18W66,18,66,264,10,Bxo,3,3,Beta,2010-05-05
1066,S26W07,-26,7,205,10,Bxo,6,3,Beta,2010-05-05
1067,N23E24,23,-24,174,20,Dro,6,3,Beta,2010-05-05
1068,S19E65,-19,-65,133,10,Bxo,1,2,Beta,2010-05-05
1069,N42W27,42,27,225,50,Dai,7,9,Beta-Gamma,2010-05-05
1063,N18W80,18,80,264,10,Bxo,1,2,Beta,2010-05-06
1066,S26W22,-26,22,206,10,Axx,1,1,Alpha,2010-05-06
1067,N23E13,23,-13,171,10,Bxo,5,3,Beta,2010-05-06
1068,S21E54,-21,-54,130,10,Axx,1,1,Alpha,2010-05-06
1069,N41W40,41,40,224,170,Dai,9,7,Beta-Gamma,2010-05-06
1070,N21W08,21,8,192,10,Bxo,2,3,Beta,2010-05-06
1067,N23E03,23,-3,168,10,Bxo,2,2,Beta,2010-05-07
1068,S20E41,-20,-41,130,10,Bxo,3,4,Beta,2010-05-07
1069,N42W51,42,51,222,80,Esi,12,9,Beta-Gamma,2010-05-07
1068,S19E28,-19,-28,130,0,Axx,0,1,Alpha,2010-05-08
1069,N42W67,42,67,225,30,Cso,9,3,Beta,2010-05-08
1069,N41W78,41,78,223,30,Cso,3,2,Beta,2010-05-09
1071,S20W42,-20,42,187,0,Axx,1,1,Alpha,2010-05-09
1072,S16E14,-16,-14,319,30,Bxo,4,5,Beta,2010-05-22
1072,S16E08,-16,-8,312,100,Cao,6,10,Beta,2010-05-23
1072,S15W09,-15,9,315,130,Dsi,6,13,Beta,2010-05-24
1072,S15W22,-15,22,315,90,Cso,6,7,Beta,2010-05-25
1072,S15W36,-15,36,316,60,Cso,5,6,Beta,2010-05-26
1072,S23W52,-23,52,319,50,Hsx,2,1,Alpha,2010-05-27
1072,S15W65,-15,65,318,40,Hsx,2,1,Alpha,2010-05-28
1072,S15W79,-15,79,319,45,Hax,2,2,Beta,2010-05-29
1073,N13E35,13,-35,192,20,Bxo,4,5,Beta,2010-05-30
1074,N19W57,19,57,284,10,Bxo,3,3,Beta,2010-05-30
1075,S20W02,-20,2,229,20,Bxo,3,5,Beta,2010-05-30
1073,N13E21,13,-21,193,20,Bxo,4,6,Beta,2010-05-31
1074,N17W72,17,72,286,10,Axx,1,2,Alpha,2010-05-31
1075,S20W16,-20,16,230,10,Bxo,3,2,Beta,2010-05-31
1073,N12E09,12,-9,192,10,Bxo,5,3,Beta,2010-06-01
1075,S19W32,-19,32,233,0,Axx,1,1,Alpha,2010-06-01
1076,S19E07,-19,-7,194,20,Bxo,4,5,Beta,2010-06-01
1076,S20W06,-20,6,193,20,Bxo,5,4,Beta,2010-06-02
1076,S19W22,-19,22,196,40,Dai,6,8,Beta,2010-06-03
1076,S27W28,-27,28,189,190,Dho,8,7,Beta,2010-06-04
1076,S19W49,-19,49,197,70,Dso,8,8,Beta,2010-06-05
1076,S19W61,-19,61,196,15,Bxo,7,4,Beta,2010-06-06
1077,N20W47,20,47,181,10,Axx,1,1,Alpha,2010-06-06
1076,S19W74,-19,74,195,90,Dro,5,2,Beta,2010-06-07
1076,S19W86,-19,86,193,20,Bxo,1,2,Beta,2010-06-08
1078,S22W45,-22,45,140,80,Cro,7,2,Beta,2010-06-09
1078,S21W60,-21,60,141,180,Dsi,9,6,Beta-Gamma,2010-06-10
1079,S26W36,-26,36,117,10,Bxo,4,2,Beta,2010-06-10
1078,S22W73,-22,73,141,200,Dao,9,5,Beta,2010-06-11
1079,S26W55,-26,55,123,0,Axx,0,1,Alpha,2010-06-11
1080,S25W39,-25,39,107,10,Bxo,4,5,Beta,2010-06-11
1078,S22W86,-22,86,141,5,Axx,1,1,Alpha,2010-06-12
1080,S23W54,-23,54,109,100,Dai,6,4,Beta,2010-06-12
1081,N22W43,22,43,98,50,Bxo,5,8,Beta,2010-06-12
1079,S24W82,-24,82,123,10,Bxo,2,2,Beta,2010-06-13
1080,S23W67,-23,67,108,50,Dro,6,4,Beta,2010-06-13
1081,N24W58,24,58,99,80,Dro,8,10,Beta,2010-06-13
1079,S23W95,-23,95,124,10,Axx,2,4,Alpha,2010-06-14
1080,S24W77,-24,77,105,10,Axx,5,4,Alpha,2010-06-14
1081,N24W76,24,76,104,90,Dao,8,8,Beta,2010-06-14
1081,N25W86,25,86,101,10,Bxo,5,2,Beta,2010-06-15
1082,N28E33,28,-33,303,10,Bxo,5,4,Beta,2010-06-18
1082,N29E22,29,-22,300,10,Axx,4,6,Alpha,2010-06-19
1082,N29E10,29,-10,299,10,Cro,5,4,Beta,2010-06-20
1083,N19W22,19,22,331,10,Bxo,3,4,Beta,2010-06-20
1082,N27W05,27,5,305,30,Dso,7,3,Beta,2010-06-21
1082,N27W23,27,23,307,40,Dro,8,4,Beta,2010-06-22
1082,N26W37,26,37,307,30,Cso,8,4,Beta,2010-06-23
1082,N26W52,26,52,308,20,Cao,7,4,Beta,2010-06-24
1082,N27W65,27,65,308,10,Bxo,9,3,Beta,2010-06-25
1082,N26W77,26,77,307,0,Axx,1,2,Alpha,2010-06-26
1084,S19E59,-19,-59,145,90,Hsx,2,1,Alpha,2010-06-28
1084,S19E46,-19,-46,144,90,Hsx,2,1,Alpha,2010-06-29
1084,S19E34,-19,-34,143,100,Hsx,2,1,Alpha,2010-06-30
1085,S23W24,-23,24,201,10,Cro,3,3,Beta,2010-06-30
1084,S19E19,-19,-19,145,110,Hsx,2,1,Alpha,2010-07-01
1084,S19E07,-19,-7,144,110,Hsx,2,1,Alpha,2010-07-02
1084,S20W06,-20,6,143,100,Hsx,2,1,Alpha,2010-07-03
1084,S19W19,-19,19,143,150,Hsx,2,1,Alpha,2010-07-04
1084,S19W32,-19,32,143,110,Hsx,2,1,Alpha,2010-07-05
1084,S19W46,-19,46,143,100,Hsx,2,1,Alpha,2010-07-06
1086,N18W53,18,53,151,10,Bxo,2,2,Beta,2010-07-06
1084,S19W59,-19,59,143,110,Hsx,2,1,Alpha,2010-07-07
1086,N18W65,18,65,150,10,Bxo,2,2,Beta,2010-07-07
1084,S19W71,-19,71,143,100,Hsx,2,1,Alpha,2010-07-08
1086,N18W78,18,78,150,10,Hrx,1,1,Alpha,2010-07-08
1084,S19W86,-19,86,144,50,Hsx,2,1,Alpha,2010-07-09
1087,N18E72,18,-72,332,30,Dro,4,2,Beta,2010-07-10
1087,N19E57,19,-57,334,100,Dro,10,8,Beta,2010-07-11
1087,N19E44,19,-44,334,120,Ero,14,15,Beta,2010-07-12
1087,N21E30,21,-30,335,130,Dao,7,12,Beta-Delta,2010-07-13
1087,N21E20,21,-20,332,70,Dso,5,7,Beta,2010-07-14
1088,S21E12,-21,-12,340,10,Axx,1,1,Alpha,2010-07-14
1087,N20E08,20,-8,331,100,Dso,5,6,Beta-Gamma,2010-07-15
1087,N19W05,19,5,330,60,Cso,8,5,Beta-Gamma,2010-07-16
1087,N20W19,20,19,331,50,Eso,12,7,Beta-Gamma,2010-07-17
1087,N23W33,23,33,332,20,Hsx,2,3,Alpha,2010-07-18
1087,N24W48,24,48,334,10,Axx,1,2,Alpha,2010-07-19
1087,N17W61,17,61,334,10,Axx,1,1,Alpha,2010-07-20
1089,S23E70,-23,-70,203,130,Cso,7,4,Beta,2010-07-20
1087,N16W78,16,78,337,10,Axx,2,3,Alpha,2010-07-21
1089,S24E58,-24,-58,201,150,Dao,10,9,Beta,2010-07-21
1087,N18W85,18,85,331,10,Axx,4,2,Alpha,2010-07-22
1089,S24E46,-24,-46,200,310,Dsi,9,16,Beta,2010-07-22
1089,S23E33,-23,-33,200,240,Dsi,9,29,Beta,2010-07-23
1089,S24E20,-24,-20,200,200,Esi,11,35,Beta,2010-07-24
1089,S23E06,-23,-6,201,160,Esi,11,20,Beta,2010-07-25
1090,N23E58,23,-58,149,0,Axx,1,1,Alpha,2010-07-25
1089,S24W08,-24,8,202,140,Dsi,9,16,Beta,2010-07-26
1090,N23E43,23,-43,151,10,Bxo,5,3,Beta,2010-07-26
1089,S24W21,-24,21,201,100,Dsi,9,7,Beta,2010-07-27
1090,N22E29,22,-29,151,0,Axx,1,1,Alpha,2010-07-27
1091,N12W73,12,73,253,0,Axx,1,1,Alpha,2010-07-27
1089,S24W35,-24,35,202,70,Dso,9,5,Beta,2010-07-28
1089,S24W48,-24,48,202,90,Eao,12,9,Beta,2010-07-29
1092,N16E76,16,-76,78,180,Cso,6,2,Beta,2010-07-29
1089,S24W62,-24,62,202,140,Cao,10,9,Beta,2010-07-30
1092,N14E63,14,-63,77,210,Cso,9,2,Beta,2010-07-30
1089,S23W73,-23,73,200,40,Bxo,8,5,Beta,2010-07-31
1092,N15E49,15,-49,79,170,Cso,7,4,Beta,2010-07-31
1092,N13E35,13,-35,79,230,Hkx,3,2,Alpha,2010-08-01
1092,N13E21,13,-21,79,290,Hkx,4,3,Alpha,2010-08-02
1092,N16E10,16,-10,76,280,Cho,11,7,Beta,2010-08-03
1092,N15W04,15,4,77,190,Cho,10,3,Beta,2010-08-04
1092,N14W15,14,15,75,180,Cso,6,4,Beta,2010-08-05
1093,N10E65,10,-65,355,100,Cao,4,3,Beta,2010-08-05
1092,N13W33,13,33,80,200,Hsx,3,1,Alpha,2010-08-06
1093,N11E58,11,-58,348,170,Cao,8,4,Beta,2010-08-06
1094,N25W58,25,58,104,50,Cso,4,7,Beta,2010-08-06
1095,S18E46,-18,-46,0,10,Bxo,1,2,Beta,2010-08-06
1092,N12W46,12,46,79,210,Hhx,5,1,Alpha,2010-08-07
1093,N12E45,12,-45,348,180,Cso,9,3,Beta,2010-08-07
1094,N26W71,26,71,104,30,Bxo,7,3,Beta,2010-08-07
1095,S19E34,-19,-34,359,10,Hax,1,2,Alpha,2010-08-07
1092,N13W60,13,60,80,130,Hsx,2,1,Alpha,2010-08-08
1093,N10E30,10,-30,350,130,Hsx,2,1,Alpha,2010-08-08
1094,N25W85,25,85,105,30,Bxo,10,3,Beta,2010-08-08
1095,S18E19,-18,-19,1,10,Axx,11,2,Alpha,2010-08-08
1092,N13W74,13,74,81,180,Hsx,3,1,Alpha,2010-08-09
1093,N11E15,11,-15,350,140,Cso,3,2,Beta,2010-08-09
1095,S17E08,-17,-8,0,10,Hrx,1,2,Alpha,2010-08-09
1096,N22W05,22,5,12,0,Axx,1,1,Alpha,2010-08-09
1092,N12W87,12,87,81,200,Hsx,3,1,Alpha,2010-08-10
1093,N10E02,10,-2,352,150,Hsx,2,2,Alpha,2010-08-10
1095,S18W06,-18,6,360,10,Hsx,1,2,Alpha,2010-08-10
1096,N22W20,22,20,14,20,Bxo,5,8,Beta,2010-08-10
1093,N10W12,10,12,353,130,Hsx,3,2,Alpha,2010-08-11
1095,S17W20,-17,20,1,10,Axx,1,1,Alpha,2010-08-11
1096,N21W33,21,33,14,60,Cri,7,12,Beta,2010-08-11
1097,N33E71,33,-71,270,10,Axx,1,1,Alpha,2010-08-11
1093,N10W25,10,25,352,110,Hsx,3,2,Alpha,2010-08-12
1095,S17W33,-17,33,360,10,Axx,1,1,Alpha,2010-08-12
1096,N21W46,21,46,13,40,Bxo,7,7,Beta,2010-08-12
1097,N33E55,33,-55,272,10,Axx,1,1,Alpha,2010-08-12
1098,N15E28,15,-28,299,30,Dro,5,5,Beta,2010-08-12
1093,N10W38,10,38,352,250,Hkx,4,2,Alpha,2010-08-13
1096,N22W55,22,55,9,0,Axx,0,1,Alpha,2010-08-13
1097,N32E44,32,-44,270,0,Axx,1,1,Alpha,2010-08-13
1098,N14E14,14,-14,300,40,Cro,6,6,Beta,2010-08-13
1093,N11W51,11,51,352,90,Hsx,2,2,Alpha,2010-08-14
1098,N15E01,15,-1,301,20,Cro,5,6,Beta,2010-08-14
1099,N17W41,17,41,347,10,Bxo,4,13,Beta,2010-08-14
1093,N11W65,11,65,353,80,Hsx,3,3,Alpha,2010-08-15
1099,N18W58,18,58,346,70,Cro,6,8,Beta,2010-08-15
1093,N11W78,11,78,353,40,Hsx,2,2,Alpha,2010-08-16
1099,N18W73,18,73,347,90,Cri,7,11,Beta,2010-08-16
1098,N15W41,15,41,302,30,Cro,4,4,Beta,2010-08-17
1099,N17W84,17,84,345,60,Bxo,6,4,Beta,2010-08-17
1100,S24E59,-24,-59,202,10,Axx,1,1,Alpha,2010-08-17
1098,N14W55,14,55,303,10,Bxo,5,5,Beta,2010-08-18
1100,S23E49,-23,-49,199,10,Axx,1,1,Alpha,2010-08-18
1098,N14W67,14,67,302,10,Bxo,4,2,Beta,2010-08-19
1100,S22E36,-22,-36,199,10,Axx,1,1,Alpha,2010-08-19
1100,S23E22,-23,-22,200,0,Axx,1,1,Alpha,2010-08-20
1100,S27E05,-27,-5,204,0,Axx,0,1,Alpha,2010-08-21
1101,N12E79,12,-79,0,30,Hrx,3,1,Alpha,2010-08-25
1100,S19W64,-19,64,207,10,Axx,2,2,Alpha,2010-08-26
1101,N12E61,12,-61,82,90,Hsx,2,1,Alpha,2010-08-26
1100,S20W78,-20,78,205,10,Axx,2,2,Alpha,2010-08-27
1101,N13E48,13,-48,83,90,Hsx,5,1,Alpha,2010-08-27
1101,N12E34,12,-34,84,100,Hsx,3,1,Alpha,2010-08-28
1101,N12E21,12,-21,81,130,Hsx,3,1,Alpha,2010-08-29
1101,N12E07,12,-7,84,140,Hrx,2,1,Alpha,2010-08-30
1102,N27W13,27,13,104,30,Cro,3,4,Beta,2010-08-30
1101,N13W06,13,6,85,110,Hrx,2,1,Alpha,2010-08-31
1102,N28W26,28,26,103,70,Dro,6,7,Beta,2010-08-31
1101,N12W19,12,19,83,140,Hrx,2,1,Alpha,2010-09-01
1102,N28W40,28,40,104,80,Cro,6,6,Beta,2010-09-01
1101,N12W32,12,32,83,150,Cso,5,2,Beta,2010-09-02
1102,N26W52,26,52,103,100,Cao,7,5,Beta,2010-09-02
1103,N25W32,25,32,83,10,Bxo,7,2,Beta,2010-09-02
1104,N24W27,24,27,75,10,Bxo,0,2,Beta,2010-09-02
1101,N12W45,12,45,82,120,Hsx,2,2,Alpha,2010-09-03
1102,N27W63,27,63,100,30,Cro,2,3,Beta,2010-09-03
1103,N25W48,25,48,85,20,Cro,4,3,Beta,2010-09-03
1105,N19W09,19,9,49,10,Bxo,3,4,Beta,2010-09-03
1101,N12W57,12,57,81,130,Cso,4,3,Beta,2010-09-04
1102,N26W76,26,76,100,10,Axx,1,1,Alpha,2010-09-04
1103,N25W63,25,63,87,10,Cro,1,2,Beta,2010-09-04
1105,N18W22,18,22,50,30,Bxo,6,8,Beta,2010-09-04
1101,N12W70,12,70,83,110,Hsx,2,1,Alpha,2010-09-05
1103,N26W76,26,76,88,20,Axx,2,2,Alpha,2010-09-05
1105,N18W36,18,36,50,70,Dri,8,20,Beta,2010-09-05
1101,N13W88,13,88,89,120,Hsx,2,1,Alpha,2010-09-06
1103,N25W90,25,90,87,10,Axx,0,1,Alpha,2010-09-06
1105,N19W52,19,52,48,130,Dri,8,26,Beta,2010-09-06
1105,N19W64,19,64,49,150,Cai,10,14,Beta,2010-09-07
1105,N19W77,19,77,53,40,Hax,5,6,Alpha,2010-09-08
1105,N19W90,19,90,49,10,Axx,2,1,Alpha,2010-09-09
1106,S18E64,-18,-64,215,50,Hsx,1,1,Alpha,2010-09-12
1106,S19E57,-19,-57,209,80,Cso,14,5,Beta,2010-09-13
1107,N33E62,33,-62,204,10,Axx,1,1,Alpha,2010-09-13
1106,S19E44,-19,-44,209,100,Cso,15,7,Beta,2010-09-14
1106,S19E30,-19,-30,209,110,Fao,17,14,Beta,2010-09-15
1106,S20E18,-20,-18,208,90,Fao,16,10,Beta,2010-09-16
1106,S20E05,-20,-5,208,110,Fso,18,21,Beta,2010-09-17
1108,S28E69,-28,-69,144,290,Cko,9,5,Beta,2010-09-17
1106,S20W08,-20,8,208,80,Fsi,17,16,Beta,2010-09-18
1108,S28E59,-28,-59,141,280,Eho,13,5,Beta,2010-09-18
1106,S20W21,-20,21,207,100,Fso,18,14,Beta,2010-09-19
1108,S28E49,-28,-49,138,370,Eso,14,8,Beta,2010-09-19
1106,S20W34,-20,34,207,90,Fso,18,17,Beta,2010-09-20
1108,S30E36,-30,-36,137,420,Fho,18,13,Beta,2010-09-20
1106,S21W53,-21,53,213,20,Bxo,6,7,Beta,2010-09-21
1108,S30E24,-30,-24,136,380,Fko,18,11,Beta,2010-09-21
1106,S22W69,-22,69,217,2,Axx,1,1,Alpha,2010-09-22
1108,S30E14,-30,-14,133,270,Fho,16,5,Beta,2010-09-22
1109,N19E75,19,-75,72,30,Hrx,1,1,Alpha,2010-09-22
1108,S30W09,-30,9,142,340,Hhx,4,2,Alpha,2010-09-23
1109,N22E67,22,-67,67,200,Dko,10,4,Beta,2010-09-23
1108,S30W22,-30,22,142,260,Hkx,4,2,Alpha,2010-09-24
1109,N22E54,22,-54,67,210,Dso,9,12,Beta,2010-09-24
1108,S30W34,-30,34,141,280,Hkx,4,2,Alpha,2010-09-25
1109,N22E41,22,-41,66,280,Eho,13,12,Beta,2010-09-25
1108,S31W46,-31,46,140,210,Hhx,4,2,Alpha,2010-09-26
1109,N22E27,22,-27,67,280,Ehi,14,18,Beta-Gamma,2010-09-26
1108,S31W58,-31,58,140,220,Hsx,3,2,Alpha,2010-09-27
1109,N21E14,21,-14,66,360,Esi,14,22,Beta,2010-09-27
1110,N19W05,19,5,85,10,Axx,2,3,Alpha,2010-09-27
1108,S30W72,-30,72,141,230,Hsx,4,1,Alpha,2010-09-28
1109,N22E02,22,-2,65,420,Eki,13,20,Beta,2010-09-28
1110,N20W19,20,19,86,0,Axx,1,1,Alpha,2010-09-28
1108,S30W83,-30,83,138,140,Hsx,4,1,Alpha,2010-09-29
1109,N22W11,22,11,65,280,Eai,13,12,Beta,2010-09-29
1110,N20W31,20,31,85,10,Axx,6,6,Alpha,2010-09-29
1109,N22W24,22,24,65,310,Ehi,13,13,Beta,2010-09-30
1110,N19W45,19,45,87,50,Dso,6,7,Beta,2010-09-30
1111,N23E55,23,-55,346,10,Axx,1,1,Alpha,2010-09-30
1109,N21W39,21,39,67,240,Dhi,7,11,Beta,2010-10-01
1110,N19W60,19,60,90,30,Bxo,6,3,Beta,2010-10-01
1111,N24E42,24,-42,345,10,Axx,1,1,Alpha,2010-10-01
1109,N21W51,21,51,65,270,Dho,9,11,Beta,2010-10-02
1110,N20W71,20,71,86,0,Axx,1,1,Alpha,2010-10-02
1111,N20E30,20,-30,343,10,Bxo,6,2,Beta,2010-10-02
1109,N21W65,21,65,66,320,Cko,10,8,Beta,2010-10-03
1110,N21W84,21,84,85,0,Axx,0,1,Alpha,2010-10-03
1111,N24E21,24,-21,340,30,Cro,4,3,Beta,2010-10-03
1109,N20W80,20,80,68,220,Hax,4,3,Alpha,2010-10-04
1111,N24E06,24,-6,341,30,Dro,4,5,Beta,2010-10-04
1109,N21W93,21,93,69,90,Hax,3,1,Alpha,2010-10-05
1111,N24W05,24,5,341,20,Dso,5,2,Beta,2010-10-05
1111,N22W18,22,18,341,0,Axx,1,1,Alpha,2010-10-06
1111,N24W56,24,56,339,0,Axx,1,1,Alpha,2010-10-09
1112,S18E65,-18,-65,204,40,Hrx,1,2,Alpha,2010-10-10
1112,S18E54,-18,-54,202,50,Hrx,2,3,Alpha,2010-10-11
1112,S19E40,-19,-40,202,30,Hrx,1,1,Alpha,2010-10-12
1112,S19E26,-19,-26,203,20,Hsx,1,1,Alpha,2010-10-13
1112,S17E14,-17,-14,202,10,Cro,3,3,Beta,2010-10-14
1113,N17E76,17,-76,141,120,Hax,1,1,Alpha,2010-10-14
1112,S18E00,-18,0,202,20,Cro,2,2,Beta,2010-10-15
1113,N17E63,17,-63,141,100,Hsx,2,1,Alpha,2010-10-15
1114,S22W41,-22,41,244,0,Axx,0,1,Alpha,2010-10-15
1112,S19W15,-19,15,203,70,Dro,9,7,Beta,2010-10-16
1113,N17E50,17,-50,140,130,Hsx,3,1,Alpha,2010-10-16
1114,S21W55,-21,55,244,10,Bxo,2,2,Beta,2010-10-16
1115,S28E63,-28,-63,130,170,Hsx,4,1,Alpha,2010-10-16
1112,S18W28,-18,28,205,120,Dsi,7,16,Beta-Gamma,2010-10-17
1113,N17E36,17,-36,141,130,Hsx,3,1,Alpha,2010-10-17
1115,S28E50,-28,-50,127,170,Hsx,4,1,Alpha,2010-10-17
1112,S20W44,-20,44,208,180,Eai,12,16,Beta-Gamma,2010-10-18
1113,N18E23,18,-23,141,160,Hsx,2,2,Alpha,2010-10-18
1115,S28E37,-28,-37,127,140,Hsx,3,1,Alpha,2010-10-18
1116,N22W14,22,14,178,20,Bxo,2,2,Beta,2010-10-18
1112,S19W58,-19,58,208,140,Eai,11,11,Beta-Gamma,2010-10-19
1113,N18E10,18,-10,141,150,Cso,4,5,Beta,2010-10-19
1115,S28E25,-28,-25,126,160,Hsx,2,1,Alpha,2010-10-19
1116,N22W28,22,28,179,0,Axx,1,1,Alpha,2010-10-19
1112,S20W70,-20,70,208,60,Cso,11,8,Beta-Gamma,2010-10-20
1113,N17W03,17,3,141,130,Hsx,3,2,Alpha,2010-10-20
1115,S29E13,-29,-13,125,190,Cso,5,3,Beta,2010-10-20
1117,N25E74,25,-74,63,50,Hsx,5,1,Alpha,2010-10-20
1118,N16E61,16,-61,76,0,Axx,1,1,Alpha,2010-10-20
1112,S20W84,-20,84,208,10,Hsx,1,2,Alpha,2010-10-21
1113,N16W17,16,17,141,110,Cso,4,3,Beta,2010-10-21
1115,S31W01,-31,1,125,110,Cso,4,2,Beta,2010-10-21
1117,N24E60,24,-60,64,70,Hsx,2,2,Alpha,2010-10-21
1118,N14E47,14,-47,77,0,Axx,1,2,Alpha,2010-10-21
1113,N16W31,16,31,142,80,Hax,2,2,Alpha,2010-10-22
1115,S29W13,-29,13,124,140,Hsx,3,1,Alpha,2010-10-22
1117,N23E48,23,-48,63,80,Hsx,2,1,Alpha,2010-10-22
1113,N16W40,16,40,140,90,Hsx,2,2,Alpha,2010-10-23
1115,S30W22,-30,22,116,110,Hsx,2,1,Alpha,2010-10-23
1117,N23E36,23,-36,63,70,Hsx,2,1,Alpha,2010-10-23
1113,N16W55,16,55,140,100,Hsx,2,2,Alpha,2010-10-24
1115,S29W36,-29,36,121,140,Hsx,3,1,Alpha,2010-10-24
1117,N22E28,22,-28,57,120,Cso,8,10,Beta,2010-10-24
1113,N16W69,16,69,141,80,Hsx,2,1,Alpha,2010-10-25
1115,S30W51,-30,51,123,120,Hsx,3,1,Alpha,2010-10-25
1117,N22E12,22,-12,60,210,Dso,9,13,Beta,2010-10-25
1119,N22W25,22,25,97,40,Bxo,3,2,Beta,2010-10-25
1113,N13W82,13,82,139,100,Hsx,1,2,Alpha,2010-10-26
1115,S30W64,-30,64,121,160,Hsx,2,1,Alpha,2010-10-26
1117,N22W02,22,2,59,260,Dsi,9,12,Beta,2010-10-26
1119,N23W38,23,38,95,20,Cro,4,2,Beta,2010-10-26
1113,N17W92,17,92,136,60,Hsx,2,1,Alpha,2010-10-27
1115,S31W75,-31,75,120,120,Hsx,8,1,Alpha,2010-10-27
1117,N21W15,21,15,59,360,Ehi,11,31,Beta-Gamma,2010-10-27
1119,N22W49,22,49,94,0,Axx,1,1,Alpha,2010-10-27
1115,S29W90,-29,90,124,80,Hsx,2,1,Alpha,2010-10-28
1117,N22W28,22,28,59,450,Ekc,11,21,Beta,2010-10-28
1119,N24W60,24,60,91,10,Axx,1,1,Alpha,2010-10-28
1117,N22W41,22,41,60,520,Dkc,10,17,Beta,2010-10-29
1117,N20W55,20,55,60,550,Dsi,9,14,Beta,2010-10-30
1117,N20W72,20,72,65,480,Dho,10,9,Beta,2010-10-31
1120,N39E69,39,-69,283,10,Bxo,4,3,Beta,2010-10-31
1117,N22W83,22,83,60,510,Dho,8,8,Beta,2010-11-01
1120,N40E53,40,-53,286,40,Cro,9,4,Beta,2010-11-01
1117,N22W96,22,96,63,180,Cho,2,3,Beta,2010-11-02
1120,N39E41,39,-41,285,120,Eso,11,7,Beta,2010-11-02
1120,N38E31,38,-31,283,80,Eso,13,7,Beta,2010-11-03
1120,N39E17,39,-17,281,50,Cao,13,8,Beta,2010-11-04
1120,N38E04,38,-4,282,10,Bxo,13,7,Beta,2010-11-05
1121,S20E70,-20,-70,218,10,Axx,1,7,Alpha,2010-11-05
1120,N38W09,38,9,282,10,Bxo,14,2,Beta,2010-11-06
1121,S18E58,-18,-58,215,70,Cro,11,7,Beta,2010-11-06
1120,N41W13,41,13,273,0,Axx,1,2,Alpha,2010-11-07
1121,S18E48,-18,-48,211,80,Eai,13,9,Beta,2010-11-07
1122,N13W02,13,2,262,10,Cso,5,2,Beta,2010-11-07
1121,S18E36,-18,-36,211,90,Esi,13,11,Beta-Gamma,2010-11-08
1122,N14W18,14,18,263,10,Cao,7,3,Beta,2010-11-08
1121,S19E20,-19,-20,213,50,Ero,13,12,Beta-Gamma,2010-11-09
1122,N13W31,13,31,263,30,Dro,7,4,Beta,2010-11-09
1121,S19E07,-19,-7,212,50,Eao,12,9,Beta,2010-11-10
1122,N14W43,14,43,263,20,Bxo,4,6,Beta,2010-11-10
1121,S20W01,-20,1,207,10,Axx,3,3,Alpha,2010-11-11
1122,N13W53,13,53,260,10,Axx,2,2,Alpha,2010-11-11
1123,S23E16,-23,-16,193,30,Dro,6,8,Beta,2010-11-11
1124,N14E38,14,-38,168,20,Dro,3,2,Beta,2010-11-11
1125,N19E34,19,-34,160,15,Cro,2,3,Beta,2010-11-12
1123,S22E03,-22,-3,190,80,Dai,5,12,Beta,2010-11-12
1124,N16E27,16,-27,164,15,Cao,7,3,Beta,2010-11-12
1123,S22W10,-22,10,192,50,Dai,6,15,Beta,2010-11-13
1124,N14E12,14,-12,169,30,Dao,4,8,Beta,2010-11-13
1125,N19E23,19,-23,156,10,Bxo,5,3,Beta,2010-11-13
1126,S28E73,-28,-73,108,10,Dso,3,2,Beta,2010-11-13
1123,S23W24,-23,24,191,50,Cro,5,7,Beta,2010-11-14
1124,N14W03,14,3,171,80,Dsi,6,11,Beta,2010-11-14
1125,N19E08,19,-8,160,30,Cro,3,3,Beta,2010-11-14
1126,S30E59,-30,-59,109,20,Cro,2,2,Beta,2010-11-14
1123,S22W37,-22,37,191,10,Bxo,6,7,Beta,2010-11-15
1124,N14W17,14,17,171,100,Dsi,8,15,Beta,2010-11-15
1125,N18W06,18,6,160,10,Bxo,4,5,Beta,2010-11-15
1126,S30E47,-30,-47,108,30,Cro,3,2,Beta,2010-11-15
1123,S22W48,-22,48,189,10,Axx,1,1,Alpha,2010-11-16
1124,N14W30,14,30,170,260,Dki,9,13,Beta,2010-11-16
1125,N18W21,18,21,162,10,Axx,1,1,Alpha,2010-11-16
1126,S31E33,-31,-33,108,50,Dro,6,7,Beta,2010-11-16
1124,N13W44,13,44,172,260,Dso,9,7,Beta,2010-11-17
1125,N20W43,20,43,159,10,Axx,2,2,Alpha,2010-11-17
1126,S32E20,-32,-20,107,80,Dao,6,5,Beta,2010-11-17
1127,N25E71,25,-71,55,120,Hsx,2,1,Alpha,2010-11-17
1123,S25W79,-25,79,193,0,Axx,0,1,Alpha,2010-11-18
1124,N14W58,14,58,172,220,Esi,11,9,Beta,2010-11-18
1126,S31E07,-31,-7,108,90,Dai,9,10,Beta,2010-11-18
1127,N25E56,25,-56,59,90,Hsx,2,1,Alpha,2010-11-18
1124,N14W71,14,71,172,150,Eso,12,5,Beta,2010-11-19
1126,S31W07,-31,7,108,40,Dso,7,4,Beta,2010-11-19
1127,N25E43,25,-43,58,60,Hsx,1,1,Alpha,2010-11-19
1124,N19W85,19,85,173,200,Eso,13,2,Beta,2010-11-20
1126,S31W19,-31,19,107,40,Dso,7,4,Beta,2010-11-20
1127,N24E30,24,-30,58,90,Hsx,2,1,Alpha,2010-11-20
1126,S32W30,-32,30,105,50,Cao,8,3,Beta,2010-11-21
1127,N24E18,24,-18,57,70,Hsx,2,1,Alpha,2010-11-21
1126,S32W44,-32,44,106,20,Bxo,8,4,Beta,2010-11-22
1127,N25E05,25,-5,57,60,Hsx,2,1,Alpha,2010-11-22
1126,S32W56,-32,56,104,10,Bxo,9,2,Beta,2010-11-23
1127,N25W08,25,8,56,80,Hsx,2,1,Alpha,2010-11-23
1127,N25W21,25,21,57,60,Hsx,4,2,Alpha,2010-11-24
1127,N25W34,25,34,56,50,Hsx,2,1,Alpha,2010-11-25
1127,N24W46,24,46,56,40,Hrx,2,1,Alpha,2010-11-26
1128,S16E59,-16,-59,310,10,Axx,1,1,Alpha,2010-11-26
1127,N23W59,23,59,59,30,Hsx,1,1,Alpha,2010-11-27
1128,S14E46,-14,-46,310,10,Bxo,3,2,Beta,2010-11-27
1127,N24W71,24,71,54,30,Hsx,2,1,Alpha,2010-11-28
1129,S25W76,-25,76,46,30,Bxo,10,3,Beta,2010-11-29
1130,N13E00,13,0,330,60,Csi,5,11,Beta,2010-11-29
1129,S26W88,-26,88,44,10,Axx,1,1,Alpha,2010-11-30
1130,N13W14,13,14,331,80,Dai,6,10,Beta,2010-11-30
1130,N12W27,12,27,330,190,Dsi,8,14,Beta,2010-12-01
1130,N14W40,14,40,331,250,Dai,9,15,Beta,2010-12-02
1130,N14W52,14,52,330,240,Dri,10,11,Beta,2010-12-03
1131,N30E68,30,-68,208,240,Hsx,5,1,Alpha,2010-12-03
1130,N12W67,12,67,331,150,Cro,7,6,Beta,2010-12-04
1131,N31E53,31,-53,211,390,Hhx,4,1,Alpha,2010-12-04
1130,N12W83,12,83,336,80,Hsx,3,1,Alpha,2010-12-05
1131,N30E40,30,-40,211,350,Cho,5,2,Beta,2010-12-05
1132,N11W01,11,1,251,30,Cro,4,4,Beta,2010-12-05
1133,N14E72,14,-72,180,100,Hhx,2,1,Alpha,2010-12-05
1130,N12W94,12,94,331,40,Hsx,1,1,Alpha,2010-12-06
1131,N31E28,31,-28,210,310,Hax,4,1,Alpha,2010-12-06
1132,N11W15,11,15,252,60,Bxo,6,4,Beta,2010-12-06
1133,N14E58,14,-58,180,80,Hso,2,1,Alpha,2010-12-06
1131,N31E15,31,-15,209,410,Hhx,4,1,Alpha,2010-12-07
1132,N10W30,10,30,251,10,Bxo,7,2,Beta,2010-12-07
1133,N16E43,16,-43,178,160,Hsx,2,2,Alpha,2010-12-07
1131,N31E03,31,-3,208,430,Cho,7,12,Beta,2010-12-08
1133,N15E31,15,-31,181,200,Hsx,2,2,Alpha,2010-12-08
1131,N31W10,31,10,209,330,Hax,4,1,Alpha,2010-12-09
1133,N14E18,14,-18,179,120,Hrx,3,1,Alpha,2010-12-09
1131,N32W23,32,23,208,310,Hhx,5,1,Alpha,2010-12-10
1133,N15E05,15,-5,178,90,Hsx,2,1,Alpha,2010-12-10
1131,N31W35,31,35,207,320,Hhx,4,1,Alpha,2010-12-11
1132,N11W83,11,83,255,0,Axx,0,1,Alpha,2010-12-11
1133,N15W09,15,9,181,90,Hsx,2,1,Alpha,2010-12-11
1131,N31W47,31,47,205,300,Cho,5,2,Beta,2010-12-12
1133,N15W22,15,22,180,110,Cso,3,3,Beta,2010-12-12
1131,N31W58,31,58,204,290,Dho,5,2,Beta,2010-12-13
1133,N14W33,14,33,179,90,Hsx,2,1,Alpha,2010-12-13
1131,N30W72,30,72,204,270,Hhx,4,1,Alpha,2010-12-14
1133,N14W48,14,48,179,80,Hsx,2,1,Alpha,2010-12-14
1134,N18W33,18,33,164,20,Cao,3,3,Beta,2010-12-14
1135,N18E56,18,-56,75,0,Axx,0,1,Alpha,2010-12-14
1131,N32W85,32,85,203,240,Hsx,5,1,Alpha,2010-12-15
1133,N15W61,15,61,179,80,Hsx,2,1,Alpha,2010-12-15
1134,N18W46,18,46,162,0,Axx,0,1,Alpha,2010-12-15
1133,N13W74,13,74,180,50,Hsx,1,1,Alpha,2010-12-16
1133,N16W94,16,94,186,60,Hsx,1,1,Alpha,2010-12-17
1135,N19E17,19,-17,76,20,Bxo,3,2,Beta,2010-12-17
1135,N19E02,19,-2,78,0,Axx,1,1,Alpha,2010-12-18
1136,S22W57,-22,57,30,10,Bxo,4,3,Beta,2010-12-26
1137,N18E23,18,-23,311,20,Cro,5,5,Beta,2010-12-26
1136,S22W71,-22,71,31,10,Bxo,4,2,Beta,2010-12-27
1137,N18E10,18,-10,310,10,Bxo,5,6,Beta,2010-12-27
1138,N13W12,13,12,320,50,Dao,5,4,Beta,2010-12-28
1138,N13W26,13,26,320,60,Dai,7,9,Beta-Gamma,2010-12-29
1138,N13W39,13,39,321,40,Dro,6,4,Beta-Gamma,2010-12-30
1139,S26E48,-26,-48,233,10,Bxo,2,2,Beta,2010-12-30
1138,N12W55,12,55,323,20,Hrx,2,3,Alpha,2010-12-31
1139,S26E33,-26,-33,235,0,Axx,0,1,Alpha,2010-12-31
1138,N12W70,12,70,324,10,Bxo,2,2,Beta,2011-01-01
1140,N32E67,32,-67,188,180,Hsx,3,1,Alpha,2011-01-01
1138,N17W82,17,82,323,10,Axx,5,2,Alpha,2011-01-02
1139,S30E03,-30,-3,239,0,Axx,1,1,Alpha,2011-01-02
1140,N32E52,32,-52,190,200,Hsx,4,1,Alpha,2011-01-02
1141,N35W25,35,25,267,100,Dso,7,6,Beta,2011-01-02
1142,S14E33,-14,-33,208,40,Dso,6,5,Beta,2011-01-02
1140,N32E40,32,-40,189,160,Hsx,3,1,Alpha,2011-01-03
1141,N34W39,34,39,268,10,Bxo,10,4,Beta,2011-01-03
1142,S12E21,-12,-21,207,90,Dso,8,3,Beta,2011-01-03
1140,N32E25,32,-25,190,180,Hsx,2,1,Alpha,2011-01-04
1141,N35W50,35,50,265,20,Bxo,11,7,Beta,2011-01-04
1142,S13E07,-13,-7,208,120,Dsi,10,13,Beta,2011-01-04
1140,N34E14,34,-14,189,210,Hsx,4,1,Alpha,2011-01-05
1141,N35W64,35,64,267,60,Eao,13,6,Beta,2011-01-05
1142,S12W05,-12,5,208,90,Dsi,8,17,Beta,2011-01-05
1140,N34E01,34,-1,188,190,Cso,6,3,Beta,2011-01-06
1141,N34W76,34,76,266,20,Bxo,12,3,Beta,2011-01-06
1142,S13W18,-13,18,208,40,Cao,8,14,Beta,2011-01-06
1140,N33W11,33,11,188,180,Hsx,3,1,Alpha,2011-01-07
1142,S14W32,-14,32,208,50,Cso,8,7,Beta,2011-01-07
1139,S27W74,-27,74,236,10,Axx,1,3,Alpha,2011-01-08
1140,N33W24,33,24,187,140,Cso,2,3,Beta,2011-01-08
1142,S14W45,-14,45,208,0,Axx,1,2,Alpha,2011-01-08
1143,S22E16,-22,-16,147,20,Dso,4,4,Beta,2011-01-08
1139,S29W87,-29,87,236,0,Axx,1,1,Alpha,2011-01-09
1140,N33W36,33,36,186,160,Cso,2,4,Beta,2011-01-09
1142,S15W56,-15,56,205,10,Bxo,2,3,Beta,2011-01-09
1143,S23E02,-23,-2,146,10,Bxo,6,4,Beta,2011-01-09
1140,N32W49,32,49,185,130,Hsx,2,1,Alpha,2011-01-10
1142,S17W75,-17,75,212,10,Bxo,6,4,Beta,2011-01-10
1144,S16W36,-16,36,173,0,Axx,2,1,Alpha,2011-01-10
1145,N15E39,15,-39,97,10,Bxo,4,4,Beta,2011-01-10
1140,N32W61,32,61,184,130,Hsx,4,1,Alpha,2011-01-11
1145,N16E27,16,-27,98,10,Bxo,5,3,Beta,2011-01-11
1146,N23E46,23,-46,77,0,Axx,1,1,Alpha,2011-01-11
1140,N33W74,33,74,185,120,Cso,5,3,Beta,2011-01-12
1146,N23E33,23,-33,76,10,Bxo,2,3,Beta,2011-01-12
1140,N32W87,32,87,183,70,Hsx,3,1,Alpha,2011-01-13
1146,N24E19,24,-19,78,10,Bxo,2,2,Beta,2011-01-13
1146,N23E06,23,-6,76,10,Bxo,3,4,Beta,2011-01-14
1145,N16W25,16,25,100,0,Axx,1,1,Alpha,2011-01-15
1147,N24E80,24,-80,344,120,Hrx,1,1,Alpha,2011-01-16
1147,N27E65,27,-65,339,120,Dso,6,5,Beta,2011-01-17
1147,N25E52,25,-52,339,150,Cso,11,12,Beta,2011-01-18
1148,S28W32,-28,32,65,10,Bxo,5,4,Beta,2011-01-18
1147,N26E37,26,-37,340,160,Cso,13,12,Beta-Gamma,2011-01-19
1148,S28W46,-28,46,63,30,Cro,4,2,Beta,2011-01-19
1147,N25E22,25,-22,343,130,Cso,9,7,Beta-Gamma,2011-01-20
1148,S28W57,-28,57,62,10,Axx,1,1,Alpha,2011-01-20
1147,N24E09,24,-9,342,170,Cso,9,9,Beta,2011-01-21
1148,S28W72,-28,72,63,20,Bxo,2,3,Alpha,2011-01-21
1147,N24W07,24,7,345,90,Hsx,5,2,Alpha,2011-01-22
1149,N18W05,18,5,343,70,Dri,7,20,Beta-Gamma,2011-01-22
1147,N24W22,24,22,347,90,Hsx,2,1,Alpha,2011-01-23
1149,N18W19,18,19,344,150,Dsi,8,15,Beta-Gamma,2011-01-23
1147,N24W36,24,36,348,80,Hsx,2,1,Alpha,2011-01-24
1149,N17W32,17,32,344,160,Dsi,10,18,Beta-Gamma,2011-01-24
1147,N24W49,24,49,347,110,Hsx,2,1,Alpha,2011-01-25
1149,N16W45,16,45,344,160,Dsi,9,7,Beta,2011-01-25
1147,N24W65,24,65,351,100,Hsx,1,1,Alpha,2011-01-26
1149,N17W62,17,62,347,130,Dso,9,6,Beta,2011-01-26
1147,N24W77,24,77,349,150,Hsx,2,1,Alpha,2011-01-27
1149,N17W77,17,77,349,250,Dso,4,4,Beta,2011-01-27
1150,S22E62,-22,-62,184,10,Bxo,3,5,Beta,2011-01-29
1151,N09W60,9,60,306,20,Cro,2,2,Beta,2011-01-29
1150,S22E50,-22,-50,182,20,Bxo,6,6,Beta,2011-01-30
1151,N11W71,11,71,303,5,Axx,1,1,Alpha,2011-01-30
1150,S21E37,-21,-37,182,50,Dao,8,12,Beta,2011-01-31
1150,S20E24,-20,-24,183,70,Dao,7,11,Beta,2011-02-01
1150,S22E11,-22,-11,183,80,Dsi,8,12,Beta,2011-02-02
1150,S20W02,-20,2,182,80,Dso,10,12,Beta,2011-02-03
1150,S22W13,-22,13,178,10,Bxo,11,6,Beta,2011-02-04
1152,S18E11,-18,-11,157,10,Bxo,5,6,Beta,2011-02-04
1150,S20W30,-20,30,187,30,Cro,3,5,Beta,2011-02-05
1152,S18W01,-18,1,155,30,Cro,5,6,Beta,2011-02-05
1153,N15W18,15,18,172,30,Cro,5,4,Beta,2011-02-05
1152,S18W14,-18,14,154,15,Bxo,4,3,Beta,2011-02-06
1153,N15W31,15,31,172,10,Bxo,4,3,Beta,2011-02-06
1150,S22W51,-22,51,178,0,Axx,1,1,Alpha,2011-02-07
1152,S20W26,-20,26,154,15,Bxo,2,5,Beta,2011-02-07
1153,N16W42,16,42,168,15,Bxo,8,5,Beta,2011-02-07
1150,S23W63,-23,63,178,0,Axx,0,1,Alpha,2011-02-08
1153,N15W56,15,56,171,30,Dro,5,7,Beta,2011-02-08
1153,N15W71,15,71,171,80,Dko,5,8,Beta,2011-02-09
1154,N08W51,8,51,152,10,Hrx,1,1,Alpha,2011-02-09
1155,N17E26,17,-26,75,10,Cro,2,3,Beta,2011-02-09
1156,S19E43,-19,-43,63,10,Cro,4,6,Beta,2011-02-09
1157,N22E36,22,-36,64,10,Cro,1,3,Beta,2011-02-09
1153,N15W88,15,88,175,180,Dso,9,6,Beta-Gamma,2011-02-10
1156,S14E23,-14,-23,64,20,Cro,5,11,Beta,2011-02-10
1157,N22E22,22,-22,69,20,Cso,5,7,Beta,2011-02-10
1156,S14E09,-14,-9,66,20,Dro,5,11,Beta,2011-02-11
1157,N22E08,22,-8,67,20,Cro,5,7,Beta,2011-02-11
1156,S21W06,-21,6,68,40,Cro,7,5,Beta,2011-02-12
1157,N18W04,18,4,65,10,Bxo,5,2,Beta,2011-02-12
1158,S19E25,-19,-25,36,40,Cro,5,5,Beta,2011-02-12
1159,N18E26,18,-26,35,10,Axx,1,2,Alpha,2011-02-12
1156,S21W22,-21,22,70,10,Bxo,4,2,Beta,2011-02-13
1157,N18W18,18,18,67,30,Cro,4,5,Beta,2011-02-13
1158,S19E11,-19,-11,38,40,Dsi,9,12,Beta,2011-02-13
1159,N19E09,19,-9,39,10,Bxo,2,4,Beta,2011-02-13
1156,S21W35,-21,35,71,0,Axx,2,3,Alpha,2011-02-14
1157,N18W30,18,30,65,40,Dso,4,7,Beta,2011-02-14
1158,S20W03,-20,3,34,120,Eac,10,31,Beta-Gamma,2011-02-14
1159,N19W01,19,1,34,20,Cso,5,3,Beta,2011-02-14
1157,N19W43,19,43,65,40,Dso,8,9,Beta,2011-02-15
1158,S21W14,-21,14,36,450,Ekc,12,36,Beta-Gamma,2011-02-15
1159,N19W14,19,14,34,10,Bxo,6,2,Beta,2011-02-15
1161,N11E52,11,-52,330,30,Bxo,5,3,Beta,2011-02-15
1157,N19W57,19,57,67,50,Dao,8,9,Beta,2011-02-16
1158,S21W27,-21,27,36,600,Ekc,12,36,Beta-Gamma-Delta,2011-02-16
1159,N19W28,19,28,38,5,Axx,6,2,Alpha,2011-02-16
1161,N11E38,11,-38,331,130,Dai,8,13,Beta,2011-02-16
1157,N19W70,19,70,66,10,Bxo,8,2,Beta,2011-02-17
1158,S21W39,-21,39,33,620,Ekc,13,19,Beta-Gamma-Delta,2011-02-17
1161,N13E25,13,-25,330,120,Dhi,9,9,Beta-Gamma,2011-02-17
1158,S19W52,-19,52,34,290,Eac,13,17,Beta-Gamma-Delta,2011-02-18
1161,N12E13,12,-13,329,140,Eac,12,14,Beta-Gamma,2011-02-18
1158,S19W64,-19,64,34,310,Ehc,12,25,Beta-Gamma-Delta,2011-02-19
1161,N12W02,12,2,331,200,Eai,12,28,Beta-Gamma,2011-02-19
1162,N18W06,18,6,336,260,Dai,7,18,Beta-Gamma,2011-02-19
1158,S19W78,-19,78,35,280,Dkc,12,10,Beta-Gamma,2011-02-20
1161,N11W15,11,15,332,250,Ekc,15,19,Beta-Gamma-Delta,2011-02-20
1162,N18W19,18,19,336,150,Dai,8,20,Beta-Gamma,2011-02-20
1158,S21W88,-21,88,31,200,Dsi,10,10,Beta-Gamma,2011-02-21
1161,N11W28,11,28,331,260,Ekc,15,39,Beta-Gamma,2011-02-21
1162,N18W32,18,32,335,160,Dsi,9,24,Beta,2011-02-21
1161,N11W42,11,42,331,220,Ekc,13,25,Beta-Gamma,2011-02-22
1162,N17W46,17,46,336,120,Dao,7,15,Beta,2011-02-22
1161,N11W56,11,56,333,250,Eao,10,11,Beta-Gamma,2011-02-23
1162,N17W59,17,59,336,100,Dso,4,3,Beta,2011-02-23
1161,N11W69,11,69,336,130,Dso,9,4,Beta,2011-02-24
1162,N17W73,17,73,339,70,Cso,3,3,Beta,2011-02-24
1161,N11W87,11,87,334,60,Hax,9,1,Alpha,2011-02-25
1163,N18E72,18,-72,176,200,Cro,1,2,Beta,2011-02-25
1163,N17E60,17,-60,177,120,Dai,8,10,Beta-Gamma,2011-02-26
1164,N28E76,28,-76,162,250,Hkx,4,1,Alpha,2011-02-26
1163,N18E46,18,-46,178,110,Dai,6,9,Beta-Gamma,2011-02-27
1164,N28E60,28,-60,164,200,Dao,10,7,Beta-Gamma,2011-02-27
1165,S22E43,-22,-43,181,20,Bxo,4,3,Beta,2011-02-27
1163,N18E32,18,-32,179,10,Axx,1,1,Alpha,2011-02-28
1164,N27E46,27,-46,165,170,Eso,14,12,Beta-Gamma,2011-02-28
1165,S21E29,-21,-29,181,10,Axx,1,1,Alpha,2011-02-28
1163,N18E19,18,-19,178,10,Axx,1,1,Alpha,2011-03-01
1164,N26E33,26,-33,164,350,Ehc,12,19,Beta-Gamma,2011-03-01
1165,S21E14,-21,-14,183,20,Bxo,3,4,Beta,2011-03-01
1163,N17E05,17,-5,179,10,Bxo,3,2,Beta,2011-03-02
1164,N25E20,25,-20,165,550,Ekc,14,31,Beta-Gamma-Delta,2011-03-02
1165,S22E03,-22,-3,182,60,Cso,5,9,Beta,2011-03-02
1164,N25E08,25,-8,165,400,Ekc,15,41,Beta-Gamma-Delta,2011-03-03
1165,S22W09,-22,9,180,30,Bxo,5,11,Beta,2011-03-03
1166,N10E77,10,-77,95,10,Hrx,1,1,Alpha,2011-03-03
1164,N25W06,25,6,164,470,Ekc,14,21,Beta-Gamma,2011-03-04
1165,S19W26,-19,26,184,10,Bxo,6,5,Beta,2011-03-04
1166,N09E65,9,-65,93,140,Dso,6,3,Beta,2011-03-04
1167,N14E31,14,-31,126,10,Bxo,2,2,Beta,2011-03-04
1164,N25W19,25,19,164,570,Ekc,14,27,Beta-Gamma-Delta,2011-03-05
1165,S19W40,-19,40,186,20,Bxo,4,6,Beta,2011-03-05
1166,N09E55,9,-55,90,490,Eac,11,15,Beta,2011-03-05
1167,N15E20,15,-20,125,20,Bxo,7,5,Beta,2011-03-05
1168,N24W73,24,73,218,0,Axx,1,1,Alpha,2011-03-05
1164,N24W34,24,34,165,770,Fkc,17,28,Beta-Gamma-Delta,2011-03-06
1165,S21W52,-21,52,183,160,Bxo,10,14,Beta,2011-03-06
1166,N10E41,10,-41,90,610,Eki,12,16,Beta-Gamma,2011-03-06
1167,N14E05,14,-5,126,20,Bxo,5,4,Beta,2011-03-06
1168,N23W84,23,84,215,30,Hax,1,2,Alpha,2011-03-06
1164,N24W46,24,46,165,640,Ekc,12,25,Beta-Gamma-Delta,2011-03-07
1165,S20W68,-20,68,186,200,Eao,11,21,Beta,2011-03-07
1166,N11E27,11,-27,91,360,Ekc,11,16,Beta-Gamma,2011-03-07
1167,N09W09,9,9,127,20,Bxo,4,2,Beta,2011-03-07
1169,N21E56,21,-56,62,30,Bxo,4,4,Beta,2011-03-07
1164,N24W59,24,59,164,760,Ekc,13,20,Beta-Gamma-Delta,2011-03-08
1165,S20W78,-20,78,184,420,Fko,16,18,Beta-Gamma-Delta,2011-03-08
1166,N11E12,11,-12,93,410,Ekc,15,25,Beta-Gamma-Delta,2011-03-08
1167,N15W18,15,18,124,10,Bxo,3,2,Beta,2011-03-08
1169,N20E44,20,-44,61,50,Dsi,5,7,Beta,2011-03-08
1164,N23W71,23,71,163,580,Ekc,11,23,Beta-Gamma-Delta,2011-03-09
1165,S18W92,-18,92,184,200,Eki,11,5,Beta-Gamma-Delta,2011-03-09
1166,N11W01,11,1,93,550,Fkc,16,35,Beta-Gamma-Delta,2011-03-09
1167,N13W36,13,36,128,10,Axx,1,1,Alpha,2011-03-09
1169,N19E31,19,-31,61,170,Dso,8,11,Beta,2011-03-09
1170,S26W68,-26,68,160,30,Bxo,3,2,Beta,2011-03-09
1164,N23W84,23,84,164,350,Dai,10,9,Beta-Gamma,2011-03-10
1166,N09W12,9,12,92,630,Ekc,13,55,Beta-Gamma-Delta,2011-03-10
1169,N20E18,20,-18,61,220,Esc,10,22,Beta-Gamma,2011-03-10
1170,S25W80,-25,80,160,50,Bxo,5,6,Beta,2011-03-10
1166,N09W26,9,26,92,750,Ekc,13,25,Beta-Gamma,2011-03-11
1167,N12W66,12,66,131,10,Bxo,3,2,Beta,2011-03-11
1169,N20E04,20,-4,62,160,Eai,12,15,Beta-Gamma,2011-03-11
1170,S25W94,-25,94,161,20,Hrx,2,6,Alpha,2011-03-11
1166,N09W39,9,39,92,690,Ekc,13,47,Beta-Gamma-Delta,2011-03-12
1169,N20W09,20,9,62,250,Eki,13,26,Beta-Gamma,2011-03-12
1172,N11E72,11,-72,340,10,Bxo,3,2,Beta,2011-03-12
1166,N09W52,9,52,91,770,Ekc,13,29,Beta-Gamma-Delta,2011-03-13
1169,N19W22,19,22,61,260,Ekc,13,17,Beta-Gamma,2011-03-13
1172,N12E58,12,-58,345,20,Bxo,4,2,Beta,2011-03-13
1166,N10W65,10,65,92,640,Ekc,11,14,Beta-Gamma,2011-03-14
1169,N20W34,20,34,60,290,Cro,13,17,Beta,2011-03-14
1172,N12E44,12,-44,342,20,Bxo,7,3,Beta,2011-03-14
1166,N09W78,9,78,91,450,Dao,10,9,Beta-Gamma,2011-03-15
1169,N18W47,18,47,60,360,Dao,9,8,Beta-Gamma,2011-03-15
1172,N14E30,14,-30,343,10,Bxo,8,4,Beta,2011-03-15
1166,N12W91,12,91,92,150,Dai,9,5,Beta-Gamma,2011-03-16
1169,N17W60,17,60,60,340,Dhc,9,10,Beta-Gamma,2011-03-16
1172,N10E17,10,-17,345,10,Bxo,9,2,Beta,2011-03-16
1169,N17W75,17,75,62,260,Dhi,9,9,Beta-Gamma,2011-03-17
1172,N11E02,11,-2,345,0,Axx,1,1,Alpha,2011-03-17
1173,S28E39,-28,-39,308,40,Cao,6,10,Beta,2011-03-17
1169,N18W89,18,89,63,100,Hsx,3,2,Alpha,2011-03-18
1173,S29E26,-29,-26,308,60,Cao,8,11,Beta,2011-03-18
1174,N22W36,22,36,10,10,Bxo,3,2,Beta,2011-03-18
1173,S29E14,-29,-14,307,30,Cro,7,9,Beta,2011-03-19
1175,N13W09,13,9,330,20,Cro,5,6,Beta,2011-03-19
1173,S30E01,-30,-1,307,20,Bxo,6,6,Beta,2011-03-20
1174,N23W63,23,63,11,0,Axx,1,1,Alpha,2011-03-20
1175,N14W22,14,22,330,60,Cso,6,11,Beta,2011-03-20
1173,S29W13,-29,13,307,20,Bxo,4,5,Beta,2011-03-21
1174,N23W76,23,76,11,0,Axx,1,1,Alpha,2011-03-21
1175,N14W36,14,36,330,130,Csi,8,11,Beta,2011-03-21
1175,N12W50,12,50,331,140,Dso,7,13,Beta,2011-03-22
1176,S13E81,-13,-81,200,180,Hsx,2,1,Alpha,2011-03-22
1175,N11W65,11,65,333,130,Dso,9,8,Beta,2011-03-23
1176,S14E69,-14,-69,198,340,Dho,10,3,Beta,2011-03-23
1175,N11W76,11,76,331,80,Cso,8,3,Beta,2011-03-24
1176,S15E58,-15,-58,196,490,Eko,11,12,Beta-Gamma,2011-03-24
1177,N21E51,21,-51,204,10,Axx,1,1,Alpha,2011-03-24
1176,S16E44,-16,-44,198,380,Eki,15,25,Beta-Gamma,2011-03-25
1177,N21E37,21,-37,205,10,Bxo,1,3,Beta,2011-03-25
1178,S13E68,-13,-68,174,0,Axx,1,1,Alpha,2011-03-25
1179,N09W32,9,32,274,10,Bxo,2,4,Beta,2011-03-25
1176,S16E30,-16,-30,198,440,Ehi,13,28,Beta-Gamma,2011-03-26
1177,N21E24,21,-24,204,40,Cao,4,6,Beta,2011-03-26
1178,S15E55,-15,-55,173,50,Cao,4,4,Beta,2011-03-26
1179,N09W46,9,46,274,20,Bxo,4,4,Beta,2011-03-26
1180,N26E66,26,-66,162,30,Hsx,2,1,Alpha,2011-03-26
1181,S25E69,-25,-69,159,10,Hsx,2,1,Alpha,2011-03-26
1176,S16E16,-16,-16,199,420,Fki,16,28,Beta-Gamma,2011-03-27
1177,N20E11,20,-11,204,30,Cro,4,5,Beta,2011-03-27
1178,S15E43,-15,-43,172,130,Dai,6,7,Beta,2011-03-27
1179,N08W61,8,61,276,10,Bxo,2,2,Beta,2011-03-27
1180,N25E53,25,-53,162,70,Hsx,2,1,Alpha,2011-03-27
1181,S25E55,-25,-55,159,10,Axx,1,1,Alpha,2011-03-27
1176,S15E02,-15,-2,200,400,Eki,15,27,Beta-Gamma,2011-03-28
1177,N19W02,19,2,204,30,Cro,4,5,Beta,2011-03-28
1178,S15E32,-15,-32,170,60,Dao,5,8,Beta,2011-03-28
1179,N09W74,9,74,276,0,Axx,1,1,Alpha,2011-03-28
1180,N24E40,24,-40,162,50,Hsx,2,1,Alpha,2011-03-28
1181,S26E45,-26,-45,157,20,Hsx,2,1,Alpha,2011-03-28
1182,N13E01,13,-1,201,0,Axx,1,1,Alpha,2011-03-28
1183,N15E62,15,-62,140,150,Eai,13,8,Beta-Gamma,2011-03-28
1176,S17W11,-17,11,200,250,Fki,17,22,Beta-Gamma,2011-03-29
1177,N19W17,19,17,206,10,Bxo,2,4,Beta,2011-03-29
1178,S15E17,-15,-17,172,40,Dao,5,4,Beta,2011-03-29
1180,N24E26,24,-26,163,30,Hsx,1,1,Alpha,2011-03-29
1181,S26E31,-26,-31,158,10,Hrx,2,1,Alpha,2011-03-29
1183,N15E54,15,-54,135,250,Eac,12,11,Beta-Gamma,2011-03-29
1176,S16W24,-16,24,199,210,Fsi,20,21,Beta-Gamma,2011-03-30
1177,N19W30,19,30,205,10,Bxo,3,4,Beta,2011-03-30
1178,S16E04,-16,-4,171,10,Bxo,6,6,Beta,2011-03-30
1180,N24E12,24,-12,162,20,Hrx,1,1,Alpha,2011-03-30
1181,S25E18,-25,-18,157,10,Axx,2,2,Alpha,2011-03-30
1183,N15E39,15,-39,136,210,Eac,12,14,Beta,2011-03-30
1176,S17W37,-17,37,200,220,Fso,19,15,Beta,2011-03-31
1178,S17W10,-17,10,172,10,Bxo,8,4,Beta,2011-03-31
1180,N23W01,23,1,163,30,Hsx,1,1,Alpha,2011-03-31
1181,S26E06,-26,-6,157,10,Axx,1,1,Alpha,2011-03-31
1183,N15E27,15,-27,135,330,Eai,14,20,Beta,2011-03-31
1176,S16W51,-16,51,201,140,Fso,19,10,Beta,2011-04-01
1178,S17W22,-17,22,171,0,Axx,0,1,Alpha,2011-04-01
1180,N24W13,24,13,162,10,Hrx,1,1,Alpha,2011-04-01
1181,S27W08,-27,8,157,10,Hrx,0,1,Alpha,2011-04-01
1183,N15E14,15,-14,135,140,Eso,12,13,Beta,2011-04-01
1176,S15W65,-15,65,201,100,Fso,16,4,Beta,2011-04-02
1180,N25W25,25,25,161,10,Hrx,0,1,Alpha,2011-04-02
1183,N17E01,17,-1,135,220,Esi,12,16,Beta,2011-04-02
1184,N15E29,15,-29,107,0,Axx,0,1,Alpha,2011-04-02
1176,S17W79,-17,79,200,100,Fso,17,3,Beta,2011-04-03
1180,N24W38,24,38,160,20,Hsx,1,1,Alpha,2011-04-03
1183,N15W12,15,12,134,130,Eso,12,18,Beta,2011-04-03
1184,N15E15,15,-15,108,30,Bxo,3,4,Beta,2011-04-03
1176,S18W90,-18,90,200,40,Hsx,2,1,Alpha,2011-04-04
1180,N25W50,25,50,160,30,Hsx,1,1,Alpha,2011-04-04
1183,N17W25,17,25,135,150,Eso,13,13,Beta,2011-04-04
1184,N18E01,18,-1,109,70,Dso,6,15,Beta,2011-04-04
1180,N24W63,24,63,160,20,Hsx,2,1,Alpha,2011-04-05
1181,S27W50,-27,50,147,10,Axx,2,2,Alpha,2011-04-05
1183,N15W41,15,41,138,90,Cso,6,7,Beta,2011-04-05
1184,N17W13,17,13,110,170,Dso,9,22,Beta,2011-04-05
1185,N23E62,23,-62,35,50,Hsx,3,1,Alpha,2011-04-05
1181,S27W64,-27,64,148,10,Axx,1,2,Alpha,2011-04-06
1183,N14W54,14,54,140,20,Cro,3,2,Beta,2011-04-06
1184,N15W26,15,26,109,170,Dso,9,11,Beta,2011-04-06
1185,N23E50,23,-50,33,100,Cso,7,5,Beta,2011-04-06
1183,N15W71,15,71,140,40,Hsx,2,1,Alpha,2011-04-07
1184,N16W41,16,41,110,110,Dso,10,9,Beta,2011-04-07
1185,N22E38,22,-38,33,70,Cso,5,5,Beta,2011-04-07
1186,N22E58,22,-58,13,10,Axx,1,1,Alpha,2011-04-07
1183,N14W83,14,83,140,10,Axx,1,1,Alpha,2011-04-08
1184,N16W57,16,57,113,160,Dso,10,7,Beta,2011-04-08
1185,N24E24,24,-24,33,50,Cso,6,6,Beta,2011-04-08
1186,N22E44,22,-44,13,60,Cso,14,8,Beta,2011-04-08
1187,S19E62,-19,-62,354,10,Axx,0,1,Alpha,2011-04-08
1184,N15W68,15,68,113,170,Hsx,6,2,Alpha,2011-04-09
1185,N20E14,20,-14,29,20,Cso,8,14,Beta,2011-04-09
1186,N22E37,22,-37,12,50,Dso,8,8,Beta,2011-04-09
1187,S18E50,-18,-50,353,30,Cso,4,4,Beta,2011-04-09
1188,S25W06,-25,6,50,20,Cro,3,3,Beta,2011-04-09
1189,N23E11,23,-11,33,40,Dso,7,6,Beta,2011-04-09
1184,N14W85,14,85,115,80,Hsx,3,1,Alpha,2011-04-10
1185,N18E15,18,-15,26,30,Cso,7,9,Beta,2011-04-10
1186,N23E18,23,-18,12,40,Cro,7,5,Beta,2011-04-10
1187,S18E38,-18,-38,352,40,Cso,4,4,Beta,2011-04-10
1188,S24W20,-24,20,51,10,Bxo,3,2,Beta,2011-04-10
1189,N23W02,23,2,32,30,Cso,5,3,Beta,2011-04-10
1185,N17W08,17,8,25,60,Dsi,7,15,Beta,2011-04-11
1186,N23E06,23,-6,11,70,Dso,10,8,Beta,2011-04-11
1187,S18E23,-18,-23,354,20,Bxo,2,3,Beta,2011-04-11
1185,N17W21,17,21,26,60,Dri,7,17,Beta,2011-04-12
1186,N23W07,23,7,11,70,Dso,10,12,Beta,2011-04-12
1187,S19E11,-19,-11,353,20,Bxo,4,5,Beta,2011-04-12
1190,N12E25,12,-25,339,40,Cri,3,6,Beta,2011-04-12
1185,N16W34,16,34,25,40,Cso,9,10,Beta,2011-04-13
1186,N22W20,22,20,9,90,Csi,11,16,Beta,2011-04-13
1187,S20W01,-20,1,352,20,Bxo,6,5,Beta,2011-04-13
1190,N15E12,15,-12,339,110,Dai,9,20,Beta-Gamma,2011-04-13
1191,N09E71,9,-71,280,60,Hsx,2,1,Alpha,2011-04-13
1192,N11W01,11,1,352,20,Bxo,3,2,Beta,2011-04-13
1185,N16W48,16,48,26,30,Cao,4,10,Beta,2011-04-14
1186,N22W33,22,33,10,70,Csi,14,15,Beta,2011-04-14
1187,S22W15,-22,15,352,10,Bxo,3,2,Beta,2011-04-14
1189,N21W59,21,59,36,10,Axx,2,2,Alpha,2011-04-14
1190,N12W00,12,0,338,150,Eac,11,34,Beta-Gamma,2011-04-14
1191,N08E56,8,-56,281,140,Hsx,2,1,Alpha,2011-04-14
1192,N10W15,10,15,352,20,Bxo,4,3,Beta,2011-04-14
1193,N17E71,17,-71,266,220,Dao,9,6,Beta,2011-04-14
1185,N16W65,16,65,30,20,Hrx,1,2,Alpha,2011-04-15
1186,N21W49,21,49,13,20,Hrx,6,6,Alpha,2011-04-15
1190,N13W14,13,14,338,240,Eki,12,37,Beta,2011-04-15
1191,N08E45,8,-45,278,100,Cao,9,3,Beta,2011-04-15
1192,N10W28,10,28,352,10,Bxo,3,2,Beta,2011-04-15
1193,N16E58,16,-58,266,260,Dao,10,9,Beta,2011-04-15
1194,S32W42,-32,42,7,10,Bxo,3,2,Beta,2011-04-15
1185,N14W79,14,79,30,10,Axx,1,1,Alpha,2011-04-16
1186,N21W65,21,65,16,30,Hrx,1,1,Alpha,2011-04-16
1190,N13W26,13,26,338,430,Ehc,11,32,Beta,2011-04-16
1191,N08E31,8,-31,280,100,Hax,7,2,Alpha,2011-04-16
1192,N10W44,10,44,355,10,Axx,0,1,Alpha,2011-04-16
1193,N17E44,17,-44,267,340,Eko,12,14,Beta,2011-04-16
1194,S31W56,-31,56,7,10,Axx,2,3,Alpha,2011-04-16
1190,N14W40,14,40,338,440,Eki,13,24,Beta-Gamma,2011-04-17
1191,N08E15,8,-15,283,90,Hax,2,1,Alpha,2011-04-17
1192,N10W59,10,59,357,10,Axx,1,1,Alpha,2011-04-17
1193,N16E32,16,-32,265,360,Eki,13,19,Beta-Gamma,2011-04-17
1194,S31W70,-31,70,8,10,Axx,1,2,Alpha,2011-04-17
1190,N14W53,14,53,337,310,Dko,8,11,Beta-Gamma,2011-04-18
1191,N08E07,8,-7,278,70,Cso,9,5,Beta,2011-04-18
1193,N16E19,16,-19,266,430,Eai,12,21,Beta-Gamma,2011-04-18
1190,N13W68,13,68,339,260,Dko,5,8,Beta,2011-04-19
1191,N08W07,8,7,279,70,Cso,9,7,Beta,2011-04-19
1193,N17E05,17,-5,266,350,Esc,13,22,Beta,2011-04-19
1190,N12W82,12,82,339,260,Dko,5,4,Beta,2011-04-20
1191,N08W24,8,24,280,50,Cso,7,5,Beta,2011-04-20
1193,N17W08,17,8,265,350,Eki,14,26,Beta-Gamma,2011-04-20
1195,S16E68,-16,-68,189,20,Dao,1,1,Beta,2011-04-20
1190,N14W94,14,94,339,60,Cao,2,2,Beta,2011-04-21
1191,N07W39,7,39,284,15,Hrx,2,1,Alpha,2011-04-21
1193,N16W20,16,20,265,300,Ehi,13,26,Beta,2011-04-21
1195,S17E55,-17,-55,189,100,Dai,6,7,Beta,2011-04-21
1196,S27E69,-27,-69,175,80,Dao,10,4,Beta,2011-04-21
1191,N08W52,8,52,283,10,Hrx,1,1,Alpha,2011-04-22
1193,N16W32,16,32,264,300,Ehi,13,20,Beta,2011-04-22
1195,S17E43,-17,-43,189,240,Dai,9,10,Beta,2011-04-22
1196,S26E63,-26,-63,169,40,Cso,8,4,Beta,2011-04-22
1197,S16E57,-16,-57,175,10,Axx,0,1,Alpha,2011-04-22
1198,S26W38,-26,38,270,10,Bxo,3,4,Alpha,2011-04-22
1191,N08W66,8,66,284,10,Axx,2,3,Alpha,2011-04-23
1193,N17W45,17,45,264,190,Esi,13,16,Beta,2011-04-23
1195,S18E28,-18,-28,190,340,Ekc,11,25,Beta-Gamma,2011-04-23
1196,S25E52,-25,-52,167,50,Cro,10,6,Beta,2011-04-23
1198,S25W53,-25,53,272,10,Bxo,3,3,Beta,2011-04-23
1193,N17W57,17,57,262,270,Eki,9,18,Beta-Gamma,2011-04-24
1195,S16E14,-16,-14,191,310,Ekc,8,22,Beta-Gamma,2011-04-24
1196,S26E40,-26,-40,166,10,Bxo,7,10,Beta,2011-04-24
1193,N18W73,18,73,265,200,Cao,7,18,Beta,2011-04-25
1195,S15W00,-15,0,192,300,Dho,11,23,Beta,2011-04-25
1196,S25E21,-25,-21,171,20,Cso,4,7,Beta,2011-04-25
1193,N16W84,16,84,262,270,Dso,9,8,Beta,2011-04-26
1195,S16W12,-16,12,190,400,Ehi,10,25,Beta,2011-04-26
1196,S26E11,-26,-11,168,10,Bxo,6,4,Beta,2011-04-26
1195,S17W25,-17,25,191,210,Eho,10,4,Beta,2011-04-27
1196,S28E02,-28,-2,164,5,Axx,1,1,Alpha,2011-04-27
1199,N21W23,21,23,189,20,Cai,5,8,Beta,2011-04-27
1200,S17E42,-17,-42,124,10,Bxo,4,4,Beta,2011-04-27
1195,S17W38,-17,38,191,230,Dho,10,7,Beta,2011-04-28
1199,N21W34,21,34,187,120,Dai,7,12,Beta,2011-04-28
1195,S18W52,-18,52,192,220,Dho,10,6,Beta,2011-04-29
1196,S23W32,-23,32,172,10,Bxo,2,2,Beta,2011-04-29
1199,N18W48,18,48,188,170,Dhi,8,10,Beta,2011-04-29
1202,N15W38,15,38,177,10,Bxo,2,2,Beta,2011-04-29
1203,N19E77,19,-77,62,40,Hsx,5,1,Alpha,2011-04-29
1195,S15W65,-15,65,192,170,Dho,8,4,Beta,2011-04-30
1196,S30W45,-30,45,172,10,Bxo,1,2,Beta,2011-04-30
1199,N18W62,18,62,188,180,Esi,6,8,Beta,2011-04-30
1200,S17E05,-17,-5,121,30,Bxo,3,4,Beta,2011-04-30
1203,N18E64,18,-64,62,50,Cso,1,2,Beta,2011-04-30
1195,S16W80,-16,80,192,110,Dho,4,2,Beta,2011-05-01
1199,N20W74,20,74,186,200,Dhi,8,7,Beta,2011-05-01
1200,S18W09,-18,9,121,20,Bxo,3,5,Beta,2011-05-01
1202,N15W65,15,65,179,80,Dao,8,8,Beta,2011-05-01
1203,N18E51,18,-51,61,120,Dao,4,4,Beta,2011-05-01
1195,S16W93,-16,93,197,120,Hsx,3,1,Alpha,2011-05-02
1199,N18W86,18,86,188,210,Dso,1,5,Beta,2011-05-02
1200,S18W23,-18,23,122,10,Bxo,4,8,Beta,2011-05-02
1203,N19E38,19,-38,61,160,Cso,6,3,Beta,2011-05-02
1200,S17W37,-17,37,123,10,Bxo,1,3,Beta,2011-05-03
1203,N18E28,18,-28,58,100,Cso,7,4,Beta,2011-05-03
1204,N17E38,17,-38,48,50,Cso,5,3,Beta,2011-05-03
1205,N14E52,14,-52,34,0,Axx,1,1,Alpha,2011-05-03
1200,S18W49,-18,49,122,30,Cro,8,10,Beta,2011-05-04
1203,N17E11,17,-11,63,120,Hsx,3,1,Alpha,2011-05-04
1204,N17E26,17,-26,47,130,Cao,7,10,Beta,2011-05-04
1205,N14E37,14,-37,36,10,Bxo,3,3,Beta,2011-05-04
1206,N22W18,22,18,91,10,Bxo,3,3,Beta,2011-05-04
1200,S18W61,-18,61,123,20,Bxo,2,2,Beta,2011-05-05
1203,N17W02,17,2,64,120,Cao,5,6,Beta,2011-05-05
1204,N17E13,17,-13,49,120,Cao,7,12,Beta,2011-05-05
1205,N14E23,14,-23,38,10,Axx,5,1,Alpha,2011-05-05
1206,N22W32,22,32,93,10,Bxo,3,1,Beta,2011-05-05
1200,S18W75,-18,75,123,20,Bxo,2,2,Beta,2011-05-06
1201,N14W70,14,70,118,20,Bxo,2,3,Beta,2011-05-06
1203,N17W15,17,15,63,80,Hsx,5,2,Alpha,2011-05-06
1204,N17W00,17,0,48,120,Cao,7,12,Beta,2011-05-06
1205,N14E09,14,-9,39,5,Axx,5,1,Alpha,2011-05-06
1206,N22W46,22,46,94,20,Cro,4,2,Beta,2011-05-06
1207,N24E40,24,-40,7,20,Bxo,4,3,Beta,2011-05-06
1201,N14W84,14,84,118,10,Axx,2,3,Alpha,2011-05-07
1203,N17W28,17,28,62,100,Hsx,5,2,Alpha,2011-05-07
1204,N17W14,17,14,48,120,Dao,7,12,Beta,2011-05-07
1205,N14W05,14,5,39,0,Axx,1,1,Alpha,2011-05-07
1207,N24E26,24,-26,8,10,Bxo,4,3,Beta,2011-05-07
1203,N17W41,17,41,62,70,Hsx,3,4,Alpha,2011-05-08
1204,N17W27,17,27,48,130,Dao,9,14,Beta,2011-05-08
1203,N18W55,18,55,62,100,Hsx,2,1,Alpha,2011-05-09
1204,N17W41,17,41,48,90,Dao,9,9,Beta,2011-05-09
1208,N13E49,13,-49,318,30,Cro,5,6,Beta,2011-05-09
1209,N35E08,35,-8,0,10,Bxo,6,5,Beta,2011-05-09
1203,N18W68,18,68,62,120,Hsx,2,1,Alpha,2011-05-10
1204,N17W57,17,57,51,100,Cao,3,3,Beta,2011-05-10
1208,N12E36,12,-36,318,100,Dso,6,9,Beta,2011-05-10
1209,N35W05,35,5,360,10,Bxo,6,5,Beta,2011-05-10
1210,N20E08,20,-8,347,30,Dsi,4,13,Beta,2011-05-10
1211,S12W23,-12,23,18,10,Bxo,1,2,Beta,2011-05-10
1203,N18W81,18,81,62,60,Hsx,2,1,Alpha,2011-05-11
1204,N17W71,17,71,52,50,Hsx,2,2,Alpha,2011-05-11
1207,N21W37,21,37,18,10,Bxo,5,3,Beta,2011-05-11
1208,N12E22,12,-22,319,70,Dso,7,8,Beta,2011-05-11
1210,N20W06,20,6,347,70,Csi,7,16,Beta,2011-05-11
1203,N18W92,18,92,59,60,Hsx,1,1,Alpha,2011-05-12
1204,N17W85,17,85,52,50,Hsx,1,1,Alpha,2011-05-12
1207,N21W51,21,51,18,10,Bxo,3,2,Beta,2011-05-12
1208,N12E08,12,-8,319,50,Dso,7,8,Beta,2011-05-12
1210,N19W21,19,21,348,50,Cso,5,11,Beta,2011-05-12
1212,S13E46,-13,-46,281,10,Axx,0,1,Alpha,2011-05-12
1208,N12W06,12,6,321,50,Eso,11,8,Beta,2011-05-13
1210,N19W34,19,34,349,20,Hrx,5,1,Alpha,2011-05-13
1208,N12W19,12,19,321,20,Bxo,10,8,Beta,2011-05-14
1210,N19W48,19,48,350,20,Bxo,5,1,Beta,2011-05-14
1208,N11W33,11,33,321,30,Bxo,12,3,Beta,2011-05-15
1210,N18W61,18,61,350,20,Hrx,5,1,Alpha,2011-05-15
1213,S21W80,-21,80,8,0,Axx,1,1,Alpha,2011-05-15
1214,S20E17,-20,-17,270,50,Bxo,6,7,Beta,2011-05-15
1215,S23W30,-23,30,318,20,Bxo,3,2,Beta,2011-05-15
1208,N11W48,11,48,323,50,Eso,12,7,Beta,2011-05-16
1210,N18W75,18,75,350,10,Axx,1,1,Alpha,2011-05-16
1214,S25E01,-25,-1,270,70,Dao,6,16,Beta,2011-05-16
1208,N08W64,8,64,326,50,Cso,7,9,Beta,2011-05-17
1210,N18W91,18,91,352,10,Axx,1,1,Alpha,2011-05-17
1214,S24W10,-24,10,272,60,Dao,9,12,Beta,2011-05-17
1216,S14E66,-14,-66,195,90,Hsx,2,1,Alpha,2011-05-17
1208,N09W78,9,78,326,10,Bxo,6,2,Beta,2011-05-18
1214,S24W24,-24,24,273,60,Cso,9,12,Beta,2011-05-18
1216,S15E54,-15,-54,194,80,Hsx,2,1,Alpha,2011-05-18
1217,S23W19,-23,19,267,10,Bxo,4,2,Beta,2011-05-18
1208,N09W90,9,90,325,30,Hsx,1,2,Alpha,2011-05-19
1214,S24W42,-24,42,277,80,Cso,7,9,Beta,2011-05-19
1216,S14E41,-14,-41,194,110,Hsx,1,1,Alpha,2011-05-19
1217,S23W36,-23,36,271,10,Bxo,1,2,Beta,2011-05-19
1218,S16E66,-16,-66,169,0,Axx,0,1,Alpha,2011-05-19
1214,S24W56,-24,56,277,100,Cso,5,3,Beta,2011-05-20
1216,S14E27,-14,-27,194,110,Hsx,2,1,Alpha,2011-05-20
1218,S15E54,-15,-54,166,10,Bxo,4,2,Beta,2011-05-20
1214,S24W70,-24,70,279,90,Hsx,2,1,Alpha,2011-05-21
1216,S16E19,-16,-19,188,90,Hsx,2,1,Alpha,2011-05-21
1218,S16E40,-16,-40,167,10,Axx,0,1,Alpha,2011-05-21
1214,S23W82,-23,82,278,70,Hax,3,1,Alpha,2011-05-22
1216,S15E01,-15,-1,193,90,Hax,2,1,Alpha,2011-05-22
1218,S15E28,-15,-28,167,10,Axx,1,1,Alpha,2011-05-22
1219,N15E71,15,-71,125,0,Axx,1,1,Alpha,2011-05-22
1214,S23W94,-23,94,278,30,Hsx,2,1,Alpha,2011-05-23
1216,S15W11,-15,11,194,80,Hsx,2,1,Alpha,2011-05-23
1218,S16E14,-16,-14,168,10,Axx,1,1,Alpha,2011-05-23
1220,N14W65,14,65,248,10,Bxo,2,4,Beta,2011-05-23
1216,S15W25,-15,25,194,70,Hsx,2,1,Alpha,2011-05-24
1220,N13W79,13,79,248,50,Bxo,3,4,Beta,2011-05-24
1221,S18W69,-18,69,238,20,Bxo,2,2,Beta,2011-05-24
1216,S15W38,-15,38,194,90,Hsx,2,1,Alpha,2011-05-25
1220,N12W94,12,94,249,10,Bxo,1,2,Beta,2011-05-25
1216,S15W52,-15,52,194,60,Hsx,2,1,Alpha,2011-05-26
1222,N15W24,15,24,166,10,Bxo,3,2,Beta,2011-05-26
1216,S15W64,-15,64,193,70,Hsx,1,1,Alpha,2011-05-27
1222,N16W37,16,37,166,10,Axx,2,3,Alpha,2011-05-27
1223,S15E14,-15,-14,114,50,Cso,5,6,Beta,2011-05-27
1216,S16W78,-16,78,194,60,Hsx,1,1,Alpha,2011-05-28
1223,S16W00,-16,0,115,50,Dso,6,6,Beta,2011-05-28
1224,N21W15,21,15,131,30,Dso,5,6,Beta,2011-05-28
1225,N18E55,18,-55,60,20,Hsx,1,1,Alpha,2011-05-28
1226,S18E74,-18,-74,42,20,Hsx,1,1,Alpha,2011-05-28
1216,S16W90,-16,90,193,60,Hsx,2,1,Alpha,2011-05-29
1222,N16W66,16,66,169,0,Axx,1,1,Alpha,2011-05-29
1223,S16W12,-16,12,115,20,Bxo,6,5,Beta,2011-05-29
1224,N20W28,20,28,131,130,Dso,7,14,Beta,2011-05-29
1225,N17E43,17,-43,60,60,Hsx,2,1,Alpha,2011-05-29
1226,S19E65,-19,-65,38,270,Eai,11,9,Beta-Delta,2011-05-29
1222,N16W80,16,80,170,0,Axx,1,2,Alpha,2011-05-30
1223,S17W22,-17,22,112,20,Hsx,1,1,Alpha,2011-05-30
1224,N20W41,20,41,131,130,Cai,8,10,Beta-Delta,2011-05-30
1225,N17E30,17,-30,60,40,Hsx,2,1,Alpha,2011-05-30
1226,S21E54,-21,-54,36,360,Eki,11,12,Beta-Delta,2011-05-30
1227,S19E69,-19,-69,21,80,Cso,3,3,Beta,2011-05-30
1228,N17E67,17,-67,23,120,Hsx,4,1,Alpha,2011-05-30
1222,N16W83,16,83,160,150,Dso,4,3,Beta,2011-05-31
1224,N20W56,20,56,132,140,Dso,9,9,Beta-Gamma,2011-05-31
1225,N17E18,17,-18,59,40,Hsx,2,1,Alpha,2011-05-31
1226,S21E42,-21,-42,35,360,Dki,10,11,Beta-Gamma,2011-05-31
1227,S18E54,-18,-54,23,170,Dsi,8,6,Beta-Gamma,2011-05-31
1228,N17E55,17,-55,22,110,Hsx,2,1,Alpha,2011-05-31
1229,N16E38,16,-38,39,30,Cao,4,4,Beta,2011-05-31
1222,N17W98,17,98,160,30,Axx,1,1,Alpha,2011-06-01
1224,N21W68,21,68,133,50,Csi,7,8,Beta,2011-06-01
1225,N16E04,16,-4,60,30,Hsx,2,1,Alpha,2011-06-01
1226,S22E27,-22,-27,37,330,Dkc,9,18,Beta,2011-06-01
1227,S18E40,-18,-40,24,190,Dsi,8,7,Beta-Gamma,2011-06-01
1228,N17E50,17,-50,14,100,Cso,8,8,Beta,2011-06-01
1229,N16E24,16,-24,40,40,Cso,6,6,Beta,2011-06-01
1230,N19E58,19,-58,6,30,Bxo,2,3,Beta,2011-06-01
1225,N16W09,16,9,59,20,Hsx,1,1,Alpha,2011-06-02
1226,S22E14,-22,-14,36,150,Csi,9,15,Beta,2011-06-02
1227,S19E26,-19,-26,23,100,Dso,8,7,Beta-Gamma,2011-06-02
1228,N17E31,17,-31,18,90,Cso,8,6,Beta,2011-06-02
1229,N16E10,16,-10,41,30,Bxo,5,5,Beta,2011-06-02
1230,N19E44,19,-44,6,10,Bxo,2,2,Beta,2011-06-02
1231,N09E68,9,-68,341,40,Hsx,7,1,Alpha,2011-06-02
1225,N16W21,16,21,58,10,Axx,1,1,Alpha,2011-06-03
1226,S22W00,-22,0,37,210,Dsi,6,13,Beta,2011-06-03
1227,S19E13,-19,-13,23,80,Dso,9,4,Beta,2011-06-03
1228,N17E20,17,-20,17,130,Cso,8,8,Beta,2011-06-03
1229,N15W04,15,4,41,30,Bxo,6,4,Beta,2011-06-03
1230,N18E31,18,-31,6,20,Bxo,4,3,Beta,2011-06-03
1231,N08E50,8,-50,343,90,Cro,9,4,Beta,2011-06-03
1232,N10E61,10,-61,336,80,Hsx,2,1,Alpha,2011-06-03
1225,N17W35,17,35,58,10,Axx,1,1,Alpha,2011-06-04
1226,S22W14,-22,14,37,340,Dkc,7,21,Beta,2011-06-04
1227,S19W00,-19,0,22,120,Cso,10,4,Beta,2011-06-04
1228,N18E05,18,-5,18,150,Dao,8,10,Beta,2011-06-04
1229,N17W20,17,20,43,10,Axx,1,1,Alpha,2011-06-04
1230,N19E15,19,-15,8,10,Axx,2,2,Alpha,2011-06-04
1231,N10E33,10,-33,349,10,Bxo,3,2,Beta,2011-06-04
1232,N10E46,10,-46,336,70,Hsx,2,1,Alpha,2011-06-04
1225,N16W48,16,48,59,10,Axx,1,1,Alpha,2011-06-05
1226,S21W25,-21,25,36,190,Dsi,8,19,Beta,2011-06-05
1227,S19W14,-19,14,24,60,Cso,10,7,Beta,2011-06-05
1228,N17W08,17,8,18,90,Dao,8,7,Beta,2011-06-05
1229,N18W34,18,34,45,0,Axx,0,1,Alpha,2011-06-05
1230,N20E06,20,-6,4,0,Axx,0,1,Alpha,2011-06-05
1231,N09E20,9,-20,350,0,Axx,0,1,Alpha,2011-06-05
1232,N10E33,10,-33,337,70,Hsx,1,1,Alpha,2011-06-05
1226,S21W38,-21,38,35,100,Dao,9,10,Beta,2011-06-06
1227,S22W26,-22,26,22,30,Dso,10,5,Beta,2011-06-06
1228,N18W21,18,21,18,60,Dso,8,5,Beta,2011-06-06
1232,N09E20,9,-20,337,40,Hsx,2,3,Alpha,2011-06-06
1233,S18W29,-18,29,26,0,Axx,1,1,Alpha,2011-06-06
1226,S22W52,-22,52,36,80,Dao,10,8,Beta,2011-06-07
1227,S21W35,-21,35,19,30,Hsx,2,1,Alpha,2011-06-07
1228,N18W35,18,35,19,70,Cso,8,4,Beta,2011-06-07
1232,N08E07,8,-7,337,40,Cso,4,3,Beta,2011-06-07
1233,S18W43,-18,43,27,0,Axx,1,1,Alpha,2011-06-07
1226,S21W64,-21,64,35,20,Bxo,8,3,Beta,2011-06-08
1227,S21W49,-21,49,20,30,Cso,2,3,Beta,2011-06-08
1228,N17W47,17,47,18,60,Dao,8,8,Beta,2011-06-08
1232,N08W06,8,6,338,50,Cso,3,4,Beta,2011-06-08
1226,S20W81,-20,81,38,10,Axx,1,1,Alpha,2011-06-09
1227,S21W62,-21,62,19,20,Hsx,1,1,Alpha,2011-06-09
1228,N17W64,17,64,21,10,Axx,3,2,Alpha,2011-06-09
1232,N09W19,9,19,336,50,Hsx,2,1,Alpha,2011-06-09
1227,S20W76,-20,76,20,10,Axx,0,1,Alpha,2011-06-10
1228,N17W79,17,79,23,0,Axx,2,1,Alpha,2011-06-10
1232,N09W33,9,33,337,30,Hax,1,2,Alpha,2011-06-10
1234,S16E59,-16,-59,245,10,Bxo,5,2,Beta,2011-06-10
1227,S20W88,-20,88,19,10,Axx,1,1,Alpha,2011-06-11
1232,N09W46,9,46,337,20,Hrx,1,1,Alpha,2011-06-11
1234,S16E43,-16,-43,247,10,Bxo,4,3,Beta,2011-06-11
1232,N08W60,8,60,337,10,Axx,1,1,Alpha,2011-06-12
1234,S16E32,-16,-32,245,10,Bxo,6,5,Beta,2011-06-12
1235,N14E27,14,-27,250,10,Axx,1,1,Alpha,2011-06-12
1234,S15E18,-15,-18,246,10,Bxo,8,6,Beta,2011-06-13
1234,S16E07,-16,-7,245,10,Bxo,6,6,Beta,2011-06-14
1234,S15W07,-15,7,245,40,Dso,5,9,Beta,2011-06-15
1235,N14W15,14,15,253,10,Bxo,3,3,Beta,2011-06-15
1236,N17E64,17,-64,174,180,Dso,8,6,Beta,2011-06-15
1234,S15W22,-15,22,247,100,Dai,7,17,Beta,2011-06-16
1236,N17E58,17,-58,167,350,Ehi,11,11,Beta-Delta,2011-06-16
1234,S16W35,-16,35,247,100,Dsi,8,26,Beta,2011-06-17
1236,N17E46,17,-46,166,350,Ehi,12,16,Beta-Delta,2011-06-17
1234,S16W48,-16,48,246,100,Dsi,8,17,Beta,2011-06-18
1236,N17E33,17,-33,165,260,Dho,10,17,Beta-Gamma,2011-06-18
1237,S14E66,-14,-66,132,0,Axx,1,1,Alpha,2011-06-18
1234,S16W61,-16,61,246,150,Dsi,9,15,Beta,2011-06-19
1236,N17E18,17,-18,166,200,Esi,12,21,Beta-Gamma,2011-06-19
1237,S15E53,-15,-53,131,0,Axx,1,1,Alpha,2011-06-19
1234,S16W74,-16,74,245,60,Dso,9,4,Beta,2011-06-20
1236,N16E06,16,-6,165,200,Esi,12,11,Beta-Gamma,2011-06-20
1238,S17E11,-17,-11,160,10,Axx,1,2,Alpha,2011-06-20
1236,N17W07,17,7,166,230,Esi,12,7,Beta-Gamma,2011-06-21
1239,N18E13,18,-13,146,10,Bxo,3,5,Beta,2011-06-21
1240,S17E42,-17,-42,117,10,Axx,1,1,Alpha,2011-06-21
1236,N17W21,17,21,165,190,Esi,13,18,Beta,2011-06-22
1239,N18W00,18,0,145,10,Bxo,4,6,Beta,2011-06-22
1240,S17E27,-17,-27,117,10,Bxo,3,3,Beta,2011-06-22
1236,N16W32,16,32,164,140,Cso,10,6,Beta,2011-06-23
1239,N18W14,18,14,146,10,Bxo,3,3,Beta,2011-06-23
1240,S19E16,-19,-16,116,10,Bxo,3,5,Beta,2011-06-23
1236,N16W46,16,46,164,150,Cso,13,4,Beta,2011-06-24
1239,N16W27,16,27,145,10,Bxo,3,3,Beta,2011-06-24
1240,S18E02,-18,-2,116,50,Dro,5,10,Beta,2011-06-24
1236,N17W61,17,61,166,180,Cso,11,4,Beta,2011-06-25
1239,N17W44,17,44,149,0,Axx,0,1,Alpha,2011-06-25
1240,S19W12,-19,12,117,50,Cro,6,9,Beta,2011-06-25
1241,N19W08,19,8,113,50,Dro,5,8,Beta,2011-06-25
1236,N15W74,15,74,168,90,Hsx,2,1,Alpha,2011-06-26
1239,N15W56,15,56,148,0,Axx,0,1,Alpha,2011-06-26
1240,S20W26,-20,26,118,5,Axx,1,2,Alpha,2011-06-26
1241,N18W19,18,19,111,10,Bxo,4,3,Beta,2011-06-26
1236,N16W92,16,92,170,30,Hrx,3,2,Alpha,2011-06-27
1241,N18W32,18,32,110,10,Bxo,5,4,Beta,2011-06-27
1240,S18W53,-18,53,119,5,Bxo,2,4,Beta,2011-06-28
1241,N18W46,18,46,111,10,Bxo,3,6,Beta,2011-06-28
1240,S18W67,-18,67,119,5,Bxo,2,2,Beta,2011-06-29
1242,N18W03,18,3,56,5,Cro,3,3,Beta,2011-06-29
1243,N18E62,18,-62,350,30,Cro,5,2,Beta,2011-06-29
1240,S18W81,-18,81,121,0,Axx,0,1,Alpha,2011-06-30
1242,N17W17,17,17,56,90,Dso,4,9,Beta,2011-06-30
1243,N16E50,16,-50,349,50,Cso,7,5,Beta,2011-06-30
1242,N16W30,16,30,56,80,Dso,6,8,Beta,2011-07-01
1243,N16E36,16,-36,350,30,Cro,4,6,Beta,2011-07-01
1242,N18W45,18,45,58,50,Dro,5,5,Beta,2011-07-02
1243,N17E22,17,-22,351,60,Cro,6,10,Beta,2011-07-02
1244,N15W11,15,11,24,10,Bxo,7,6,Beta-Gamma,2011-07-02
1242,N18W57,18,57,56,20,Dro,5,5,Beta,2011-07-03
1243,N16E08,16,-8,351,80,Cao,8,13,Beta,2011-07-03
1244,N15W24,15,24,23,10,Bxo,6,6,Beta,2011-07-03
1243,N16W05,16,5,352,60,Dso,8,10,Beta,2011-07-04
1244,N16W38,16,38,24,60,Dso,4,12,Beta-Gamma,2011-07-04
1242,N18W82,18,82,54,5,Bxo,5,2,Beta,2011-07-05
1243,N17W19,17,19,351,40,Cso,6,5,Beta,2011-07-05
1244,N16W53,16,53,25,120,Dao,6,7,Beta-Gamma,2011-07-05
1243,N16W34,16,34,354,70,Cso,6,6,Beta,2011-07-06
1244,N15W67,15,67,27,60,Dso,5,4,Beta-Gamma,2011-07-06
1243,N15W46,15,46,353,100,Dai,7,14,Beta-Gamma,2011-07-07
1244,N14W79,14,79,26,50,Dso,3,2,Beta,2011-07-07
1243,N16W59,16,59,352,90,Dso,5,7,Beta-Gamma,2011-07-08
1244,N13W90,13,90,23,10,Axx,1,1,Alpha,2011-07-08
1245,N15E58,15,-58,234,50,Cso,3,4,Beta,2011-07-08
1243,N15W73,15,73,353,50,Cao,3,3,Beta,2011-07-09
1245,N15E45,15,-45,235,20,Hsx,1,1,Alpha,2011-07-09
1246,N14W47,14,47,327,10,Bxo,3,3,Beta,2011-07-09
1247,S18E11,-18,-11,268,20,Dai,5,7,Beta,2011-07-09
1248,N20E53,20,-53,226,10,Axx,1,1,Alpha,2011-07-09
1245,N15E31,15,-31,236,30,Cao,3,4,Beta,2011-07-10
1246,N15W62,15,62,329,0,Axx,0,1,Alpha,2011-07-10
1247,S18W02,-18,2,269,40,Cao,6,8,Beta,2011-07-10
1249,S16E25,-16,-25,242,0,Axx,0,2,Alpha,2011-07-10
1245,N15E18,15,-18,236,10,Hax,2,1,Alpha,2011-07-11
1247,S18W15,-18,15,269,40,Dai,10,15,Beta-Gamma,2011-07-11
1249,S16E11,-16,-11,243,10,Cao,3,3,Beta,2011-07-11
1250,S25E48,-25,-48,206,30,Dai,4,8,Beta,2011-07-11
1245,N12E05,12,-5,235,10,Hrx,1,1,Alpha,2011-07-12
1247,S18W28,-18,28,269,80,Esi,12,14,Beta-Gamma,2011-07-12
1249,S18W04,-18,4,244,20,Cso,3,2,Beta,2011-07-12
1250,S27E32,-27,-32,208,100,Dso,6,4,Beta,2011-07-12
1251,N15E68,15,-68,172,80,Hsx,3,1,Alpha,2011-07-12
1245,N15W08,15,8,236,10,Axx,1,1,Alpha,2011-07-13
1247,S18W40,-18,40,268,30,Cao,6,4,Beta-Gamma,2011-07-13
1249,S16W14,-16,14,242,20,Cro,3,2,Beta,2011-07-13
1250,S27E18,-27,-18,210,140,Dso,6,4,Beta-Gamma,2011-07-13
1251,N16E57,16,-57,170,100,Hsx,1,1,Alpha,2011-07-13
1245,N15W23,15,23,237,10,Hsx,1,1,Alpha,2011-07-14
1247,S18W54,-18,54,267,10,Hsx,1,1,Alpha,2011-07-14
1249,S16W31,-16,31,244,10,Axx,1,2,Alpha,2011-07-14
1250,S27E04,-27,-4,209,170,Dso,7,9,Beta,2011-07-14
1251,N17E42,17,-42,171,160,Hsx,3,1,Alpha,2011-07-14
1252,N25E62,25,-62,151,30,Cso,11,3,Beta,2011-07-14
1253,N14W12,14,12,226,10,Bxo,3,3,Beta,2011-07-14
1245,N14W36,14,36,237,5,Axx,0,1,Alpha,2011-07-15
1250,S27W07,-27,7,208,100,Dso,7,10,Beta,2011-07-15
1251,N17E30,17,-30,170,100,Hsx,2,2,Alpha,2011-07-15
1252,N25E56,25,-56,144,20,Hrx,1,2,Alpha,2011-07-15
1254,S22E59,-22,-59,141,30,Cro,2,1,Beta,2011-07-15
1255,N17E45,17,-45,156,10,Axx,2,3,Alpha,2011-07-15
1245,N13W49,13,49,236,0,Axx,0,1,Alpha,2011-07-16
1250,S27W21,-27,21,208,80,Cso,2,4,Beta,2011-07-16
1251,N17E17,17,-17,170,100,Hsx,2,1,Alpha,2011-07-16
1252,N25E45,25,-45,142,10,Bxo,0,3,Beta,2011-07-16
1254,S22E49,-22,-49,138,50,Cao,8,5,Beta,2011-07-16
1255,N18E33,18,-33,154,0,Bxo,0,3,Beta,2011-07-16
1256,N09E34,9,-34,153,20,Dro,3,3,Beta,2011-07-16
1245,N14W65,14,65,240,10,Bxo,3,2,Beta,2011-07-17
1250,S26W34,-26,34,208,80,Hsx,2,1,Alpha,2011-07-17
1251,N16E04,16,-4,170,70,Hsx,2,2,Alpha,2011-07-17
1252,N25E32,25,-32,142,0,Axx,1,1,Alpha,2011-07-17
1254,S22E36,-22,-36,138,50,Dso,8,7,Beta,2011-07-17
1256,N08E21,8,-21,153,20,Cro,4,2,Beta,2011-07-17
1250,S26W48,-26,48,209,70,Cso,2,4,Beta,2011-07-18
1251,N16W08,16,8,169,80,Hsx,2,3,Alpha,2011-07-18
1254,S23E23,-23,-23,137,50,Cai,8,15,Beta,2011-07-18
1255,N18E07,18,-7,153,10,Bxo,3,3,Beta,2011-07-18
1256,N09E07,9,-7,154,20,Dro,4,4,Beta,2011-07-18
1257,N19W56,19,56,217,50,Dai,4,12,Beta,2011-07-18
1250,S27W61,-27,61,209,50,Cso,2,2,Beta,2011-07-19
1251,N16W21,16,21,169,80,Hsx,2,3,Alpha,2011-07-19
1254,S22E11,-22,-11,136,60,Cai,7,15,Beta,2011-07-19
1255,N18W06,18,6,154,20,Cro,2,5,Beta,2011-07-19
1256,N09W06,9,6,154,20,Dro,4,4,Beta,2011-07-19
1257,N20W69,20,69,217,120,Dsi,4,12,Beta,2011-07-19
1258,N11W37,11,37,185,20,Cro,3,5,Beta,2011-07-19
1259,N26E69,26,-69,78,30,Dao,3,1,Beta,2011-07-19
1250,S26W74,-26,74,209,100,Hsx,3,1,Alpha,2011-07-20
1251,N17W35,17,35,170,90,Hsx,2,1,Alpha,2011-07-20
1254,S22W04,-22,4,139,80,Dso,8,12,Beta,2011-07-20
1256,N10W21,10,21,155,10,Bxo,4,2,Beta,2011-07-20
1257,N20W83,20,83,218,240,Dso,10,3,Beta,2011-07-20
1258,N12W51,12,51,186,40,Cso,5,4,Beta,2011-07-20
1259,N25E56,25,-56,79,100,Cso,8,3,Beta,2011-07-20
1250,S26W90,-26,90,212,30,Hsx,2,1,Alpha,2011-07-21
1251,N17W49,17,49,170,70,Hsx,2,1,Alpha,2011-07-21
1254,S22W17,-22,17,138,110,Cso,9,14,Beta,2011-07-21
1258,N12W65,12,65,187,20,Hrx,1,1,Alpha,2011-07-21
1259,N25E42,25,-42,79,80,Cso,6,12,Beta,2011-07-21
1251,N17W62,17,62,170,60,Hax,3,3,Alpha,2011-07-22
1254,S24W28,-24,28,136,100,Cai,7,10,Beta,2011-07-22
1259,N25E32,25,-32,76,130,Dsi,5,13,Beta,2011-07-22
1251,N17W76,17,76,171,40,Hsx,2,1,Alpha,2011-07-23
1254,S24W42,-24,42,137,80,Dso,7,10,Beta,2011-07-23
1259,N25E18,25,-18,77,60,Dso,5,13,Beta,2011-07-23
1251,N17W88,17,88,168,60,Hax,1,1,Alpha,2011-07-24
1254,S23W54,-23,54,134,60,Cao,7,7,Beta,2011-07-24
1259,N25E02,25,-2,80,40,Cao,3,3,Beta,2011-07-24
1251,N17W98,17,98,166,10,Axx,1,1,Alpha,2011-07-25
1254,S23W67,-23,67,134,10,Axx,4,2,Alpha,2011-07-25
1259,N25W10,25,10,79,10,Bxo,2,3,Beta,2011-07-25
1254,S23W80,-23,80,134,5,Bxo,1,2,Beta,2011-07-26
1259,N25W23,25,23,79,10,Bxo,8,2,Beta,2011-07-26
1260,N20E58,20,-58,357,20,Bxo,6,4,Beta,2011-07-26
1260,N20E45,20,-45,357,120,Dao,10,8,Beta,2011-07-27
1261,N16E74,16,-74,330,200,Dho,2,2,Beta,2011-07-27
1260,N18E30,18,-30,357,110,Dsi,10,15,Beta-Gamma,2011-07-28
1261,N15E60,15,-60,327,250,Dko,8,5,Beta,2011-07-28
1262,N16W38,16,38,66,20,Dso,10,4,Beta-Gamma-Delta,2011-07-28
1260,N19E17,19,-17,358,220,Eac,11,16,Beta-Gamma-Delta,2011-07-29
1261,N15E49,15,-49,326,280,Dko,8,10,Beta,2011-07-29
1262,N16W49,16,49,65,0,Axx,0,1,Alpha,2011-07-29
1263,N18E73,18,-73,302,260,Dho,9,3,Beta,2011-07-29
1264,S31E50,-31,-50,325,10,Bxo,3,4,Beta,2011-07-29
1260,N19E03,19,-3,358,310,Eai,12,20,Beta-Gamma,2011-07-30
1261,N16E33,16,-33,328,300,Dai,9,21,Beta-Gamma,2011-07-30
1263,N18E59,18,-59,303,310,Dho,7,5,Beta,2011-07-30
1264,S32E37,-32,-37,325,10,Bxo,1,2,Beta,2011-07-30
1260,N19W09,19,9,358,330,Ehi,12,12,Beta,2011-07-31
1261,N17E22,17,-22,327,350,Dkc,10,23,Beta-Gamma-Delta,2011-07-31
1263,N18E48,18,-48,301,470,Dhi,9,12,Beta,2011-07-31
1264,S29E20,-29,-20,329,10,Axx,1,2,Alpha,2011-07-31
1265,N18W41,18,41,30,10,Bxo,2,2,Beta,2011-07-31
1260,N19W22,19,22,358,300,Ehi,12,21,Beta-Gamma,2011-08-01
1261,N16E05,16,-5,330,350,Eki,11,35,Beta-Gamma-Delta,2011-08-01
1263,N18E34,18,-34,301,460,Dki,10,17,Beta,2011-08-01
1264,S23E07,-23,-7,328,10,Bxo,2,2,Beta,2011-08-01
1265,N17W54,17,54,30,10,Bxo,3,3,Beta,2011-08-01
1260,N18W36,18,36,358,300,Eho,12,16,Beta,2011-08-02
1261,N16W08,16,8,330,350,Fkc,16,50,Beta-Gamma-Delta,2011-08-02
1263,N17E21,17,-21,301,460,Dki,9,23,Beta-Gamma-Delta,2011-08-02
1265,N17W67,17,67,30,10,Axx,2,1,Alpha,2011-08-02
1260,N19W49,19,49,358,300,Eho,12,7,Beta,2011-08-03
1261,N15W21,15,21,330,390,Fkc,16,25,Beta-Gamma-Delta,2011-08-03
1263,N17E08,17,-8,301,560,Eki,14,25,Beta-Gamma-Delta,2011-08-03
1265,N16W80,16,80,30,5,Axx,1,1,Alpha,2011-08-03
1260,N18W62,18,62,358,200,Cso,10,5,Beta,2011-08-04
1261,N16W37,16,37,333,300,Dki,9,15,Beta-Gamma,2011-08-04
1263,N17W06,17,6,301,600,Dki,10,16,Beta-Gamma-Delta,2011-08-04
1260,N19W78,19,78,1,260,Dho,5,2,Beta,2011-08-05
1261,N15W49,15,49,332,380,Dai,10,19,Beta-Gamma-Delta,2011-08-05
1263,N17W18,17,18,301,720,Ekc,10,17,Beta-Gamma-Delta,2011-08-05
1266,N18E38,18,-38,245,20,Cro,4,3,Beta,2011-08-05
1260,N19W92,19,92,1,180,Hsx,4,1,Alpha,2011-08-06
1261,N14W64,14,64,333,270,Dsi,9,12,Beta-Gamma,2011-08-06
1263,N16W31,16,31,300,570,Ekc,11,20,Beta-Gamma-Delta,2011-08-06
1266,N17E27,17,-27,241,10,Bxo,5,5,Beta,2011-08-06
1267,S17E26,-17,-26,243,10,Bxo,5,6,Beta,2011-08-06
1261,N16W77,16,77,333,150,Dso,9,8,Beta,2011-08-07
1263,N18W42,18,42,298,440,Ekc,13,23,Beta-Gamma-Delta,2011-08-07
1267,S17E13,-17,-13,243,60,Dso,6,10,Beta-Gamma-Delta,2011-08-07
1268,N17E34,17,-34,222,10,Bxo,4,4,Beta,2011-08-07
1261,N16W89,16,89,332,90,Cso,8,6,Beta,2011-08-08
1263,N17W55,17,55,298,510,Ekc,14,27,Beta-Gamma-Delta,2011-08-08
1266,N18E01,18,-1,242,30,Dso,5,8,Beta,2011-08-08
1267,S17W00,-17,0,243,40,Dso,7,8,Beta,2011-08-08
1263,N18W68,18,68,298,450,Ekc,14,13,Beta-Gamma-Delta,2011-08-09
1266,N18W12,18,12,242,50,Dsi,6,20,Beta,2011-08-09
1267,S17W14,-17,14,243,10,Bxo,7,5,Beta,2011-08-09
1268,N20E04,20,-4,225,0,Axx,3,2,Alpha,2011-08-09
1263,N17W81,17,81,298,340,Ehc,14,8,Beta-Gamma-Delta,2011-08-10
1266,N19W26,19,26,243,70,Dso,8,13,Beta,2011-08-10
1267,S15W30,-15,30,246,10,Axx,2,3,Alpha,2011-08-10
1263,N17W93,17,93,296,230,Eso,12,4,Beta-Gamma,2011-08-11
1266,N19W39,19,39,243,10,Bxo,9,7,Beta,2011-08-11
1268,N18W21,18,21,225,10,Axx,1,2,Alpha,2011-08-11
1266,N19W49,19,49,240,10,Axx,2,2,Alpha,2011-08-12
1269,S22E17,-22,-17,173,20,Dro,2,2,Beta,2011-08-12
1270,N23E54,23,-54,135,20,Dso,3,2,Beta,2011-08-12
1269,S22E03,-22,-3,174,10,Bxo,4,3,Beta,2011-08-13
1270,N23E41,23,-41,136,10,Bxo,4,2,Beta,2011-08-13
1266,N20W74,20,74,238,5,Axx,0,1,Alpha,2011-08-14
1269,S21W09,-21,9,173,10,Axx,1,2,Alpha,2011-08-14
1270,N23E29,23,-29,135,10,Bxo,5,2,Beta,2011-08-14
1271,N17E74,17,-74,64,120,Dso,6,3,Beta,2011-08-16
1271,N15E63,15,-63,62,240,Dsi,7,4,Beta,2011-08-17
1272,S19E67,-19,-67,57,10,Cro,2,2,Beta,2011-08-17
1271,N16E50,16,-50,62,240,Esi,11,9,Beta-Gamma-Delta,2011-08-18
1272,S19E55,-19,-55,56,60,Cso,7,2,Beta,2011-08-18
1273,S18W03,-18,3,114,10,Bxo,5,3,Beta,2011-08-18
1271,N16E38,16,-38,59,290,Ehc,11,16,Beta,2011-08-19
1272,S22E41,-22,-41,56,60,Cso,4,3,Beta,2011-08-19
1273,S18W09,-18,9,112,10,Bxo,4,4,Beta,2011-08-19
1271,N16E25,16,-25,59,240,Esi,11,12,Beta-Gamma,2011-08-20
1272,S21E27,-21,-27,57,30,Hax,2,2,Alpha,2011-08-20
1273,S18W28,-18,28,113,10,Axx,1,2,Alpha,2011-08-20
1271,N16E10,16,-10,61,260,Dho,10,22,Beta,2011-08-21
1272,S22E15,-22,-15,56,50,Cao,7,5,Beta,2011-08-21
1274,N19E70,19,-70,2,30,Hrx,3,2,Alpha,2011-08-21
1271,N16W01,16,1,59,240,Eao,12,15,Beta,2011-08-22
1272,S21E03,-21,-3,54,90,Dao,6,8,Beta,2011-08-22
1274,N18E57,18,-57,1,30,Cro,2,2,Beta,2011-08-22
1275,N06E68,6,-68,350,30,Cro,3,1,Beta,2011-08-22
1271,N17W16,17,16,60,280,Ekc,11,28,Beta-Gamma,2011-08-23
1272,S21W08,-21,8,52,60,Dsi,6,11,Beta,2011-08-23
1274,N18E42,18,-42,2,30,Dso,3,2,Beta,2011-08-23
1275,N07E55,7,-55,349,10,Cso,5,1,Beta,2011-08-23
1271,N17W29,17,29,61,270,Eki,11,21,Beta,2011-08-24
1272,S21W20,-21,20,52,40,Dso,7,6,Beta,2011-08-24
1274,N19E30,19,-30,2,30,Hsx,2,2,Alpha,2011-08-24
1275,N08E39,8,-39,351,20,Hsx,1,1,Alpha,2011-08-24
1276,N20E48,20,-48,344,10,Axx,0,1,Alpha,2011-08-24
1271,N17W42,17,42,60,180,Esi,11,25,Beta,2011-08-25
1272,S21W36,-21,36,54,20,Cro,3,4,Beta,2011-08-25
1274,N18E16,18,-16,2,10,Cro,3,4,Beta,2011-08-25
1275,N07E26,7,-26,352,10,Axx,2,2,Alpha,2011-08-25
1271,N17W56,17,56,61,140,Esi,11,15,Beta-Delta,2011-08-26
1272,S21W49,-21,49,55,0,Axx,1,1,Alpha,2011-08-26
1274,N17E05,17,-5,1,10,Bxo,2,2,Beta,2011-08-26
1275,N07E17,7,-17,350,10,Bxo,6,3,Beta,2011-08-26
1277,N17E62,17,-62,304,50,Hsx,2,1,Alpha,2011-08-26
1278,N16W40,16,40,46,10,Bxo,3,4,Beta,2011-08-26
1279,N14E75,14,-75,291,120,Hsx,5,1,Alpha,2011-08-26
1271,N17W69,17,69,61,80,Dso,9,6,Beta,2011-08-27
1275,N07E05,7,-5,348,30,Dso,4,2,Beta,2011-08-27
1277,N17E50,17,-50,303,80,Hsx,2,1,Alpha,2011-08-27
1278,N16W53,16,53,46,20,Cso,3,3,Beta,2011-08-27
1279,N13E61,13,-61,292,90,Hsx,2,1,Alpha,2011-08-27
1280,N17E24,17,-24,329,30,Cro,3,3,Beta,2011-08-27
1271,N16W82,16,82,61,60,Cso,7,4,Beta,2011-08-28
1275,N07W08,7,8,346,30,Cso,2,2,Beta,2011-08-28
1277,N17E38,17,-38,302,80,Hsx,1,1,Alpha,2011-08-28
1279,N13E47,13,-47,291,120,Hsx,2,3,Alpha,2011-08-28
1280,N17E10,17,-10,328,20,Cro,2,3,Beta,2011-08-28
1275,N07W19,7,19,344,10,Bxo,4,4,Beta,2011-08-29
1277,N17E25,17,-25,300,40,Hsx,1,1,Alpha,2011-08-29
1278,N16W81,16,81,49,0,Axx,0,1,Alpha,2011-08-29
1279,N13E34,13,-34,291,80,Cso,3,3,Beta,2011-08-29
1280,N17W03,17,3,328,10,Bxo,3,2,Beta,2011-08-29
1281,S21E65,-21,-65,260,60,Cso,6,2,Beta,2011-08-29
1275,N07W40,7,40,351,5,Axx,0,2,Alpha,2011-08-30
1277,N17E12,17,-12,299,50,Hsx,1,1,Alpha,2011-08-30
1279,N13E22,13,-22,290,100,Cso,4,6,Beta,2011-08-30
1280,N16W16,16,16,328,10,Bxo,3,2,Beta,2011-08-30
1281,S19E54,-19,-54,258,30,Cro,6,5,Beta,2011-08-30
1274,N18W59,18,59,358,10,Bxo,4,5,Beta,2011-08-31
1277,N18W00,18,0,299,50,Hsx,2,2,Alpha,2011-08-31
1279,N13E07,13,-7,291,80,Hsx,1,2,Alpha,2011-08-31
1281,S20E40,-20,-40,258,10,Bxo,5,5,Beta,2011-08-31
1282,N24E01,24,-1,297,10,Bxo,3,3,Beta,2011-08-31
1283,N12E71,12,-71,227,60,Hsx,1,1,Alpha,2011-08-31
1284,S19W57,-19,57,356,10,Axx,0,1,Alpha,2011-08-31
1274,N19W72,19,72,358,30,Hrx,1,1,Alpha,2011-09-01
1277,N18W14,18,14,300,60,Hsx,1,1,Alpha,2011-09-01
1279,N13W06,13,6,292,80,Hsx,1,1,Alpha,2011-09-01
1280,N12W37,12,37,323,10,Cro,3,2,Beta,2011-09-01
1281,S20E28,-20,-28,258,100,Csi,4,11,Beta,2011-09-01
1282,N25W13,25,13,299,50,Dso,5,9,Beta,2011-09-01
1283,N12E61,12,-61,225,100,Cso,3,2,Beta,2011-09-01
1284,S17W62,-17,62,357,10,Bxo,4,3,Beta,2011-09-01
1285,N29W48,29,48,334,10,Axx,0,1,Alpha,2011-09-01
1277,N18W27,18,27,300,60,Hsx,2,1,Alpha,2011-09-02
1279,N13W19,13,19,292,60,Hax,2,3,Alpha,2011-09-02
1280,N12W53,12,53,326,30,Cso,5,4,Beta,2011-09-02
1281,S21E12,-21,-12,261,160,Dao,8,16,Beta,2011-09-02
1282,N25W26,25,26,299,50,Dso,8,13,Beta,2011-09-02
1283,N12E49,12,-49,224,200,Cso,6,10,Beta,2011-09-02
1284,S18W82,-18,82,355,30,Hrx,2,2,Alpha,2011-09-02
1277,N19W40,19,40,300,30,Hsx,1,1,Alpha,2011-09-03
1279,N14W32,14,32,292,60,Hsx,2,4,Alpha,2011-09-03
1280,N11W66,11,66,326,80,Cso,5,5,Beta,2011-09-03
1281,S20E01,-20,-1,259,110,Dao,7,10,Beta,2011-09-03
1282,N25W40,25,40,300,170,Eso,11,12,Beta,2011-09-03
1283,N13E37,13,-37,223,200,Dso,7,11,Beta,2011-09-03
1277,N18W53,18,53,300,20,Hax,1,2,Alpha,2011-09-04
1279,N13W45,13,45,292,30,Hsx,1,4,Alpha,2011-09-04
1280,N12W78,12,78,325,10,Bxo,5,5,Beta,2011-09-04
1281,S19W10,-19,10,257,90,Dao,3,8,Beta,2011-09-04
1282,N23W52,23,52,299,100,Eso,12,8,Beta-Delta,2011-09-04
1283,N14E24,14,-24,223,220,Dsi,9,21,Beta,2011-09-04
1286,N20W57,20,57,304,80,Dso,9,8,Beta,2011-09-04
1287,S30E64,-30,-64,183,30,Cao,3,3,Beta,2011-09-04
1277,N18W66,18,66,300,20,Hsx,1,1,Alpha,2011-09-05
1280,N13W91,13,91,325,10,Bxo,2,2,Beta,2011-09-05
1281,S19W24,-19,24,258,70,Cao,3,5,Beta,2011-09-05
1282,N24W66,24,66,300,90,Cso,12,6,Beta,2011-09-05
1283,N13E11,13,-11,223,190,Dai,9,21,Beta,2011-09-05
1286,N20W75,20,75,309,80,Cso,7,6,Beta,2011-09-05
1287,S32E51,-32,-51,183,80,Cso,9,3,Beta,2011-09-05
1277,N18W80,18,80,300,10,Axx,1,1,Alpha,2011-09-06
1281,S18W39,-18,39,259,50,Cso,3,3,Beta,2011-09-06
1282,N22W86,22,86,306,70,Hsx,2,1,Alpha,2011-09-06
1283,N14W04,14,4,224,220,Eai,13,29,Beta-Gamma,2011-09-06
1287,S31E38,-31,-38,183,80,Cso,9,5,Beta,2011-09-06
1288,N18E34,18,-34,185,10,Bxo,3,3,Beta,2011-09-06
1277,N18W93,18,93,299,60,Hsx,2,1,Alpha,2011-09-07
1281,S18W51,-18,51,258,10,Bxo,3,2,Beta,2011-09-07
1283,N14W18,14,18,224,200,Eai,12,23,Beta-Gamma-Delta,2011-09-07
1287,S31E25,-31,-25,181,100,Cso,8,5,Beta,2011-09-07
1288,N19E20,19,-20,186,0,Axx,0,1,Alpha,2011-09-07
1289,N24E78,24,-78,129,190,Hsx,3,1,Alpha,2011-09-07
1281,S15W59,-15,59,253,10,Bxo,3,2,Beta,2011-09-08
1283,N14W32,14,32,226,230,Dai,10,14,Beta-Gamma-Delta,2011-09-08
1287,S30E09,-30,-9,185,100,Hsx,2,1,Alpha,2011-09-08
1289,N23E66,23,-66,128,280,Cho,6,3,Beta,2011-09-08
1283,N16W42,16,42,222,200,Cao,12,12,Beta-Gamma-Delta,2011-09-09
1287,S30W05,-30,5,186,60,Hsx,2,1,Alpha,2011-09-09
1289,N21E51,21,-51,129,370,Cho,6,4,Beta,2011-09-09
1283,N17W55,17,55,221,210,Eao,12,12,Beta-Gamma,2011-09-10
1287,S29W16,-29,16,183,60,Hsx,2,2,Alpha,2011-09-10
1289,N22E37,22,-37,130,380,Dho,5,6,Beta,2011-09-10
1290,S15E29,-15,-29,137,30,Cro,3,5,Beta,2011-09-10
1283,N13W73,13,73,227,200,Dso,6,7,Beta-Gamma,2011-09-11
1287,S29W28,-29,28,183,70,Hsx,1,2,Alpha,2011-09-11
1289,N23E24,23,-24,129,450,Dho,6,11,Beta,2011-09-11
1290,S15E16,-15,-16,137,50,Dro,5,5,Beta,2011-09-11
1291,N23W03,23,3,156,10,Dro,3,2,Beta,2011-09-11
1283,N14W87,14,87,227,140,Dso,4,2,Beta-Gamma,2011-09-12
1287,S28W42,-28,42,183,60,Hsx,1,2,Alpha,2011-09-12
1289,N22E12,22,-12,128,430,Dko,6,16,Beta,2011-09-12
1290,S15E03,-15,-3,138,70,Dso,7,10,Beta,2011-09-12
1291,N23W15,23,15,156,10,Bxo,4,2,Beta,2011-09-12
1292,N08E66,8,-66,74,40,Bxo,4,2,Beta,2011-09-12
1287,S29W53,-29,53,181,50,Cso,3,2,Beta,2011-09-13
1289,N22W00,22,0,128,300,Cko,5,6,Beta,2011-09-13
1290,S15W11,-15,11,139,70,Dsi,7,10,Beta,2011-09-13
1292,N08E52,8,-52,76,10,Bxo,4,3,Beta,2011-09-13
1293,N17W11,17,11,139,20,Dso,3,3,Beta,2011-09-13
1294,S18E27,-18,-27,101,10,Bxo,4,2,Beta,2011-09-13
1295,N21E72,21,-72,56,30,Hsx,1,1,Alpha,2011-09-13
1287,S27W68,-27,68,182,80,Dso,8,3,Beta,2011-09-14
1289,N23W08,23,8,126,350,Cko,7,10,Beta,2011-09-14
1290,S14W25,-14,25,139,70,Dao,8,8,Beta,2011-09-14
1292,N09E38,9,-38,76,50,Cao,6,5,Beta,2011-09-14
1293,N17W25,17,25,140,10,Bxo,3,3,Beta,2011-09-14
1294,S18E13,-18,-13,102,20,Cso,5,5,Beta,2011-09-14
1295,N21E58,21,-58,57,30,Cso,1,2,Beta,2011-09-14
1296,N27E70,27,-70,44,50,Dso,8,2,Beta,2011-09-14
1287,S27W78,-27,78,179,170,Dso,8,4,Beta,2011-09-15
1289,N24W25,24,25,126,400,Cho,6,9,Beta,2011-09-15
1290,S13W38,-13,38,139,30,Cro,8,4,Beta,2011-09-15
1292,N08E24,8,-24,77,30,Cro,4,2,Beta,2011-09-15
1293,N18W38,18,38,139,20,Cso,3,3,Beta,2011-09-15
1294,S17W02,-17,2,103,50,Cso,6,7,Beta,2011-09-15
1295,N20E51,20,-51,57,50,Cso,4,4,Beta,2011-09-15
1296,N26E55,26,-55,45,60,Dso,9,3,Beta,2011-09-15
1297,S16W52,-16,52,153,40,Dao,4,4,Beta,2011-09-15
1298,N16E52,16,-52,49,40,Cso,4,4,Beta,2011-09-15
1287,S28W83,-28,83,176,10,Hsx,3,1,Alpha,2011-09-16
1289,N22W39,22,39,128,300,Cho,5,5,Beta,2011-09-16
1290,S13W55,-13,55,143,10,Axx,3,2,Alpha,2011-09-16
1291,N22W69,22,69,157,50,Cro,5,3,Beta,2011-09-16
1292,N10E08,10,-8,79,20,Hrx,1,1,Alpha,2011-09-16
1293,N17W51,17,51,139,50,Dao,4,5,Beta,2011-09-16
1294,S17W14,-17,14,102,20,Cro,6,7,Beta,2011-09-16
1295,N22E30,22,-30,57,130,Dai,6,16,Beta,2011-09-16
1296,N27E40,27,-40,45,130,Dai,7,8,Beta,2011-09-16
1297,S18W64,-18,64,152,50,Dao,5,4,Beta,2011-09-16
1298,N16E38,16,-38,50,40,Dso,7,5,Beta,2011-09-16
1289,N22W51,22,51,126,310,Cko,7,5,Beta,2011-09-17
1290,S13W69,-13,69,143,10,Bxo,2,3,Beta,2011-09-17
1291,N24W82,24,82,157,90,Dao,9,3,Beta,2011-09-17
1292,N09W04,9,4,78,20,Hrx,1,1,Alpha,2011-09-17
1293,N17W65,17,65,139,10,Bxo,3,2,Beta,2011-09-17
1294,S16W31,-16,31,105,20,Cro,5,1,Beta,2011-09-17
1295,N22E17,22,-17,57,240,Dai,8,23,Beta-Gamma,2011-09-17
1296,N26E31,26,-31,43,130,Dao,7,8,Beta,2011-09-17
1297,S18W77,-18,77,151,60,Dao,9,2,Beta,2011-09-17
1298,N15E23,15,-23,50,70,Dso,9,7,Beta,2011-09-17
1299,S21E11,-21,-11,62,30,Cro,7,8,Beta,2011-09-17
1289,N22W67,22,67,128,380,Hhx,4,5,Alpha,2011-09-18
1290,S13W84,-13,84,145,10,Bxo,9,4,Beta,2011-09-18
1291,N21W93,21,93,154,10,Bxo,1,2,Beta,2011-09-18
1292,N10W17,10,17,78,20,Hrx,1,1,Alpha,2011-09-18
1294,S16W45,-16,45,106,10,Hrx,1,1,Alpha,2011-09-18
1295,N22E04,22,-4,57,210,Dai,10,17,Beta,2011-09-18
1296,N25E19,25,-19,41,130,Cao,7,9,Beta,2011-09-18
1298,N15E09,15,-9,51,100,Dso,8,3,Beta,2011-09-18
1299,S20W02,-20,2,63,40,Dso,6,6,Beta,2011-09-18
1289,N23W79,23,79,127,310,Hhx,4,4,Alpha,2011-09-19
1295,N22W12,22,12,60,300,Dhc,8,26,Beta-Gamma,2011-09-19
1296,N25E06,25,-6,41,100,Dso,5,11,Beta,2011-09-19
1298,N15W06,15,6,54,30,Cro,7,7,Beta,2011-09-19
1299,S20W15,-20,15,60,110,Dai,8,17,Beta,2011-09-19
1300,N24W45,24,45,93,90,Cso,5,7,Beta,2011-09-19
1301,N21E77,21,-77,331,60,Dso,3,2,Beta,2011-09-19
1289,N23W93,23,93,128,120,Hsx,3,1,Alpha,2011-09-20
1295,N22W23,22,23,58,300,Dhc,10,24,Beta-Gamma,2011-09-20
1296,N26W05,26,5,40,50,Hsx,3,8,Alpha,2011-09-20
1298,N14W22,14,22,57,20,Hrx,4,2,Alpha,2011-09-20
1299,S19W28,-19,28,63,60,Dao,6,13,Beta,2011-09-20
1300,N24W58,24,58,93,70,Cso,5,5,Beta,2011-09-20
1301,N20E63,20,-63,331,110,Dao,8,5,Beta,2011-09-20
1295,N23W35,23,35,57,310,Dhc,10,18,Beta-Gamma,2011-09-21
1296,N27W16,27,16,38,30,Cro,3,5,Beta,2011-09-21
1298,N15W36,15,36,58,20,Dro,4,3,Beta,2011-09-21
1299,S20W40,-20,40,62,40,Dao,5,7,Beta,2011-09-21
1300,N24W73,24,73,95,70,Hsx,1,1,Alpha,2011-09-21
1301,N19E52,19,-52,330,130,Dso,9,7,Beta,2011-09-21
1295,N22W47,22,47,56,380,Ehc,11,26,Beta-Gamma,2011-09-22
1296,N26W29,26,29,38,20,Cro,3,4,Beta,2011-09-22
1298,N16W47,16,47,55,10,Bxo,1,2,Beta,2011-09-22
1299,S20W53,-20,53,62,20,Cro,5,4,Beta,2011-09-22
1300,N24W86,24,86,95,30,Cso,1,2,Beta,2011-09-22
1301,N20E41,20,-41,328,210,Eso,11,10,Beta,2011-09-22
1295,N22W62,22,62,58,350,Ekc,13,19,Beta-Gamma,2011-09-23
1296,N26W44,26,44,39,10,Axx,1,1,Alpha,2011-09-23
1299,S19W64,-19,64,59,10,Bxo,3,2,Beta,2011-09-23
1301,N19E29,19,-29,326,120,Eso,11,12,Beta,2011-09-23
1302,N11E74,11,-74,282,480,Eki,11,2,Beta-Gamma,2011-09-23
1295,N24W74,24,74,57,550,Ekc,11,14,Beta-Gamma,2011-09-24
1296,N26W56,26,56,38,10,Axx,1,1,Alpha,2011-09-24
1299,S20W81,-20,81,63,10,Axx,1,1,Alpha,2011-09-24
1301,N20E13,20,-13,329,110,Dso,10,14,Beta,2011-09-24
1302,N13E59,13,-59,283,840,Ekc,15,10,Beta-Gamma,2011-09-24
1295,N26W84,26,84,54,500,Ekc,11,7,Beta-Gamma,2011-09-25
1301,N18W01,18,1,330,90,Fso,16,16,Beta,2011-09-25
1302,N12E47,12,-47,282,1300,Fkc,17,12,Beta-Gamma-Delta,2011-09-25
1303,S28W66,-28,66,36,30,Csi,1,1,Beta,2011-09-25
1304,N12E22,12,-22,306,10,Bxo,2,2,Beta,2011-09-25
1295,N25W98,25,98,54,180,Hsx,5,1,Alpha,2011-09-26
1301,N18W13,18,13,329,90,Esi,15,18,Beta,2011-09-26
1302,N12E36,12,-36,279,980,Ekc,16,18,Beta-Gamma-Delta,2011-09-26
1303,S28W78,-28,78,34,70,Cso,5,6,Beta,2011-09-26
1304,N12E07,12,-7,309,20,Bxo,4,4,Beta,2011-09-26
1305,N12E70,12,-70,246,60,Hsx,2,1,Alpha,2011-09-26
1301,N17W23,17,23,325,40,Cso,14,15,Beta,2011-09-27
1302,N13E23,13,-23,279,950,Ekc,15,25,Beta-Gamma,2011-09-27
1303,S28W90,-28,90,32,60,Hsx,4,1,Alpha,2011-09-27
1304,N13W07,13,7,309,40,Dsi,5,10,Beta,2011-09-27
1305,N13E58,13,-58,244,80,Cso,9,2,Beta,2011-09-27
1306,N13E74,13,-74,250,30,Hsx,2,1,Alpha,2011-09-27
1301,N18W36,18,36,326,20,Hsx,1,1,Alpha,2011-09-28
1302,N13E08,13,-8,280,980,Fkc,18,26,Beta-Gamma-Delta,2011-09-28
1304,N12W20,12,20,309,10,Cro,4,3,Beta,2011-09-28
1305,N12E41,12,-41,247,80,Hsx,2,1,Alpha,2011-09-28
1306,N13E59,13,-59,230,20,Hsx,1,1,Alpha,2011-09-28
1301,N18W51,18,51,327,30,Cro,8,8,Beta,2011-09-29
1302,N13W04,13,4,280,1070,Fkc,18,37,Beta-Gamma-Delta,2011-09-29
1304,N13W33,13,33,309,10,Bxo,3,3,Beta,2011-09-29
1305,N12E28,12,-28,248,60,Hsx,2,5,Alpha,2011-09-29
1306,N13E46,13,-46,230,60,Hsx,1,1,Alpha,2011-09-29
1307,N14E75,14,-75,201,10,Bxo,4,2,Beta,2011-09-29
1301,N16W64,16,64,327,20,Hsx,2,1,Alpha,2011-09-30
1302,N13W16,13,16,279,750,Fkc,18,23,Beta-Gamma-Delta,2011-09-30
1304,N13W44,13,44,307,10,Bxo,4,2,Beta,2011-09-30
1305,N13E16,13,-16,247,100,Cso,5,8,Beta-Gamma,2011-09-30
1306,N14E34,14,-34,229,30,Hsx,1,1,Alpha,2011-09-30
1307,N16E65,16,-65,198,10,Bxo,11,4,Beta,2011-09-30
1301,N16W76,16,76,326,20,Hsx,1,1,Alpha,2011-10-01
1302,N13W29,13,29,278,750,Fkc,17,25,Beta-Gamma-Delta,2011-10-01
1305,N12E01,12,-1,248,130,Dso,5,9,Beta-Gamma,2011-10-01
1306,N13E20,13,-20,229,40,Hsx,1,1,Alpha,2011-10-01
1307,N14E48,14,-48,201,30,Cso,10,3,Beta,2011-10-01
1302,N16W41,16,41,277,700,Fkc,16,16,Beta-Gamma-Delta,2011-10-02
1305,N12W12,12,12,248,170,Dso,6,14,Beta-Gamma,2011-10-02
1306,N14E07,14,-7,229,20,Hsx,1,1,Alpha,2011-10-02
1307,N14E37,14,-37,199,30,Dro,10,4,Beta,2011-10-02
1308,S25E55,-25,-55,181,30,Hsx,1,1,Alpha,2011-10-02
1302,N16W55,16,55,278,410,Fkc,16,14,Beta-Gamma-Delta,2011-10-03
1305,N12W26,12,26,249,190,Dsi,6,9,Beta-Gamma,2011-10-03
1306,N15W06,15,6,229,20,Hsx,1,1,Alpha,2011-10-03
1307,N15E22,15,-22,200,30,Ero,12,5,Beta,2011-10-03
1308,S25E43,-25,-43,180,30,Hrx,1,1,Alpha,2011-10-03
1309,N23E67,23,-67,156,80,Dso,4,2,Beta,2011-10-03
1302,N13W69,13,69,280,320,Fko,19,10,Beta,2011-10-04
1305,N11W36,11,36,247,250,Chi,9,10,Beta,2011-10-04
1306,N14W20,14,20,230,30,Hsx,1,1,Alpha,2011-10-04
1307,N13E05,13,-5,205,15,Hrx,1,1,Alpha,2011-10-04
1309,N24E55,24,-55,155,120,Dao,4,6,Beta,2011-10-04
1310,S33E16,-33,-16,194,10,Bxo,2,3,Beta,2011-10-04
1302,N13W85,13,85,281,240,Dso,8,7,Beta,2011-10-05
1305,N11W49,11,49,246,190,Csi,8,10,Beta,2011-10-05
1306,N14W34,14,34,232,30,Hsx,1,1,Alpha,2011-10-05
1307,N15W01,15,1,198,10,Bxo,7,4,Beta,2011-10-05
1309,N24E42,24,-42,156,160,Dao,4,6,Beta,2011-10-05
1310,S32E02,-32,-2,195,45,Dao,6,8,Beta,2011-10-05
1311,S12E20,-12,-20,176,70,Dai,5,12,Beta,2011-10-05
1312,N22E74,22,-74,122,210,Hsx,4,1,Alpha,2011-10-05
1305,N10W65,10,65,248,250,Cho,3,4,Beta,2011-10-06
1306,N14W47,14,47,230,15,Hrx,1,1,Alpha,2011-10-06
1307,N17W13,17,13,196,5,Bxo,4,2,Beta,2011-10-06
1309,N24E28,24,-28,156,160,Dso,3,3,Beta,2011-10-06
1310,S32W10,-32,10,194,25,Dro,8,6,Beta,2011-10-06
1311,S11E07,-11,-7,176,110,Dso,6,6,Beta,2011-10-06
1312,N23E59,23,-59,125,220,Hsx,2,1,Alpha,2011-10-06
1313,S13E65,-13,-65,118,90,Dai,5,12,Beta,2011-10-06
1305,N12W80,12,80,250,220,Cso,3,3,Beta,2011-10-07
1306,N14W59,14,59,229,10,Cro,4,3,Beta,2011-10-07
1309,N22E14,22,-14,156,170,Cso,3,5,Beta,2011-10-07
1310,S33W23,-33,23,194,30,Cro,10,4,Beta,2011-10-07
1311,S12W07,-12,7,177,60,Cso,3,3,Beta,2011-10-07
1312,N22E48,22,-48,122,210,Hsx,2,1,Alpha,2011-10-07
1313,S15E52,-15,-52,118,180,Dai,8,10,Beta,2011-10-07
1305,N11W91,11,91,248,180,Hsx,3,1,Alpha,2011-10-08
1306,N15W73,15,73,230,10,Axx,6,3,Alpha,2011-10-08
1309,N23E02,23,-2,156,80,Dso,3,4,Beta,2011-10-08
1310,S34W38,-34,38,196,10,Hrx,2,1,Alpha,2011-10-08
1311,S11W22,-11,22,179,50,Cso,4,2,Beta,2011-10-08
1312,N22E35,22,-35,123,320,Hhx,3,1,Alpha,2011-10-08
1313,S16E39,-16,-39,118,140,Dsi,6,6,Beta,2011-10-08
1309,N22W11,22,11,155,70,Dso,4,3,Beta,2011-10-09
1310,S34W51,-34,51,196,10,Axx,1,1,Alpha,2011-10-09
1311,S13W36,-13,36,180,50,Hsx,1,1,Alpha,2011-10-09
1312,N23E21,23,-21,122,200,Hsx,3,1,Alpha,2011-10-09
1313,S15E28,-15,-28,116,120,Dso,10,5,Beta,2011-10-09
1309,N23W24,23,24,155,70,Hsx,1,1,Alpha,2011-10-10
1310,S33W66,-33,66,197,10,Axx,0,1,Alpha,2011-10-10
1311,S11W50,-11,50,180,40,Hsx,1,1,Alpha,2011-10-10
1312,N23E10,23,-10,121,210,Hsx,3,1,Alpha,2011-10-10
1313,S15E13,-15,-13,117,90,Dso,9,6,Beta,2011-10-10
1314,N26E72,26,-72,58,180,Hsx,6,1,Alpha,2011-10-10
1309,N23W38,23,38,156,40,Hsx,2,2,Alpha,2011-10-11
1311,S12W63,-12,63,181,40,Hsx,1,1,Alpha,2011-10-11
1312,N22W03,22,3,121,210,Hsx,7,1,Alpha,2011-10-11
1313,S15E01,-15,-1,117,90,Dai,9,15,Beta,2011-10-11
1314,N27E59,27,-59,59,230,Hsx,3,2,Alpha,2011-10-11
1315,N20E08,20,-8,111,40,Dao,4,6,Beta,2011-10-11
1309,N23W51,23,51,155,40,Hsx,1,1,Alpha,2011-10-12
1311,S12W77,-12,77,182,30,Hsx,1,1,Alpha,2011-10-12
1312,N22W16,22,16,121,210,Hsx,7,1,Alpha,2011-10-12
1313,S15W13,-15,13,118,120,Dai,9,18,Beta,2011-10-12
1314,N27E45,27,-45,60,250,Cho,3,2,Beta,2011-10-12
1315,N20W06,20,6,111,40,Dao,4,6,Beta,2011-10-12
1316,S12E56,-12,-56,48,60,Dai,3,3,Beta,2011-10-12
1317,S26E68,-26,-68,37,90,Hsx,2,1,Alpha,2011-10-12
1309,N23W62,23,62,153,40,Cso,1,1,Beta,2011-10-13
1312,N23W29,23,29,120,210,Cso,3,3,Beta,2011-10-13
1313,S14W25,-14,25,116,140,Dso,10,20,Beta-Gamma,2011-10-13
1314,N25E33,25,-33,58,370,Cho,7,4,Beta,2011-10-13
1315,N19W19,19,19,110,10,Bxo,3,4,Beta,2011-10-13
1316,S14E42,-14,-42,48,160,Dsi,8,12,Beta,2011-10-13
1317,S27E54,-27,-54,37,70,Hsx,2,1,Alpha,2011-10-13
1318,N21W03,21,3,94,10,Dao,2,3,Beta,2011-10-13
1319,N08E42,8,-42,49,30,Dai,5,11,Beta,2011-10-13
1309,N23W75,23,75,153,70,Hsx,1,1,Alpha,2011-10-14
1312,N23W42,23,42,120,190,Hsx,3,1,Alpha,2011-10-14
1313,S14W38,-14,38,116,110,Cso,9,10,Beta-Gamma,2011-10-14
1314,N27E21,27,-21,57,300,Cko,5,3,Beta,2011-10-14
1315,N19W31,19,31,109,10,Bxo,3,3,Beta,2011-10-14
1316,S12E28,-12,-28,49,310,Dko,7,10,Beta,2011-10-14
1317,S27E41,-27,-41,36,70,Hsx,1,1,Alpha,2011-10-14
1318,N20W18,20,18,96,50,Dso,4,4,Beta,2011-10-14
1319,N10E29,10,-29,48,80,Cso,7,11,Beta,2011-10-14
1320,S22W39,-22,39,117,10,Bxo,3,3,Beta,2011-10-14
1309,N24W86,24,86,151,60,Hsx,3,1,Alpha,2011-10-15
1312,N23W55,23,55,120,270,Hhx,3,1,Alpha,2011-10-15
1313,S16W52,-16,52,117,80,Dso,5,5,Beta,2011-10-15
1314,N26E09,26,-9,56,280,Cho,6,6,Beta,2011-10-15
1315,N20W44,20,44,110,10,Bxo,2,3,Beta,2011-10-15
1316,S12E15,-12,-15,49,330,Dhc,8,9,Beta,2011-10-15
1317,S26E28,-26,-28,37,70,Hsx,2,1,Alpha,2011-10-15
1318,N20W31,20,31,96,40,Cso,5,7,Beta,2011-10-15
1319,N09E16,9,-16,48,80,Esi,12,20,Beta,2011-10-15
1320,S21W51,-21,51,117,30,Cro,5,4,Beta,2011-10-15
1312,N23W68,23,68,121,180,Hsx,3,1,Alpha,2011-10-16
1313,S16W64,-16,64,117,70,Dso,5,5,Beta,2011-10-16
1314,N28W04,28,4,56,330,Cho,5,4,Beta,2011-10-16
1316,S12E03,-12,-3,49,340,Dhi,8,11,Beta,2011-10-16
1317,S26E15,-26,-15,37,80,Hsx,2,1,Alpha,2011-10-16
1318,N25W46,25,46,98,20,Cso,2,4,Beta,2011-10-16
1319,N11E01,11,-1,51,240,Eai,11,30,Beta,2011-10-16
1320,S21W65,-21,65,118,10,Axx,5,4,Alpha,2011-10-16
1321,N13E52,13,-52,1,10,Bxo,3,2,Beta,2011-10-16
1322,S27W51,-27,51,104,10,Bxo,5,4,Beta,2011-10-16
1312,N22W81,22,81,120,180,Hsx,2,1,Alpha,2011-10-17
1313,S16W78,-16,78,117,10,Axx,1,2,Alpha,2011-10-17
1314,N28W18,28,18,57,310,Cho,5,4,Beta,2011-10-17
1316,S12W11,-12,11,50,340,Dhi,8,11,Beta,2011-10-17
1317,S26E01,-26,-1,38,80,Hsx,2,1,Alpha,2011-10-17
1318,N21W58,21,58,97,10,Axx,1,1,Alpha,2011-10-17
1319,N11W13,11,13,52,280,Eki,12,30,Beta-Gamma,2011-10-17
1320,S21W76,-21,76,115,10,Axx,2,2,Alpha,2011-10-17
1321,S14E37,-14,-37,2,10,Bxo,4,2,Beta,2011-10-17
1322,S27W64,-27,64,103,10,Bxo,5,4,Beta,2011-10-17
1312,N22W96,22,96,122,90,Hsx,4,1,Alpha,2011-10-18
1313,S16W81,-16,81,107,10,Bxo,4,2,Beta,2011-10-18
1314,N27W30,27,30,56,230,Cso,5,1,Beta,2011-10-18
1316,S12W25,-12,25,50,150,Dao,8,6,Beta,2011-10-18
1317,S27W11,-27,11,37,50,Hsx,2,1,Alpha,2011-10-18
1318,N19W70,19,70,96,30,Cso,3,2,Beta,2011-10-18
1319,N10W26,10,26,51,420,Eki,12,32,Beta-Gamma,2011-10-18
1321,S15E22,-15,-22,4,20,Cro,5,3,Beta,2011-10-18
1322,S27W78,-27,78,104,70,Cso,7,3,Beta,2011-10-18
1323,N23E52,23,-52,333,10,Axx,1,2,Alpha,2011-10-18
1324,N11E80,11,-80,306,90,Hax,3,2,Alpha,2011-10-18
1314,N26W43,26,43,55,240,Cso,6,4,Beta,2011-10-19
1316,S12W37,-12,37,49,140,Dao,8,7,Beta,2011-10-19
1317,S27W25,-27,25,37,50,Hsx,2,1,Alpha,2011-10-19
1318,N19W85,19,85,97,40,Cso,6,2,Beta,2011-10-19
1319,N11W39,11,39,51,280,Eki,12,19,Beta-Gamma,2011-10-19
1321,S14E09,-14,-9,3,30,Cao,5,6,Beta,2011-10-19
1322,S27W93,-27,93,105,30,Hsx,2,1,Alpha,2011-10-19
1323,N24E41,24,-41,331,20,Cso,7,2,Beta,2011-10-19
1324,N10E63,10,-63,308,110,Eai,12,12,Beta,2011-10-19
1314,N28W58,28,58,57,260,Hhx,3,1,Alpha,2011-10-20
1316,S12W49,-12,49,49,110,Dai,8,7,Beta,2011-10-20
1317,S27W37,-27,37,36,80,Hsx,2,1,Alpha,2011-10-20
1319,N10W53,10,53,52,330,Eki,12,16,Beta-Gamma,2011-10-20
1321,S14W03,-14,3,2,20,Cro,6,6,Beta,2011-10-20
1324,N12E55,12,-55,305,340,Fkc,16,26,Beta-Gamma,2011-10-20
1325,N16E82,16,-82,278,90,Hax,3,1,Alpha,2011-10-20
1314,N29W69,29,69,55,210,Hsx,4,1,Alpha,2011-10-21
1316,S12W62,-12,62,48,60,Dso,9,6,Beta,2011-10-21
1317,S26W51,-26,51,37,60,Hsx,2,1,Alpha,2011-10-21
1319,N11W66,11,66,52,330,Eho,11,10,Beta-Gamma,2011-10-21
1321,S14W18,-14,18,4,10,Bxo,6,4,Beta,2011-10-21
1324,N11E40,11,-40,305,360,Ekc,14,27,Beta-Gamma,2011-10-21
1325,N14E67,14,-67,279,270,Dko,8,4,Beta,2011-10-21
1326,N16W36,16,36,22,10,Cso,2,2,Beta,2011-10-21
1327,S22E10,-22,-10,336,10,Bxi,4,5,Beta,2011-10-21
1328,N18E23,18,-23,322,10,Bxo,1,1,Beta,2011-10-21
1314,N29W83,29,83,56,180,Hsx,3,1,Alpha,2011-10-22
1316,S11W77,-11,77,50,10,Bxo,5,2,Beta,2011-10-22
1317,S26W65,-26,65,38,70,Hsx,2,1,Alpha,2011-10-22
1319,N12W79,12,79,52,330,Eho,12,7,Beta-Gamma,2011-10-22
1321,S16W34,-16,34,7,10,Hrx,1,2,Alpha,2011-10-22
1324,N10E27,10,-27,306,290,Eac,12,34,Beta-Gamma,2011-10-22
1325,N15E54,15,-54,279,260,Dko,7,6,Beta,2011-10-22
1326,N16W48,16,48,22,30,Cso,3,3,Beta,2011-10-22
1327,S21W03,-21,3,336,100,Dao,6,8,Beta,2011-10-22
1328,N17E07,17,-7,325,40,Dao,4,6,Beta,2011-10-22
1329,S30W42,-30,42,15,50,Cso,3,4,Beta,2011-10-22
1314,N29W93,29,93,53,90,Hsx,4,1,Alpha,2011-10-23
1317,S25W77,-25,77,37,50,Hsx,2,1,Alpha,2011-10-23
1319,N13W89,13,89,49,40,Cso,1,5,Beta,2011-10-23
1323,N25W11,25,11,331,10,Axx,1,1,Alpha,2011-10-23
1324,N10E14,10,-14,306,280,Eac,15,28,Beta-Gamma,2011-10-23
1325,N15E43,15,-43,277,180,Dai,7,8,Beta,2011-10-23
1327,S21W15,-21,15,335,130,Dao,8,11,Beta,2011-10-23
1328,N17W06,17,6,326,10,Bxo,3,3,Beta,2011-10-23
1329,S29W55,-29,55,15,10,Axx,1,1,Alpha,2011-10-23
1330,N04E66,4,-66,254,210,Dso,5,5,Beta,2011-10-23
1324,N12W00,12,0,307,150,Eai,15,26,Beta-Gamma,2011-10-24
1325,N15E29,15,-29,278,180,Dao,7,8,Beta,2011-10-24
1327,S21W29,-21,29,336,130,Dao,8,11,Beta,2011-10-24
1330,N08E60,8,-60,247,210,Eao,13,5,Beta,2011-10-24
1331,N11W60,11,60,7,10,Bxo,6,2,Beta,2011-10-24
1324,N12W13,12,13,307,140,Eai,15,31,Beta-Gamma,2011-10-25
1325,N16E16,16,-16,278,150,Dso,7,11,Beta,2011-10-25
1327,S20W41,-20,41,335,200,Dso,8,5,Beta,2011-10-25
1330,N08E45,8,-45,249,560,Eko,14,13,Beta-Gamma,2011-10-25
1331,N09W73,9,73,7,30,Cso,5,4,Beta,2011-10-25
1332,N32E77,32,-77,217,30,Hsx,2,1,Alpha,2011-10-25
1324,N12W26,12,26,307,140,Eai,14,30,Beta-Gamma,2011-10-26
1325,N15E03,15,-3,278,100,Dso,8,11,Beta,2011-10-26
1327,S21W54,-21,54,335,80,Cso,5,4,Beta,2011-10-26
1330,N08E31,8,-31,250,450,Eho,14,12,Beta-Gamma,2011-10-26
1331,N08W86,8,86,7,30,Cro,5,3,Beta,2011-10-26
1332,N31E62,31,-62,219,60,Hsx,2,1,Alpha,2011-10-26
1324,N12W38,12,38,306,30,Dso,7,16,Beta,2011-10-27
1325,N17W12,17,12,280,30,Cso,5,6,Beta,2011-10-27
1327,S20W67,-20,67,335,60,Cso,11,3,Beta,2011-10-27
1330,N09E18,9,-18,250,500,Eko,14,15,Beta-Gamma,2011-10-27
1332,N31E49,31,-49,219,40,Hsx,2,1,Alpha,2011-10-27
1324,N12W52,12,52,306,50,Cso,6,3,Beta,2011-10-28
1325,N17W26,17,26,280,10,Axx,1,1,Alpha,2011-10-28
1327,S20W81,-20,81,335,60,Hsx,5,1,Alpha,2011-10-28
1330,N08E05,8,-5,249,460,Eko,15,9,Beta-Gamma,2011-10-28
1332,N31E35,31,-35,219,30,Hax,2,1,Alpha,2011-10-28
1333,N16E12,16,-12,242,90,Dai,6,10,Beta,2011-10-28
1324,N12W62,12,62,303,70,Dso,6,7,Beta,2011-10-29
1325,N16W40,16,40,280,10,Axx,1,1,Alpha,2011-10-29
1330,N04W09,4,9,249,450,Eho,14,18,Beta-Gamma,2011-10-29
1332,N31E22,31,-22,218,40,Hsx,2,2,Alpha,2011-10-29
1333,N15W02,15,2,243,50,Dso,6,13,Beta,2011-10-29
1324,N12W72,12,72,300,70,Hsx,3,1,Alpha,2011-10-30
1325,N17W52,17,52,279,10,Axx,1,1,Alpha,2011-10-30
1330,N07W22,7,22,249,400,Fho,16,18,Beta-Gamma,2011-10-30
1332,N31E10,31,-10,217,30,Hsx,1,1,Alpha,2011-10-30
1333,N15W17,15,17,244,20,Cro,3,2,Beta,2011-10-30
1324,N13W83,13,83,297,20,Cso,3,2,Beta,2011-10-31
1330,N08W35,8,35,249,380,Ehi,15,16,Beta-Gamma,2011-10-31
1332,N30W02,30,2,216,20,Hsx,1,1,Alpha,2011-10-31
1333,N15W32,15,32,246,10,Cro,2,2,Beta,2011-10-31
1334,N13E25,13,-25,188,70,Cso,6,9,Beta,2011-10-31
1330,N07W51,7,51,252,400,Eko,14,12,Beta-Gamma,2011-11-01
1332,N31W13,31,13,215,20,Hsx,1,1,Alpha,2011-11-01
1333,N10W45,10,45,245,10,Axx,2,2,Alpha,2011-11-01
1334,N12E11,12,-11,189,110,Cao,7,11,Beta,2011-11-01
1335,N19E16,19,-16,184,10,Bxo,4,2,Beta,2011-11-01
1336,N14E55,14,-55,145,10,Axx,1,1,Alpha,2011-11-01
1337,N17E66,17,-66,134,40,Hsx,3,1,Alpha,2011-11-01
1330,N06W65,6,65,253,350,Dko,10,7,Beta,2011-11-02
1332,N31W27,31,27,215,10,Axx,1,1,Alpha,2011-11-02
1333,N09W59,9,59,246,30,Cro,6,7,Beta,2011-11-02
1334,N12W03,12,3,190,120,Dso,8,9,Beta,2011-11-02
1335,N18E02,18,-2,185,10,Bxo,5,3,Beta,2011-11-02
1336,N13E39,13,-39,148,40,Cso,4,6,Beta,2011-11-02
1337,N17E51,17,-51,136,10,Bxo,3,2,Beta,2011-11-02
1338,S12E69,-12,-69,118,120,Dao,5,2,Beta,2011-11-02
1339,N22E71,22,-71,117,180,Dao,9,2,Beta,2011-11-02
1330,N05W82,5,82,256,210,Cso,5,2,Beta,2011-11-03
1332,N30W40,30,40,215,10,Axx,1,1,Alpha,2011-11-03
1333,N10W71,10,71,245,10,Bxo,6,3,Beta,2011-11-03
1334,N11W17,11,17,191,80,Cso,7,6,Beta,2011-11-03
1335,N17W11,17,11,185,10,Bxo,3,5,Beta,2011-11-03
1336,N12E26,12,-26,148,30,Dro,5,5,Beta,2011-11-03
1337,N17E38,17,-38,136,10,Bxo,2,3,Beta,2011-11-03
1338,S14E54,-14,-54,120,230,Dao,7,5,Beta,2011-11-03
1339,N18E63,18,-63,111,560,Dkc,8,4,Beta-Gamma,2011-11-03
1330,N08W95,8,95,256,50,Dso,4,2,Beta,2011-11-04
1332,N31W53,31,53,215,20,Hrx,1,1,Alpha,2011-11-04
1334,N12W34,12,34,195,70,Cso,3,3,Beta,2011-11-04
1335,N12W26,12,26,187,10,Bxo,2,3,Beta,2011-11-04
1336,N11E12,11,-12,149,20,Cso,3,8,Beta,2011-11-04
1337,N17E26,17,-26,135,40,Dso,5,7,Beta,2011-11-04
1338,S14E40,-14,-40,121,375,Ehi,11,20,Beta-Gamma,2011-11-04
1339,N18E57,18,-57,104,1400,Ekc,13,25,Beta-Gamma-Delta,2011-11-04
1334,N12W47,12,47,195,70,Hsx,2,2,Alpha,2011-11-05
1337,N18E14,18,-14,134,10,Bxo,4,3,Beta,2011-11-05
1338,S14E28,-14,-28,120,240,Dso,9,10,Beta,2011-11-05
1339,N19E45,19,-45,102,1540,Fkc,17,33,Beta-Gamma-Delta,2011-11-05
1334,N12W61,12,61,196,60,Hsx,1,1,Alpha,2011-11-06
1337,N18W00,18,0,135,0,Bxo,4,3,Beta,2011-11-06
1338,S14E14,-14,-14,120,220,Dso,10,8,Beta,2011-11-06
1339,N19E31,19,-31,103,1250,Ekc,15,31,Beta-Gamma-Delta,2011-11-06
1340,S09E61,-9,-61,73,80,Hsx,1,1,Alpha,2011-11-06
1341,N10E78,10,-78,58,100,Hsx,3,1,Alpha,2011-11-06
1342,N18E76,18,-76,60,110,Dso,10,8,Beta,2011-11-06
1334,N12W73,12,73,195,40,Hax,3,2,Alpha,2011-11-07
1338,S14E02,-14,-2,120,240,Dso,10,9,Beta,2011-11-07
1339,N20E20,20,-20,102,1230,Fkc,16,42,Beta-Gamma-Delta,2011-11-07
1340,S09E49,-9,-49,73,80,Cao,2,1,Beta,2011-11-07
1341,N08E66,8,-66,56,120,Hsx,3,1,Alpha,2011-11-07
1342,N18E62,18,-62,60,120,Dao,8,6,Beta,2011-11-07
1343,N29E76,29,-76,46,60,Hsx,4,1,Alpha,2011-11-07
1334,N12W87,12,87,196,40,Cso,2,2,Beta,2011-11-08
1338,S12W11,-12,11,120,240,Esi,11,16,Beta-Gamma,2011-11-08
1339,N19E05,19,-5,103,1240,Fkc,16,45,Beta-Gamma-Delta,2011-11-08
1340,S09E36,-9,-36,72,90,Hsx,2,1,Alpha,2011-11-08
1341,N10E55,10,-55,53,180,Cao,10,3,Beta,2011-11-08
1342,N17E47,17,-47,61,170,Eao,11,5,Beta,2011-11-08
1343,N27E62,27,-62,46,140,Hsx,2,1,Alpha,2011-11-08
1344,S22E06,-22,-6,102,0,Axx,1,1,Alpha,2011-11-08
1338,S14W25,-14,25,121,180,Esi,13,15,Beta,2011-11-09
1339,N19W08,19,8,104,940,Ekc,15,40,Beta-Gamma,2011-11-09
1340,S08E22,-8,-22,74,80,Hsx,2,1,Alpha,2011-11-09
1341,N11E41,11,-41,55,110,Dao,8,5,Beta,2011-11-09
1342,N18E34,18,-34,61,130,Eso,11,14,Beta,2011-11-09
1343,N28E49,28,-49,47,90,Hsx,2,1,Alpha,2011-11-09
1344,S22W07,-22,7,103,0,Axx,1,2,Alpha,2011-11-09
1336,N14W69,14,69,151,1,Axx,2,2,Alpha,2011-11-10
1337,N17W57,17,57,139,1,Axx,1,1,Alpha,2011-11-10
1338,S12W38,-12,38,121,230,Dso,8,11,Beta,2011-11-10
1339,N21W19,21,19,102,1030,Fkc,16,50,Beta-Gamma,2011-11-10
1340,S09E09,-9,-9,74,90,Hsx,2,1,Alpha,2011-11-10
1341,N18E28,18,-28,55,210,Dso,6,8,Beta,2011-11-10
1342,N17E22,17,-22,61,310,Eho,13,18,Beta,2011-11-10
1343,N27E37,27,-37,46,110,Hsx,2,1,Alpha,2011-11-10
1344,S22W19,-22,19,102,40,Dao,10,10,Beta,2011-11-10
1345,S25W01,-25,1,84,80,Cso,4,6,Beta,2011-11-10
1338,S13W51,-13,51,120,190,Cso,5,4,Beta,2011-11-11
1339,N19W33,19,33,102,1020,Fkc,16,45,Beta-Gamma,2011-11-11
1340,S09W04,-9,4,73,80,Hsx,2,1,Alpha,2011-11-11
1341,N08E14,8,-14,55,110,Cso,6,3,Beta,2011-11-11
1342,N15E15,15,-15,54,180,Cso,5,5,Beta,2011-11-11
1343,N27E23,27,-23,46,180,Hsx,2,1,Alpha,2011-11-11
1344,S19W31,-19,31,100,60,Cro,4,7,Beta,2011-11-11
1345,S25W16,-25,16,85,90,Dro,7,6,Beta,2011-11-11
1338,S13W68,-13,68,123,140,Dao,5,2,Beta,2011-11-12
1339,N18W48,18,48,103,590,Ekc,15,22,Beta-Gamma,2011-11-12
1340,S09W17,-9,17,72,80,Hsx,2,1,Alpha,2011-11-12
1341,N08E02,8,-2,53,90,Cso,8,7,Beta,2011-11-12
1342,N16W10,16,10,65,100,Cso,2,2,Beta,2011-11-12
1343,N26E12,26,-12,44,120,Hsx,2,1,Alpha,2011-11-12
1344,S18W45,-18,45,100,60,Dso,8,6,Beta,2011-11-12
1345,S26W29,-26,29,85,60,Dso,8,6,Beta,2011-11-12
1338,S14W79,-14,79,121,120,Dao,4,6,Beta,2011-11-13
1339,N18W62,18,62,104,650,Dac,9,26,Beta-Gamma,2011-11-13
1340,S09W31,-9,31,73,80,Hsx,2,1,Alpha,2011-11-13
1341,N11W14,11,14,56,80,Cso,4,4,Beta,2011-11-13
1342,N15W22,15,22,64,140,Hsx,2,2,Alpha,2011-11-13
1343,N27W01,27,1,44,140,Hsx,2,1,Alpha,2011-11-13
1344,S19W59,-19,59,101,200,Dai,10,22,Beta,2011-11-13
1345,S26W41,-26,41,84,70,Dso,9,2,Beta,2011-11-13
1346,S17E64,-17,-64,338,80,Hsx,2,1,Alpha,2011-11-13
1338,S13W91,-13,91,120,30,Cro,3,2,Beta,2011-11-14
1339,N19W75,19,75,104,360,Dai,8,11,Beta,2011-11-14
1340,S08W44,-8,44,73,80,Hsx,1,1,Alpha,2011-11-14
1341,N10W22,10,22,51,80,Cso,12,7,Beta,2011-11-14
1342,N16W34,16,34,63,150,Hsx,2,1,Alpha,2011-11-14
1343,N28W14,28,14,43,120,Hsx,2,1,Alpha,2011-11-14
1344,S18W73,-18,73,102,240,Esi,11,11,Beta,2011-11-14
1345,S25W54,-25,54,83,30,Cro,8,3,Beta,2011-11-14
1346,S21E57,-21,-57,331,110,Cso,12,2,Beta,2011-11-14
1347,N07E53,7,-53,346,30,Cro,4,3,Beta,2011-11-14
1339,N19W89,19,89,106,240,Dso,8,3,Beta,2011-11-15
1340,S08W57,-8,57,75,70,Hsx,2,1,Alpha,2011-11-15
1341,N09W35,9,35,52,70,Dso,10,7,Beta,2011-11-15
1342,N17W48,17,48,65,110,Hsx,2,1,Alpha,2011-11-15
1343,N28W26,28,26,43,70,Hsx,2,1,Alpha,2011-11-15
1344,S17W86,-17,86,103,60,Cso,8,3,Beta,2011-11-15
1345,S24W71,-24,71,89,10,Hsx,2,1,Alpha,2011-11-15
1346,S18E40,-18,-40,337,110,Cso,8,3,Beta,2011-11-15
1347,N08E28,8,-28,349,30,Cro,4,3,Beta,2011-11-15
1348,N20W70,20,70,87,60,Dso,10,12,Beta,2011-11-15
1349,N15W02,15,2,19,10,Bxo,3,3,Beta,2011-11-15
1350,N26E67,26,-67,310,40,Dso,7,3,Beta,2011-11-15
1351,S23E51,-23,-51,326,20,Bxo,4,5,Beta,2011-11-15
1340,S08W70,-8,70,74,70,Hsx,2,1,Alpha,2011-11-16
1341,N09W49,9,49,53,120,Dso,10,7,Beta,2011-11-16
1342,N17W62,17,62,66,110,Hsx,3,1,Alpha,2011-11-16
1343,N28W39,28,39,43,70,Hsx,2,1,Alpha,2011-11-16
1346,S18E27,-18,-27,337,120,Dso,4,5,Beta,2011-11-16
1347,N08E14,8,-14,350,30,Hax,4,2,Alpha,2011-11-16
1348,N20W84,20,84,88,120,Dso,8,5,Beta,2011-11-16
1349,N15W16,15,16,20,20,Cro,4,8,Beta,2011-11-16
1350,N26E53,26,-53,311,170,Dso,8,5,Beta,2011-11-16
1351,S24E37,-24,-37,327,10,Bxo,4,2,Beta,2011-11-16
1340,S08W83,-8,83,72,60,Hsx,2,1,Alpha,2011-11-17
1341,N09W64,9,64,54,130,Dso,9,5,Beta,2011-11-17
1342,N15W73,15,73,63,170,Hsx,3,1,Alpha,2011-11-17
1343,N28W51,28,51,42,90,Hsx,2,1,Alpha,2011-11-17
1346,S18E10,-18,-10,339,140,Dso,5,6,Beta,2011-11-17
1347,N09E04,9,-4,347,10,Axx,1,1,Alpha,2011-11-17
1349,N17W29,17,29,19,10,Bxo,5,3,Beta,2011-11-17
1350,N26E42,26,-42,308,140,Dso,7,4,Beta,2011-11-17
1352,S23E65,-23,-65,285,150,Cso,7,1,Beta,2011-11-17
1341,N09W76,9,76,53,80,Dso,9,3,Beta,2011-11-18
1342,N16W87,16,87,63,110,Hsx,3,1,Alpha,2011-11-18
1343,N27W64,27,64,41,50,Hsx,2,1,Alpha,2011-11-18
1346,S18W03,-18,3,339,60,Cso,4,3,Beta,2011-11-18
1347,N08W10,8,10,346,20,Hsx,0,1,Alpha,2011-11-18
1350,N26E29,26,-29,307,80,Dso,7,2,Beta,2011-11-18
1352,S24E53,-24,-53,283,140,Eso,12,3,Beta,2011-11-18
1353,N08E76,8,-76,261,30,Hsx,2,1,Alpha,2011-11-18
1354,S15E73,-15,-73,265,130,Dao,10,6,Beta,2011-11-18
1341,N08W91,8,91,55,10,Axx,1,1,Alpha,2011-11-19
1343,N28W76,28,76,40,50,Hsx,1,1,Alpha,2011-11-19
1346,S17W17,-17,17,341,80,Cso,5,7,Beta,2011-11-19
1347,N08W24,8,24,348,10,Axx,1,1,Alpha,2011-11-19
1350,N26E16,26,-16,308,70,Dso,8,7,Beta,2011-11-19
1351,S23W04,-23,4,328,10,Axx,3,4,Alpha,2011-11-19
1352,S23E41,-23,-41,283,170,Eso,11,4,Beta,2011-11-19
1353,N07E57,7,-57,266,30,Hrx,1,1,Alpha,2011-11-19
1354,S15E56,-15,-56,267,210,Dso,8,8,Beta,2011-11-19
1355,N14E73,14,-73,251,60,Cao,3,3,Beta,2011-11-19
1343,N27W87,27,87,38,40,Hsx,2,1,Alpha,2011-11-20
1346,S18W29,-18,29,340,60,Hsx,5,6,Alpha,2011-11-20
1347,N06W37,6,37,347,10,Axx,2,3,Alpha,2011-11-20
1349,N15W67,15,67,18,10,Bxo,3,2,Beta,2011-11-20
1350,N25E03,25,-3,308,40,Cso,7,4,Beta,2011-11-20
1351,S24W17,-24,17,328,10,Hrx,1,2,Alpha,2011-11-20
1352,S24E26,-24,-26,285,110,Cso,12,6,Beta,2011-11-20
1353,N07E44,7,-44,266,40,Hsx,2,1,Alpha,2011-11-20
1354,S17E44,-17,-44,267,220,Dsi,10,12,Beta,2011-11-20
1355,N14E58,14,-58,253,90,Hsx,2,1,Alpha,2011-11-20
1356,N14E81,14,-81,229,60,Hsx,5,1,Alpha,2011-11-20
1346,S18W44,-18,44,342,40,Cso,5,3,Beta,2011-11-21
1352,S25E15,-25,-15,282,120,Dso,9,7,Beta,2011-11-21
1353,N07E32,7,-32,265,20,Hsx,3,2,Alpha,2011-11-21
1354,S17E30,-17,-30,268,220,Dai,10,12,Beta-Gamma,2011-11-21
1355,N14E44,14,-44,254,90,Hsx,2,1,Alpha,2011-11-21
1356,N14E63,14,-63,234,110,Hsx,2,1,Alpha,2011-11-21
1357,N17W18,17,18,316,20,Dro,5,5,Beta,2011-11-21
1346,S17W56,-17,56,341,50,Cso,4,3,Beta,2011-11-22
1352,S24W00,-24,0,284,70,Cso,3,3,Beta,2011-11-22
1353,N07E17,7,-17,268,20,Cro,1,3,Beta,2011-11-22
1354,S16E17,-16,-17,268,80,Dso,8,7,Beta-Gamma,2011-11-22
1355,N15E32,15,-32,253,140,Cao,4,5,Beta,2011-11-22
1356,N15E55,15,-55,230,400,Ehc,11,6,Beta,2011-11-22
1357,N17W30,17,30,315,20,Cro,7,4,Beta,2011-11-22
1346,S16W68,-16,68,340,40,Cso,4,5,Beta,2011-11-23
1352,S25W13,-25,13,285,70,Cso,3,4,Beta,2011-11-23
1353,N08E05,8,-5,267,10,Axx,3,1,Alpha,2011-11-23
1354,S17E05,-17,-5,267,50,Cao,4,10,Beta,2011-11-23
1355,N14E19,14,-19,253,130,Dso,4,12,Beta,2011-11-23
1356,N15E42,15,-42,230,340,Fki,17,9,Beta-Gamma,2011-11-23
1357,N17W41,17,41,313,40,Cao,6,10,Beta,2011-11-23
1358,N20E80,20,-80,192,50,Hsx,1,1,Alpha,2011-11-23
1346,S15W82,-15,82,340,30,Cso,3,3,Beta,2011-11-24
1352,S25W27,-25,27,285,60,Hsx,2,1,Alpha,2011-11-24
1353,N08W10,8,10,267,10,Axx,2,2,Alpha,2011-11-24
1354,S17W09,-17,9,267,40,Cso,4,7,Beta,2011-11-24
1355,N14E06,14,-6,252,100,Cso,4,10,Beta,2011-11-24
1356,N15E28,15,-28,230,300,Eao,13,11,Beta-Gamma,2011-11-24
1357,N18W55,18,55,313,40,Dso,6,8,Beta,2011-11-24
1358,N19E63,19,-63,195,90,Hsx,2,1,Alpha,2011-11-24
1352,S26W39,-26,39,284,70,Hsx,3,1,Alpha,2011-11-25
1353,N07W23,7,23,267,10,Axx,2,1,Alpha,2011-11-25
1354,S17W23,-17,23,268,40,Dao,4,8,Beta,2011-11-25
1355,N10W06,10,6,250,120,Cso,7,12,Beta,2011-11-25
1356,N15E16,15,-16,229,310,Ehi,13,16,Beta-Gamma,2011-11-25
1357,N17W68,17,68,313,60,Dai,7,7,Beta,2011-11-25
1358,N19E53,19,-53,192,120,Dsi,8,7,Beta,2011-11-25
1359,N16W52,16,52,297,20,Cao,4,7,Beta,2011-11-25
1352,S24W52,-24,52,283,30,Hsx,1,1,Alpha,2011-11-26
1353,N08W35,8,35,266,10,Hsx,2,1,Alpha,2011-11-26
1354,S15W36,-15,36,267,25,Cso,6,5,Beta,2011-11-26
1355,N14W20,14,20,251,80,Hsx,2,2,Alpha,2011-11-26
1356,N16E03,16,-3,228,220,Esi,14,23,Beta,2011-11-26
1357,N18W83,18,83,314,60,Dso,7,6,Beta,2011-11-26
1358,N20E41,20,-41,190,170,Eai,11,19,Beta,2011-11-26
1359,N16W65,16,65,296,50,Dao,6,7,Beta,2011-11-26
1360,N17E17,17,-17,213,50,Cao,2,6,Beta,2011-11-26
1361,N19E59,19,-59,172,5,Axx,0,1,Alpha,2011-11-26
1352,S23W65,-23,65,283,40,Hsx,1,1,Alpha,2011-11-27
1353,N08W49,8,49,267,20,Cro,2,2,Beta,2011-11-27
1354,S16W50,-16,50,268,0,Axx,0,1,Alpha,2011-11-27
1355,N14W34,14,34,252,80,Hsx,2,1,Alpha,2011-11-27
1356,N16W10,16,10,228,190,Eso,12,5,Beta,2011-11-27
1358,N20E28,20,-28,190,220,Eao,11,9,Beta,2011-11-27
1359,N17W79,17,79,297,10,Cao,7,2,Beta,2011-11-27
1360,N17E03,17,-3,215,20,Cro,4,4,Beta,2011-11-27
1361,N19E46,19,-46,172,10,Cao,3,2,Beta,2011-11-27
1352,S23W77,-23,77,283,40,Hsx,0,1,Alpha,2011-11-28
1353,N08W62,8,62,267,10,Cro,0,3,Beta,2011-11-28
1355,N14W47,14,47,252,70,Hsx,2,3,Alpha,2011-11-28
1356,N16W23,16,23,228,170,Eso,13,7,Beta,2011-11-28
1358,N20E15,20,-15,190,210,Eai,11,16,Beta,2011-11-28
1360,N17W10,17,10,215,10,Cro,5,3,Beta,2011-11-28
1361,N19E34,19,-34,171,30,Dao,2,7,Beta,2011-11-28
1362,N08E76,8,-76,130,90,Cso,2,3,Beta,2011-11-28
1355,N14W60,14,60,252,50,Hsx,2,1,Alpha,2011-11-29
1356,N16W38,16,38,228,80,Eso,12,3,Beta,2011-11-29
1358,N20W00,20,0,192,80,Dso,7,9,Beta,2011-11-29
1360,N17W32,17,32,215,30,Dso,3,3,Beta,2011-11-29
1361,N18E21,18,-21,171,40,Dso,4,5,Beta,2011-11-29
1362,N07E60,7,-60,132,70,Cao,8,9,Beta,2011-11-29
1355,N14W73,14,73,251,40,Hsx,1,1,Alpha,2011-11-30
1356,N16W50,16,50,228,80,Eso,12,4,Beta,2011-11-30
1358,N20W12,20,12,190,130,Dsi,9,12,Beta,2011-11-30
1361,N18E07,18,-7,171,80,Dso,5,9,Beta-Gamma,2011-11-30
1362,N08E49,8,-49,129,110,Dso,8,8,Beta,2011-11-30
1363,S18E67,-18,-67,111,40,Hsx,2,1,Alpha,2011-11-30
1364,N17E73,17,-73,106,30,Hsx,2,1,Alpha,2011-11-30
1355,N15W87,15,87,252,60,Hsx,2,1,Alpha,2011-12-01
1356,N17W62,17,62,227,60,Eso,11,4,Beta,2011-12-01
1358,N22W24,22,24,189,120,Cso,10,8,Beta,2011-12-01
1361,N18W06,18,6,171,80,Dsi,8,17,Beta,2011-12-01
1362,N07E36,7,-36,129,130,Dsi,7,7,Beta,2011-12-01
1363,S19E55,-19,-55,111,110,Dso,6,3,Beta,2011-12-01
1364,N18E60,18,-60,105,60,Hsx,2,1,Alpha,2011-12-01
1356,N17W76,17,76,229,50,Cso,11,3,Beta,2011-12-02
1358,N21W38,21,38,190,90,Cso,11,3,Beta,2011-12-02
1361,N19W18,19,18,170,60,Dsi,8,7,Beta,2011-12-02
1362,N08E22,8,-22,130,180,Dai,9,10,Beta,2011-12-02
1363,S20E42,-20,-42,110,120,Dsi,8,5,Beta,2011-12-02
1364,N18E48,18,-48,104,40,Hsx,2,1,Alpha,2011-12-02
1358,N20W54,20,54,193,90,Cso,5,3,Beta,2011-12-03
1361,N20W32,20,32,171,60,Dso,6,7,Beta,2011-12-03
1362,N08E08,8,-8,130,170,Dsi,10,12,Beta,2011-12-03
1363,S20E29,-20,-29,110,250,Ehi,11,15,Beta,2011-12-03
1364,N19E34,19,-34,104,40,Cso,2,4,Beta,2011-12-03
1365,N20E13,20,-13,125,20,Cso,2,5,Beta,2011-12-03
1358,N19W68,19,68,194,50,Cso,3,3,Beta,2011-12-04
1361,N19W45,19,45,171,90,Dai,8,11,Beta,2011-12-04
1362,N08W06,8,6,131,220,Eso,11,16,Beta,2011-12-04
1363,S22E16,-22,-16,109,330,Ehi,11,29,Beta-Gamma,2011-12-04
1364,N18E20,18,-20,105,60,Hsx,2,1,Alpha,2011-12-04
1365,N20E01,20,-1,124,60,Dai,5,7,Beta,2011-12-04
1366,N17E65,17,-65,60,60,Hsx,2,1,Alpha,2011-12-04
1358,N20W82,20,82,195,40,Cso,1,3,Beta,2011-12-05
1361,N19W58,19,58,171,60,Dao,7,7,Beta,2011-12-05
1362,N08W18,8,18,131,180,Eso,11,17,Beta,2011-12-05
1363,S21E04,-21,-4,108,430,Eki,11,30,Beta-Gamma-Delta,2011-12-05
1364,N18E08,18,-8,105,50,Hsx,1,1,Alpha,2011-12-05
1365,N20W12,20,12,125,120,Dai,7,12,Beta,2011-12-05
1366,N17E51,17,-51,61,80,Hsx,2,1,Alpha,2011-12-05
1367,S18E36,-18,-36,77,0,Bxo,0,3,Beta,2011-12-05
1361,N18W71,18,71,170,90,Dai,8,10,Beta,2011-12-06
1362,N07W32,7,32,130,170,Dso,10,19,Beta,2011-12-06
1363,S21W09,-21,9,108,620,Eki,11,35,Beta-Gamma,2011-12-06
1364,N18W05,18,5,104,60,Hsx,2,1,Alpha,2011-12-06
1365,N19W26,19,26,125,110,Dai,6,16,Beta,2011-12-06
1366,N18E38,18,-38,61,70,Hsx,2,1,Alpha,2011-12-06
1367,S18E22,-18,-22,77,15,Dao,2,4,Beta,2011-12-06
1368,S18E58,-18,-58,42,20,Cao,2,5,Beta,2011-12-06
1369,N22E43,22,-43,57,20,Cao,2,4,Beta,2011-12-06
1361,N18W81,18,81,167,10,Bxo,5,2,Beta,2011-12-07
1362,N06W46,6,46,132,110,Eso,11,7,Beta-Gamma,2011-12-07
1363,S22W20,-22,20,106,340,Ehi,11,19,Beta-Gamma,2011-12-07
1364,N19W15,19,15,102,40,Hsx,1,1,Alpha,2011-12-07
1365,N21W38,21,38,124,20,Cso,7,13,Beta,2011-12-07
1366,N18E25,18,-25,61,80,Dso,5,2,Beta,2011-12-07
1367,S18E09,-18,-9,77,10,Bxo,5,3,Beta,2011-12-07
1368,S16E41,-16,-41,45,10,Bxo,3,3,Beta,2011-12-07
1369,N22E29,22,-29,58,10,Bxo,3,3,Beta,2011-12-07
1362,N06W59,6,59,132,180,Eso,11,3,Beta,2011-12-08
1363,S22W32,-22,32,105,400,Ehi,11,12,Beta,2011-12-08
1364,N18W30,18,30,103,60,Hsx,2,1,Alpha,2011-12-08
1365,N17W48,17,48,121,10,Axx,1,1,Alpha,2011-12-08
1366,N17E13,17,-13,60,70,Cso,5,2,Beta,2011-12-08
1367,S26W03,-26,3,76,10,Bxo,4,4,Beta,2011-12-08
1370,S24W03,-24,3,76,10,Bxo,3,6,Beta,2011-12-08
1371,N09E13,9,-13,60,10,Hrx,0,1,Alpha,2011-12-08
1372,N10E28,10,-28,45,0,Bxo,9,2,Beta,2011-12-08
1362,N07W72,7,72,131,60,Cso,9,3,Beta,2011-12-09
1363,S21W47,-21,47,107,270,Dho,10,7,Beta,2011-12-09
1364,N17W43,17,43,103,60,Dso,4,5,Beta,2011-12-09
1365,N16W77,16,77,124,70,Cso,2,2,Beta,2011-12-09
1366,N18E01,18,-1,59,40,Cso,5,2,Beta,2011-12-09
1367,S26W15,-26,15,75,30,Cso,5,3,Beta,2011-12-09
1371,N09W01,9,1,62,10,Hrx,0,1,Alpha,2011-12-09
1372,N10E14,10,-14,47,0,Bxo,9,2,Beta,2011-12-09
1373,S30W39,-30,39,99,20,Dro,4,2,Beta,2011-12-09
1374,S16E68,-16,-68,351,150,Cso,3,2,Beta,2011-12-09
1375,N08E70,8,-70,354,10,Bxo,3,3,Beta,2011-12-09
1362,N07W85,7,85,131,60,Hsx,7,1,Alpha,2011-12-10
1363,S20W62,-20,62,109,280,Dho,8,3,Beta,2011-12-10
1364,N17W57,17,57,104,80,Cso,4,3,Beta,2011-12-10
1365,N16W91,16,91,138,120,Hsx,10,1,Alpha,2011-12-10
1366,N18W13,18,13,60,50,Cso,7,2,Beta,2011-12-10
1372,N08E03,8,-3,43,40,Dso,4,6,Beta,2011-12-10
1373,S31W51,-31,51,98,20,Bxo,6,5,Beta,2011-12-10
1374,S17E54,-17,-54,353,160,Hsx,3,2,Alpha,2011-12-10
1375,N09E52,9,-52,356,70,Cso,6,3,Beta,2011-12-10
1363,S20W74,-20,74,108,250,Hhx,6,1,Alpha,2011-12-11
1364,N18W71,18,71,105,50,Cso,4,2,Beta,2011-12-11
1366,N18W27,18,27,61,50,Hsx,3,1,Alpha,2011-12-11
1367,S18W47,-18,47,81,10,Hsx,2,1,Alpha,2011-12-11
1372,N08W10,8,10,44,40,Dso,6,9,Beta,2011-12-11
1374,S17E41,-17,-41,353,140,Hsx,3,2,Alpha,2011-12-11
1375,N09E39,9,-39,355,80,Cso,7,4,Beta,2011-12-11
1363,S24W85,-24,85,106,250,Hhx,3,3,Alpha,2011-12-12
1364,N18W82,18,82,103,50,Hsx,2,1,Alpha,2011-12-12
1366,N18W40,18,40,61,60,Hsx,3,1,Alpha,2011-12-12
1367,S18W61,-18,61,82,10,Bxo,4,4,Beta,2011-12-12
1372,N08W22,8,22,43,10,Bxo,7,6,Beta,2011-12-12
1374,S17E29,-17,-29,352,210,Dso,3,9,Beta,2011-12-12
1375,N09E25,9,-25,356,140,Cso,5,9,Beta,2011-12-12
1366,N18W55,18,55,62,50,Hsx,2,1,Alpha,2011-12-13
1372,N10W36,10,36,43,10,Bxo,6,6,Beta,2011-12-13
1374,S17E15,-17,-15,352,150,Dso,4,6,Beta-Delta,2011-12-13
1375,N08E11,8,-11,356,70,Cso,4,4,Beta,2011-12-13
1366,N17W67,17,67,61,50,Hsx,1,1,Alpha,2011-12-14
1367,S18W89,-18,89,83,20,Hrx,1,1,Alpha,2011-12-14
1372,N08W49,8,49,43,10,Bxo,3,2,Beta,2011-12-14
1374,S18E01,-18,-1,353,140,Cao,4,7,Beta,2011-12-14
1375,N08W03,8,3,357,50,Cso,3,3,Beta,2011-12-14
1376,N21E52,21,-52,302,10,Bxo,10,3,Beta,2011-12-14
1366,N18W81,18,81,62,50,Hsx,2,1,Alpha,2011-12-15
1374,S18W11,-18,11,352,120,Dso,3,4,Beta,2011-12-15
1375,N08W16,8,16,357,40,Hsx,1,2,Alpha,2011-12-15
1376,N20E39,20,-39,301,10,Bxo,5,4,Beta,2011-12-15
1377,N12E43,12,-43,297,60,Dro,5,4,Beta,2011-12-15
1374,S18W25,-18,25,352,160,Dso,3,5,Beta,2011-12-16
1375,N08W30,8,30,358,50,Hsx,2,1,Alpha,2011-12-16
1377,N11E29,11,-29,298,70,Dso,6,8,Beta,2011-12-16
1374,S18W37,-18,37,351,100,Dso,3,4,Beta,2011-12-17
1375,N08W43,8,43,358,40,Hsx,1,1,Alpha,2011-12-17
1377,N12E15,12,-15,299,70,Dso,7,9,Beta,2011-12-17
1378,S17W09,-17,9,324,40,Dso,5,6,Beta,2011-12-17
1374,S18W50,-18,50,352,100,Cao,3,4,Beta,2011-12-18
1375,N08W57,8,57,358,30,Hsx,1,1,Alpha,2011-12-18
1376,N21W04,21,4,306,0,Axx,0,1,Alpha,2011-12-18
1377,N12E03,12,-3,298,50,Dso,8,9,Beta,2011-12-18
1378,S17W21,-17,21,323,10,Bxo,4,4,Beta,2011-12-18
1379,S29W22,-29,22,324,30,Cro,3,5,Beta,2011-12-18
1380,S20E70,-20,-70,232,30,Hrx,1,1,Alpha,2011-12-18
1374,S18W63,-18,63,351,80,Hsx,2,1,Alpha,2011-12-19
1375,N09W70,9,70,358,20,Hrx,1,1,Alpha,2011-12-19
1376,N20W18,20,18,306,20,Dro,2,3,Beta,2011-12-19
1377,N12W11,12,11,299,40,Dao,8,4,Beta,2011-12-19
1379,S29W33,-29,33,321,10,Axx,1,2,Alpha,2011-12-19
1380,S20E55,-20,-55,233,30,Hrx,2,2,Alpha,2011-12-19
1381,S18E19,-18,-19,268,40,Dao,3,5,Beta,2011-12-19
1382,S18E25,-18,-25,263,30,Dro,3,5,Beta,2011-12-19
1374,S18W76,-18,76,351,70,Hsx,2,1,Alpha,2011-12-20
1375,N08W83,8,83,357,40,Hsx,2,1,Alpha,2011-12-20
1376,N19W31,19,31,306,20,Cro,2,7,Beta,2011-12-20
1377,N13W24,13,24,298,20,Cro,7,3,Beta,2011-12-20
1379,S29W47,-29,47,322,20,Cro,4,3,Beta,2011-12-20
1380,S20E43,-20,-43,231,30,Cao,2,6,Beta,2011-12-20
1381,S18E10,-18,-10,265,80,Dai,4,9,Beta,2011-12-20
1382,S18E18,-18,-18,257,100,Dai,6,12,Beta,2011-12-20
1383,N04E68,4,-68,207,20,Hsx,0,1,Alpha,2011-12-20
1374,S19W90,-19,90,352,50,Hsx,2,1,Alpha,2011-12-21
1376,N19W46,19,46,308,40,Dai,4,14,Beta,2011-12-21
1377,N12W40,12,40,302,10,Bxo,1,3,Beta,2011-12-21
1380,S21E31,-21,-31,230,30,Cao,3,4,Beta,2011-12-21
1381,S17W01,-17,1,263,90,Dao,7,8,Beta,2011-12-21
1382,S19E06,-19,-6,256,120,Dai,3,13,Beta,2011-12-21
1383,N03E53,3,-53,208,40,Hsx,2,1,Alpha,2011-12-21
1384,N12E61,12,-61,201,90,Dao,4,4,Beta,2011-12-21
1376,N20W59,20,59,308,90,Dsi,8,11,Beta,2011-12-22
1381,S15W17,-15,17,265,70,Cso,4,7,Beta,2011-12-22
1382,S14W10,-14,10,258,140,Dsc,9,17,Beta,2011-12-22
1383,N04E39,4,-39,209,20,Hsx,1,1,Alpha,2011-12-22
1384,N14E52,14,-52,196,210,Cao,8,7,Beta,2011-12-22
1376,N18W72,18,72,308,440,Dko,10,13,Beta,2011-12-23
1381,S18W28,-18,28,264,180,Dai,9,15,Beta,2011-12-23
1382,S19W21,-19,21,257,50,Dai,4,9,Beta,2011-12-23
1383,N03E25,3,-25,209,20,Hrx,1,1,Alpha,2011-12-23
1384,N12E37,12,-37,198,300,Dko,9,17,Beta,2011-12-23
1376,N16W84,16,84,308,330,Dko,8,7,Beta,2011-12-24
1381,S20W44,-20,44,266,40,Dao,3,8,Beta,2011-12-24
1382,S18W35,-18,35,257,100,Dsi,7,15,Beta,2011-12-24
1383,N03E13,3,-13,209,10,Axx,2,3,Alpha,2011-12-24
1384,N13E25,13,-25,197,500,Dho,10,12,Beta,2011-12-24
1385,S31W02,-31,2,224,30,Dso,4,7,Beta,2011-12-24
1386,S16E72,-16,-72,150,30,Hsx,1,1,Alpha,2011-12-24
1381,S19W54,-19,54,264,150,Hsx,3,2,Alpha,2011-12-25
1382,S18W48,-18,48,257,30,Cso,7,8,Beta,2011-12-25
1383,N03W00,3,0,209,20,Cso,2,3,Beta,2011-12-25
1384,N13E12,13,-12,197,480,Eho,11,13,Beta,2011-12-25
1385,S32W16,-32,16,225,10,Bxo,6,2,Beta,2011-12-25
1386,S18E64,-18,-64,146,120,Dso,10,2,Beta,2011-12-25
1381,S18W68,-18,68,265,100,Cso,3,2,Beta,2011-12-26
1383,N03W14,3,14,211,10,Hsx,1,1,Alpha,2011-12-26
1384,N13W00,13,0,197,330,Dhi,10,7,Beta,2011-12-26
1386,S18E49,-18,-49,148,120,Dso,7,3,Beta,2011-12-26
1387,S22W28,-22,28,225,30,Dao,4,3,Beta,2011-12-26
1380,S21W53,-21,53,237,10,Bxo,2,3,Beta,2011-12-27
1381,S18W80,-18,80,263,120,Hsx,2,1,Alpha,2011-12-27
1383,N04W26,4,26,210,10,Bxo,0,2,Beta,2011-12-27
1384,N13W14,13,14,198,330,Dhi,10,10,Beta,2011-12-27
1385,S34W41,-34,41,225,10,Bxo,4,2,Beta,2011-12-27
1386,S17E37,-17,-37,147,200,Esi,12,18,Beta-Gamma,2011-12-27
1387,S22W42,-22,42,226,130,Dai,7,17,Beta-Gamma,2011-12-27
1380,S20W66,-20,66,236,10,Bxo,2,3,Beta,2011-12-28
1381,S18W93,-18,93,263,80,Hsx,2,1,Alpha,2011-12-28
1383,N04W40,4,40,210,0,Axx,1,1,Alpha,2011-12-28
1384,N12W27,12,27,197,350,Dho,9,9,Beta,2011-12-28
1385,S32W53,-32,53,223,10,Bxo,6,2,Beta,2011-12-28
1386,S18E22,-18,-22,148,200,Dai,9,12,Beta-Gamma,2011-12-28
1387,S21W57,-21,57,227,290,Dki,7,17,Beta-Gamma,2011-12-28
1388,S23E67,-23,-67,103,90,Hsx,2,1,Alpha,2011-12-28
1383,N04W55,4,55,212,5,Bxo,1,3,Beta,2011-12-29
1384,N12W42,12,42,198,350,Cko,8,10,Beta,2011-12-29
1386,S18E08,-18,-8,148,180,Dai,7,15,Beta-Gamma,2011-12-29
1387,S21W70,-21,70,226,290,Dki,10,14,Beta-Gamma,2011-12-29
1388,S24E55,-24,-55,102,100,Hsx,2,1,Alpha,2011-12-29
1389,S20E70,-20,-70,86,200,Dso,5,6,Beta,2011-12-29
1390,N09E44,9,-44,113,10,Bxo,2,3,Beta,2011-12-29
1383,N04W68,4,68,212,5,Hrx,0,1,Alpha,2011-12-30
1384,N12W55,12,55,199,340,Cko,7,5,Beta,2011-12-30
1386,S17W05,-17,5,149,140,Dsi,8,9,Beta-Gamma,2011-12-30
1387,S19W83,-19,83,227,170,Dao,9,5,Beta-Gamma,2011-12-30
1388,S23E41,-23,-41,103,70,Hsx,2,1,Alpha,2011-12-30
1389,S23E58,-23,-58,86,290,Eki,15,8,Beta,2011-12-30
1390,N08E29,8,-29,115,10,Cao,5,6,Beta,2011-12-30
1384,N12W70,12,70,200,310,Cho,4,3,Beta,2011-12-31
1386,S18W18,-18,18,148,100,Eso,11,12,Beta,2011-12-31
1388,S23E29,-23,-29,102,60,Hsx,3,1,Alpha,2011-12-31
1389,S23E44,-23,-44,87,500,Ekc,12,15,Beta-Gamma,2011-12-31
1390,N09E14,9,-14,116,40,Cso,7,8,Beta,2011-12-31
